lag,target_round,source_round,overlap,future_leakage_flag
3,4,1,1,0
3,5,2,1,0
3,6,3,1,0
3,7,4,1,0
3,8,5,0,0
3,9,6,0,0
3,10,7,2,0
3,11,8,1,0
3,12,9,2,0
3,13,10,1,0
3,14,11,0,0
3,15,12,0,0
3,16,13,2,0
3,17,14,0,0
3,18,15,1,0
3,19,16,3,0
3,20,17,0,0
3,21,18,2,0
3,22,19,2,0
3,23,20,1,0
3,24,21,0,0
3,25,22,1,0
3,26,23,2,0
3,27,24,1,0
3,28,25,0,0
3,29,26,1,0
3,30,27,1,0
3,31,28,4,0
3,32,29,1,0
3,33,30,0,0
3,34,31,2,0
3,35,32,0,0
3,36,33,1,0
3,37,34,2,0
3,38,35,2,0
3,39,36,0,0
3,40,37,1,0
3,41,38,1,0
3,42,39,1,0
3,43,40,0,0
3,44,41,1,0
3,45,42,0,0
3,46,43,2,0
3,47,44,1,0
3,48,45,1,0
3,49,46,0,0
3,50,47,0,0
3,51,48,1,0
3,52,49,2,0
3,53,50,0,0
3,54,51,0,0
3,55,52,0,0
3,56,53,2,0
3,57,54,0,0
3,58,55,2,0
3,59,56,0,0
3,60,57,1,0
3,61,58,0,0
3,62,59,1,0
3,63,60,1,0
3,64,61,2,0
3,65,62,0,0
3,66,63,1,0
3,67,64,2,0
3,68,65,0,0
3,69,66,0,0
3,70,67,0,0
3,71,68,2,0
3,72,69,0,0
3,73,70,1,0
3,74,71,0,0
3,75,72,1,0
3,76,73,1,0
3,77,74,1,0
3,78,75,0,0
3,79,76,1,0
3,80,77,1,0
3,81,78,2,0
3,82,79,2,0
3,83,80,1,0
3,84,81,0,0
3,85,82,0,0
3,86,83,0,0
3,87,84,3,0
3,88,85,0,0
3,89,86,0,0
3,90,87,0,0
3,91,88,2,0
3,92,89,1,0
3,93,90,2,0
3,94,91,0,0
3,95,92,0,0
3,96,93,1,0
3,97,94,0,0
3,98,95,0,0
3,99,96,2,0
3,100,97,1,0
3,101,98,1,0
3,102,99,0,0
3,103,100,0,0
3,104,101,2,0
3,105,102,0,0
3,106,103,0,0
3,107,104,0,0
3,108,105,0,0
3,109,106,0,0
3,110,107,0,0
3,111,108,2,0
3,112,109,1,0
3,113,110,0,0
3,114,111,0,0
3,115,112,0,0
3,116,113,1,0
3,117,114,0,0
3,118,115,0,0
3,119,116,0,0
3,120,117,1,0
3,121,118,0,0
3,122,119,2,0
3,123,120,0,0
3,124,121,0,0
3,125,122,1,0
3,126,123,1,0
3,127,124,1,0
3,128,125,1,0
3,129,126,0,0
3,130,127,0,0
3,131,128,0,0
3,132,129,1,0
3,133,130,1,0
3,134,131,0,0
3,135,132,0,0
3,136,133,0,0
3,137,134,1,0
3,138,135,2,0
3,139,136,0,0
3,140,137,0,0
3,141,138,0,0
3,142,139,0,0
3,143,140,1,0
3,144,141,0,0
3,145,142,1,0
3,146,143,2,0
3,147,144,1,0
3,148,145,0,0
3,149,146,3,0
3,150,147,0,0
3,151,148,0,0
3,152,149,1,0
3,153,150,0,0
3,154,151,1,0
3,155,152,0,0
3,156,153,0,0
3,157,154,2,0
3,158,155,0,0
3,159,156,3,0
3,160,157,1,0
3,161,158,1,0
3,162,159,2,0
3,163,160,1,0
3,164,161,0,0
3,165,162,1,0
3,166,163,0,0
3,167,164,1,0
3,168,165,1,0
3,169,166,2,0
3,170,167,0,0
3,171,168,0,0
3,172,169,0,0
3,173,170,0,0
3,174,171,1,0
3,175,172,2,0
3,176,173,3,0
3,177,174,1,0
3,178,175,0,0
3,179,176,1,0
3,180,177,0,0
3,181,178,1,0
3,182,179,0,0
3,183,180,2,0
3,184,181,0,0
3,185,182,0,0
3,186,183,0,0
3,187,184,2,0
3,188,185,1,0
3,189,186,2,0
3,190,187,2,0
3,191,188,1,0
3,192,189,3,0
3,193,190,2,0
3,194,191,0,0
3,195,192,0,0
3,196,193,1,0
3,197,194,0,0
3,198,195,1,0
3,199,196,1,0
3,200,197,0,0
3,201,198,0,0
3,202,199,1,0
3,203,200,0,0
3,204,201,1,0
3,205,202,0,0
3,206,203,2,0
3,207,204,2,0
3,208,205,0,0
3,209,206,2,0
3,210,207,1,0
3,211,208,0,0
3,212,209,1,0
3,213,210,0,0
3,214,211,1,0
3,215,212,0,0
3,216,213,0,0
3,217,214,1,0
3,218,215,1,0
3,219,216,0,0
3,220,217,0,0
3,221,218,0,0
3,222,219,0,0
3,223,220,0,0
3,224,221,0,0
3,225,222,1,0
3,226,223,0,0
3,227,224,2,0
3,228,225,1,0
3,229,226,0,0
3,230,227,1,0
3,231,228,1,0
3,232,229,1,0
3,233,230,0,0
3,234,231,0,0
3,235,232,0,0
3,236,233,2,0
3,237,234,2,0
3,238,235,1,0
3,239,236,1,0
3,240,237,0,0
3,241,238,2,0
3,242,239,0,0
3,243,240,0,0
3,244,241,1,0
3,245,242,1,0
3,246,243,0,0
3,247,244,1,0
3,248,245,1,0
3,249,246,0,0
3,250,247,0,0
3,251,248,1,0
3,252,249,1,0
3,253,250,1,0
3,254,251,1,0
3,255,252,0,0
3,256,253,0,0
3,257,254,0,0
3,258,255,1,0
3,259,256,2,0
3,260,257,1,0
3,261,258,1,0
3,262,259,0,0
3,263,260,2,0
3,264,261,1,0
3,265,262,1,0
3,266,263,0,0
3,267,264,2,0
3,268,265,0,0
3,269,266,1,0
3,270,267,0,0
3,271,268,1,0
3,272,269,1,0
3,273,270,0,0
3,274,271,0,0
3,275,272,0,0
3,276,273,0,0
3,277,274,2,0
3,278,275,0,0
3,279,276,0,0
3,280,277,1,0
3,281,278,2,0
3,282,279,1,0
3,283,280,0,0
3,284,281,0,0
3,285,282,0,0
3,286,283,0,0
3,287,284,1,0
3,288,285,1,0
3,289,286,1,0
3,290,287,0,0
3,291,288,0,0
3,292,289,1,0
3,293,290,0,0
3,294,291,0,0
3,295,292,1,0
3,296,293,0,0
3,297,294,1,0
3,298,295,0,0
3,299,296,2,0
3,300,297,0,0
3,301,298,1,0
3,302,299,1,0
3,303,300,1,0
3,304,301,1,0
3,305,302,0,0
3,306,303,1,0
3,307,304,0,0
3,308,305,0,0
3,309,306,1,0
3,310,307,1,0
3,311,308,0,0
3,312,309,2,0
3,313,310,1,0
3,314,311,0,0
3,315,312,0,0
3,316,313,0,0
3,317,314,0,0
3,318,315,1,0
3,319,316,0,0
3,320,317,0,0
3,321,318,2,0
3,322,319,0,0
3,323,320,0,0
3,324,321,2,0
3,325,322,1,0
3,326,323,1,0
3,327,324,0,0
3,328,325,1,0
3,329,326,0,0
3,330,327,1,0
3,331,328,1,0
3,332,329,2,0
3,333,330,0,0
3,334,331,0,0
3,335,332,2,0
3,336,333,1,0
3,337,334,0,0
3,338,335,1,0
3,339,336,0,0
3,340,337,1,0
3,341,338,1,0
3,342,339,1,0
3,343,340,1,0
3,344,341,2,0
3,345,342,0,0
3,346,343,0,0
3,347,344,0,0
3,348,345,1,0
3,349,346,3,0
3,350,347,1,0
3,351,348,0,0
3,352,349,2,0
3,353,350,1,0
3,354,351,1,0
3,355,352,1,0
3,356,353,1,0
3,357,354,2,0
3,358,355,0,0
3,359,356,0,0
3,360,357,0,0
3,361,358,1,0
3,362,359,1,0
3,363,360,0,0
3,364,361,2,0
3,365,362,1,0
3,366,363,1,0
3,367,364,0,0
3,368,365,2,0
3,369,366,0,0
3,370,367,1,0
3,371,368,0,0
3,372,369,0,0
3,373,370,2,0
3,374,371,1,0
3,375,372,1,0
3,376,373,0,0
3,377,374,0,0
3,378,375,0,0
3,379,376,1,0
3,380,377,1,0
3,381,378,1,0
3,382,379,2,0
3,383,380,1,0
3,384,381,0,0
3,385,382,0,0
3,386,383,2,0
3,387,384,0,0
3,388,385,2,0
3,389,386,1,0
3,390,387,1,0
3,391,388,0,0
3,392,389,1,0
3,393,390,3,0
3,394,391,2,0
3,395,392,0,0
3,396,393,1,0
3,397,394,3,0
3,398,395,2,0
3,399,396,0,0
3,400,397,0,0
3,401,398,0,0
3,402,399,2,0
3,403,400,0,0
3,404,401,0,0
3,405,402,0,0
3,406,403,1,0
3,407,404,1,0
3,408,405,0,0
3,409,406,1,0
3,410,407,0,0
3,411,408,2,0
3,412,409,0,0
3,413,410,1,0
3,414,411,2,0
3,415,412,1,0
3,416,413,0,0
3,417,414,2,0
3,418,415,1,0
3,419,416,1,0
3,420,417,1,0
3,421,418,3,0
3,422,419,0,0
3,423,420,1,0
3,424,421,3,0
3,425,422,1,0
3,426,423,2,0
3,427,424,0,0
3,428,425,0,0
3,429,426,1,0
3,430,427,1,0
3,431,428,1,0
3,432,429,2,0
3,433,430,0,0
3,434,431,0,0
3,435,432,0,0
3,436,433,1,0
3,437,434,0,0
3,438,435,2,0
3,439,436,1,0
3,440,437,1,0
3,441,438,0,0
3,442,439,1,0
3,443,440,2,0
3,444,441,2,0
3,445,442,0,0
3,446,443,0,0
3,447,444,0,0
3,448,445,1,0
3,449,446,2,0
3,450,447,0,0
3,451,448,0,0
3,452,449,1,0
3,453,450,0,0
3,454,451,1,0
3,455,452,1,0
3,456,453,1,0
3,457,454,1,0
3,458,455,1,0
3,459,456,0,0
3,460,457,1,0
3,461,458,1,0
3,462,459,0,0
3,463,460,0,0
3,464,461,0,0
3,465,462,0,0
3,466,463,2,0
3,467,464,1,0
3,468,465,2,0
3,469,466,1,0
3,470,467,0,0
3,471,468,2,0
3,472,469,0,0
3,473,470,1,0
3,474,471,1,0
3,475,472,1,0
3,476,473,1,0
3,477,474,2,0
3,478,475,1,0
3,479,476,0,0
3,480,477,0,0
3,481,478,1,0
3,482,479,2,0
3,483,480,0,0
3,484,481,1,0
3,485,482,0,0
3,486,483,0,0
3,487,484,1,0
3,488,485,1,0
3,489,486,1,0
3,490,487,0,0
3,491,488,2,0
3,492,489,1,0
3,493,490,1,0
3,494,491,1,0
3,495,492,2,0
3,496,493,2,0
3,497,494,1,0
3,498,495,1,0
3,499,496,1,0
3,500,497,2,0
3,501,498,0,0
3,502,499,1,0
3,503,500,1,0
3,504,501,0,0
3,505,502,2,0
3,506,503,1,0
3,507,504,0,0
3,508,505,0,0
3,509,506,0,0
3,510,507,4,0
3,511,508,0,0
3,512,509,0,0
3,513,510,1,0
3,514,511,2,0
3,515,512,0,0
3,516,513,2,0
3,517,514,1,0
3,518,515,1,0
3,519,516,2,0
3,520,517,1,0
3,521,518,1,0
3,522,519,1,0
3,523,520,3,0
3,524,521,1,0
3,525,522,0,0
3,526,523,0,0
3,527,524,0,0
3,528,525,1,0
3,529,526,1,0
3,530,527,1,0
3,531,528,1,0
3,532,529,1,0
3,533,530,1,0
3,534,531,0,0
3,535,532,0,0
3,536,533,0,0
3,537,534,1,0
3,538,535,1,0
3,539,536,1,0
3,540,537,2,0
3,541,538,2,0
3,542,539,1,0
3,543,540,2,0
3,544,541,0,0
3,545,542,0,0
3,546,543,0,0
3,547,544,0,0
3,548,545,0,0
3,549,546,0,0
3,550,547,2,0
3,551,548,0,0
3,552,549,2,0
3,553,550,1,0
3,554,551,0,0
3,555,552,0,0
3,556,553,1,0
3,557,554,0,0
3,558,555,1,0
3,559,556,2,0
3,560,557,2,0
3,561,558,0,0
3,562,559,1,0
3,563,560,0,0
3,564,561,0,0
3,565,562,1,0
3,566,563,1,0
3,567,564,0,0
3,568,565,0,0
3,569,566,1,0
3,570,567,1,0
3,571,568,0,0
3,572,569,2,0
3,573,570,0,0
3,574,571,1,0
3,575,572,1,0
3,576,573,1,0
3,577,574,1,0
3,578,575,1,0
3,579,576,0,0
3,580,577,0,0
3,581,578,3,0
3,582,579,0,0
3,583,580,0,0
3,584,581,0,0
3,585,582,1,0
3,586,583,0,0
3,587,584,0,0
3,588,585,1,0
3,589,586,0,0
3,590,587,0,0
3,591,588,1,0
3,592,589,2,0
3,593,590,1,0
3,594,591,2,0
3,595,592,1,0
3,596,593,0,0
3,597,594,1,0
3,598,595,2,0
3,599,596,1,0
3,600,597,0,0
3,601,598,0,0
3,602,599,0,0
3,603,600,1,0
3,604,601,2,0
3,605,602,1,0
3,606,603,0,0
3,607,604,0,0
3,608,605,0,0
3,609,606,1,0
3,610,607,3,0
3,611,608,0,0
3,612,609,0,0
3,613,610,0,0
3,614,611,0,0
3,615,612,2,0
3,616,613,0,0
3,617,614,0,0
3,618,615,0,0
3,619,616,2,0
3,620,617,0,0
3,621,618,2,0
3,622,619,0,0
3,623,620,2,0
3,624,621,2,0
3,625,622,1,0
3,626,623,1,0
3,627,624,0,0
3,628,625,1,0
3,629,626,1,0
3,630,627,1,0
3,631,628,2,0
3,632,629,1,0
3,633,630,0,0
3,634,631,1,0
3,635,632,0,0
3,636,633,1,0
3,637,634,0,0
3,638,635,0,0
3,639,636,2,0
3,640,637,0,0
3,641,638,1,0
3,642,639,0,0
3,643,640,1,0
3,644,641,1,0
3,645,642,0,0
3,646,643,1,0
3,647,644,2,0
3,648,645,0,0
3,649,646,1,0
3,650,647,0,0
3,651,648,0,0
3,652,649,2,0
3,653,650,0,0
3,654,651,2,0
3,655,652,2,0
3,656,653,0,0
3,657,654,1,0
3,658,655,0,0
3,659,656,1,0
3,660,657,1,0
3,661,658,0,0
3,662,659,0,0
3,663,660,0,0
3,664,661,1,0
3,665,662,3,0
3,666,663,0,0
3,667,664,0,0
3,668,665,0,0
3,669,666,0,0
3,670,667,0,0
3,671,668,0,0
3,672,669,1,0
3,673,670,0,0
3,674,671,3,0
3,675,672,2,0
3,676,673,1,0
3,677,674,0,0
3,678,675,0,0
3,679,676,1,0
3,680,677,0,0
3,681,678,0,0
3,682,679,0,0
3,683,680,0,0
3,684,681,0,0
3,685,682,1,0
3,686,683,0,0
3,687,684,1,0
3,688,685,0,0
3,689,686,1,0
3,690,687,0,0
3,691,688,2,0
3,692,689,1,0
3,693,690,1,0
3,694,691,3,0
3,695,692,0,0
3,696,693,2,0
3,697,694,1,0
3,698,695,1,0
3,699,696,1,0
3,700,697,1,0
3,701,698,1,0
3,702,699,2,0
3,703,700,2,0
3,704,701,0,0
3,705,702,0,0
3,706,703,2,0
3,707,704,0,0
3,708,705,1,0
3,709,706,2,0
3,710,707,1,0
3,711,708,1,0
3,712,709,1,0
3,713,710,0,0
3,714,711,1,0
3,715,712,1,0
3,716,713,1,0
3,717,714,0,0
3,718,715,0,0
3,719,716,1,0
3,720,717,0,0
3,721,718,0,0
3,722,719,1,0
3,723,720,1,0
3,724,721,2,0
3,725,722,2,0
3,726,723,1,0
3,727,724,1,0
3,728,725,1,0
3,729,726,2,0
3,730,727,1,0
3,731,728,0,0
3,732,729,1,0
3,733,730,0,0
3,734,731,1,0
3,735,732,2,0
3,736,733,1,0
3,737,734,1,0
3,738,735,1,0
3,739,736,0,0
3,740,737,0,0
3,741,738,1,0
3,742,739,0,0
3,743,740,1,0
3,744,741,2,0
3,745,742,0,0
3,746,743,0,0
3,747,744,0,0
3,748,745,1,0
3,749,746,2,0
3,750,747,0,0
3,751,748,1,0
3,752,749,0,0
3,753,750,3,0
3,754,751,0,0
3,755,752,0,0
3,756,753,0,0
3,757,754,1,0
3,758,755,1,0
3,759,756,0,0
3,760,757,0,0
3,761,758,0,0
3,762,759,0,0
3,763,760,1,0
3,764,761,2,0
3,765,762,3,0
3,766,763,1,0
3,767,764,2,0
3,768,765,0,0
3,769,766,1,0
3,770,767,0,0
3,771,768,1,0
3,772,769,3,0
3,773,770,1,0
3,774,771,1,0
3,775,772,1,0
3,776,773,2,0
3,777,774,2,0
3,778,775,0,0
3,779,776,0,0
3,780,777,2,0
3,781,778,0,0
3,782,779,2,0
3,783,780,3,0
3,784,781,2,0
3,785,782,1,0
3,786,783,2,0
3,787,784,0,0
3,788,785,0,0
3,789,786,1,0
3,790,787,1,0
3,791,788,2,0
3,792,789,3,0
3,793,790,0,0
3,794,791,0,0
3,795,792,0,0
3,796,793,1,0
3,797,794,0,0
3,798,795,1,0
3,799,796,0,0
3,800,797,1,0
3,801,798,0,0
3,802,799,2,0
3,803,800,0,0
3,804,801,0,0
3,805,802,2,0
3,806,803,1,0
3,807,804,1,0
3,808,805,2,0
3,809,806,1,0
3,810,807,1,0
3,811,808,1,0
3,812,809,0,0
3,813,810,0,0
3,814,811,2,0
3,815,812,0,0
3,816,813,0,0
3,817,814,0,0
3,818,815,1,0
3,819,816,0,0
3,820,817,0,0
3,821,818,1,0
3,822,819,0,0
3,823,820,0,0
3,824,821,2,0
3,825,822,0,0
3,826,823,1,0
3,827,824,1,0
3,828,825,1,0
3,829,826,0,0
3,830,827,1,0
3,831,828,2,0
3,832,829,1,0
3,833,830,1,0
3,834,831,0,0
3,835,832,1,0
3,836,833,0,0
3,837,834,0,0
3,838,835,2,0
3,839,836,2,0
3,840,837,2,0
3,841,838,3,0
3,842,839,0,0
3,843,840,0,0
3,844,841,1,0
3,845,842,0,0
3,846,843,1,0
3,847,844,0,0
3,848,845,2,0
3,849,846,1,0
3,850,847,2,0
3,851,848,1,0
3,852,849,1,0
3,853,850,0,0
3,854,851,1,0
3,855,852,1,0
3,856,853,1,0
3,857,854,0,0
3,858,855,1,0
3,859,856,1,0
3,860,857,0,0
3,861,858,0,0
3,862,859,1,0
3,863,860,0,0
3,864,861,1,0
3,865,862,0,0
3,866,863,1,0
3,867,864,0,0
3,868,865,0,0
3,869,866,2,0
3,870,867,1,0
3,871,868,1,0
3,872,869,1,0
3,873,870,0,0
3,874,871,0,0
3,875,872,1,0
3,876,873,1,0
3,877,874,1,0
3,878,875,0,0
3,879,876,0,0
3,880,877,2,0
3,881,878,0,0
3,882,879,0,0
3,883,880,0,0
3,884,881,1,0
3,885,882,2,0
3,886,883,1,0
3,887,884,2,0
3,888,885,1,0
3,889,886,1,0
3,890,887,1,0
3,891,888,1,0
3,892,889,1,0
3,893,890,1,0
3,894,891,1,0
3,895,892,1,0
3,896,893,1,0
3,897,894,0,0
3,898,895,0,0
3,899,896,0,0
3,900,897,1,0
3,901,898,1,0
3,902,899,2,0
3,903,900,1,0
3,904,901,0,0
3,905,902,0,0
3,906,903,2,0
3,907,904,0,0
3,908,905,2,0
3,909,906,0,0
3,910,907,1,0
3,911,908,0,0
3,912,909,0,0
3,913,910,1,0
3,914,911,1,0
3,915,912,1,0
3,916,913,2,0
3,917,914,1,0
3,918,915,1,0
3,919,916,0,0
3,920,917,2,0
3,921,918,2,0
3,922,919,1,0
3,923,920,1,0
3,924,921,0,0
3,925,922,1,0
3,926,923,1,0
3,927,924,1,0
3,928,925,0,0
3,929,926,0,0
3,930,927,1,0
3,931,928,0,0
3,932,929,1,0
3,933,930,0,0
3,934,931,0,0
3,935,932,1,0
3,936,933,1,0
3,937,934,0,0
3,938,935,2,0
3,939,936,1,0
3,940,937,1,0
3,941,938,0,0
3,942,939,1,0
3,943,940,0,0
3,944,941,0,0
3,945,942,1,0
3,946,943,0,0
3,947,944,0,0
3,948,945,1,0
3,949,946,1,0
3,950,947,1,0
3,951,948,2,0
3,952,949,0,0
3,953,950,1,0
3,954,951,1,0
3,955,952,2,0
3,956,953,0,0
3,957,954,0,0
3,958,955,1,0
3,959,956,1,0
3,960,957,1,0
3,961,958,0,0
3,962,959,1,0
3,963,960,0,0
3,964,961,0,0
3,965,962,1,0
3,966,963,1,0
3,967,964,2,0
3,968,965,1,0
3,969,966,1,0
3,970,967,0,0
3,971,968,1,0
3,972,969,1,0
3,973,970,0,0
3,974,971,1,0
3,975,972,1,0
3,976,973,1,0
3,977,974,2,0
3,978,975,1,0
3,979,976,0,0
3,980,977,0,0
3,981,978,0,0
3,982,979,2,0
3,983,980,3,0
3,984,981,2,0
3,985,982,2,0
3,986,983,0,0
3,987,984,1,0
3,988,985,1,0
3,989,986,0,0
3,990,987,2,0
3,991,988,2,0
3,992,989,1,0
3,993,990,0,0
3,994,991,0,0
3,995,992,0,0
3,996,993,2,0
3,997,994,1,0
3,998,995,1,0
3,999,996,0,0
3,1000,997,0,0
3,1001,998,2,0
3,1002,999,0,0
3,1003,1000,0,0
3,1004,1001,0,0
3,1005,1002,0,0
3,1006,1003,0,0
3,1007,1004,0,0
3,1008,1005,0,0
3,1009,1006,1,0
3,1010,1007,1,0
3,1011,1008,1,0
3,1012,1009,0,0
3,1013,1010,2,0
3,1014,1011,1,0
3,1015,1012,0,0
3,1016,1013,3,0
3,1017,1014,1,0
3,1018,1015,1,0
3,1019,1016,1,0
3,1020,1017,1,0
3,1021,1018,1,0
3,1022,1019,0,0
3,1023,1020,1,0
3,1024,1021,0,0
3,1025,1022,1,0
3,1026,1023,0,0
3,1027,1024,0,0
3,1028,1025,0,0
3,1029,1026,3,0
3,1030,1027,0,0
3,1031,1028,2,0
3,1032,1029,1,0
3,1033,1030,1,0
3,1034,1031,1,0
3,1035,1032,1,0
3,1036,1033,0,0
3,1037,1034,1,0
3,1038,1035,0,0
3,1039,1036,1,0
3,1040,1037,0,0
3,1041,1038,1,0
3,1042,1039,0,0
3,1043,1040,2,0
3,1044,1041,1,0
3,1045,1042,2,0
3,1046,1043,0,0
3,1047,1044,1,0
3,1048,1045,2,0
3,1049,1046,0,0
3,1050,1047,0,0
3,1051,1048,2,0
3,1052,1049,1,0
3,1053,1050,0,0
3,1054,1051,1,0
3,1055,1052,0,0
3,1056,1053,1,0
3,1057,1054,3,0
3,1058,1055,0,0
3,1059,1056,0,0
3,1060,1057,1,0
3,1061,1058,0,0
3,1062,1059,1,0
3,1063,1060,3,0
3,1064,1061,1,0
3,1065,1062,2,0
3,1066,1063,1,0
3,1067,1064,0,0
3,1068,1065,1,0
3,1069,1066,0,0
3,1070,1067,0,0
3,1071,1068,1,0
3,1072,1069,1,0
3,1073,1070,2,0
3,1074,1071,1,0
3,1075,1072,1,0
3,1076,1073,0,0
3,1077,1074,0,0
3,1078,1075,0,0
3,1079,1076,1,0
3,1080,1077,0,0
3,1081,1078,1,0
3,1082,1079,0,0
3,1083,1080,0,0
3,1084,1081,0,0
3,1085,1082,0,0
3,1086,1083,0,0
3,1087,1084,1,0
3,1088,1085,1,0
3,1089,1086,0,0
3,1090,1087,1,0
3,1091,1088,1,0
3,1092,1089,1,0
3,1093,1090,0,0
3,1094,1091,1,0
3,1095,1092,0,0
3,1096,1093,1,0
3,1097,1094,1,0
3,1098,1095,0,0
3,1099,1096,1,0
3,1100,1097,0,0
3,1101,1098,0,0
3,1102,1099,1,0
3,1103,1100,2,0
3,1104,1101,1,0
3,1105,1102,1,0
3,1106,1103,1,0
3,1107,1104,1,0
3,1108,1105,2,0
3,1109,1106,0,0
3,1110,1107,1,0
3,1111,1108,0,0
3,1112,1109,0,0
3,1113,1110,2,0
3,1114,1111,1,0
3,1115,1112,1,0
3,1116,1113,0,0
3,1117,1114,1,0
3,1118,1115,0,0
3,1119,1116,0,0
3,1120,1117,0,0
3,1121,1118,0,0
3,1122,1119,0,0
3,1123,1120,1,0
3,1124,1121,0,0
3,1125,1122,1,0
3,1126,1123,0,0
3,1127,1124,1,0
3,1128,1125,1,0
3,1129,1126,2,0
3,1130,1127,1,0
3,1131,1128,1,0
3,1132,1129,2,0
3,1133,1130,1,0
3,1134,1131,0,0
3,1135,1132,2,0
3,1136,1133,0,0
3,1137,1134,1,0
3,1138,1135,1,0
3,1139,1136,0,0
3,1140,1137,0,0
3,1141,1138,0,0
3,1142,1139,2,0
3,1143,1140,1,0
3,1144,1141,2,0
3,1145,1142,2,0
3,1146,1143,1,0
3,1147,1144,1,0
3,1148,1145,0,0
3,1149,1146,1,0
3,1150,1147,0,0
3,1151,1148,2,0
3,1152,1149,2,0
3,1153,1150,2,0
3,1154,1151,0,0
3,1155,1152,1,0
3,1156,1153,0,0
3,1157,1154,1,0
3,1158,1155,3,0
3,1159,1156,1,0
3,1160,1157,1,0
3,1161,1158,0,0
3,1162,1159,1,0
3,1163,1160,1,0
3,1164,1161,0,0
3,1165,1162,1,0
3,1166,1163,0,0
3,1167,1164,2,0
3,1168,1165,0,0
3,1169,1166,1,0
3,1170,1167,0,0
3,1171,1168,0,0
3,1172,1169,2,0
3,1173,1170,0,0
3,1174,1171,2,0
3,1175,1172,1,0
3,1176,1173,2,0
3,1177,1174,0,0
3,1178,1175,1,0
3,1179,1176,0,0
3,1180,1177,0,0
3,1181,1178,0,0
3,1182,1179,0,0
3,1183,1180,0,0
3,1184,1181,1,0
3,1185,1182,1,0
3,1186,1183,1,0
3,1187,1184,1,0
3,1188,1185,1,0
3,1189,1186,0,0
3,1190,1187,1,0
3,1191,1188,2,0
3,1192,1189,0,0
3,1193,1190,2,0
3,1194,1191,0,0
3,1195,1192,1,0
3,1196,1193,0,0
3,1197,1194,0,0
3,1198,1195,1,0
3,1199,1196,0,0
3,1200,1197,1,0
3,1201,1198,0,0
3,1202,1199,0,0
3,1203,1200,0,0
3,1204,1201,0,0
3,1205,1202,0,0
3,1206,1203,1,0
3,1207,1204,0,0
3,1208,1205,0,0
3,1209,1206,1,0
3,1210,1207,2,0
3,1211,1208,2,0
3,1212,1209,0,0
3,1213,1210,2,0
3,1214,1211,1,0
3,1215,1212,1,0
3,1216,1213,0,0
3,1217,1214,2,0
3,1218,1215,1,0
3,1219,1216,1,0
3,1220,1217,0,0
3,1221,1218,1,0
3,1222,1219,0,0
3,1223,1220,0,0
3,1224,1221,1,0
3,1225,1222,1,0
3,1226,1223,0,0
3,1227,1224,1,0
3,1228,1225,0,0
3,1229,1226,1,0
3,1230,1227,0,0
3,1231,1228,1,0
3,1232,1229,1,0
3,1233,1230,0,0
3,1234,1231,1,0
3,1235,1232,1,0
3,1236,1233,0,0
3,1237,1234,0,0
3,1238,1235,0,0
4,5,1,2,0
4,6,2,1,0
4,7,3,1,0
4,8,4,0,0
4,9,5,1,0
4,10,6,0,0
4,11,7,0,0
4,12,8,2,0
4,13,9,0,0
4,14,10,1,0
4,15,11,1,0
4,16,12,0,0
4,17,13,1,0
4,18,14,1,0
4,19,15,1,0
4,20,16,0,0
4,21,17,2,0
4,22,18,0,0
4,23,19,0,0
4,24,20,0,0
4,25,21,0,0
4,26,22,2,0
4,27,23,0,0
4,28,24,0,0
4,29,25,0,0
4,30,26,1,0
4,31,27,1,0
4,32,28,1,0
4,33,29,1,0
4,34,30,1,0
4,35,31,0,0
4,36,32,0,0
4,37,33,2,0
4,38,34,1,0
4,39,35,1,0
4,40,36,1,0
4,41,37,1,0
4,42,38,1,0
4,43,39,1,0
4,44,40,0,0
4,45,41,2,0
4,46,42,1,0
4,47,43,1,0
4,48,44,1,0
4,49,45,1,0
4,50,46,1,0
4,51,47,1,0
4,52,48,0,0
4,53,49,2,0
4,54,50,0,0
4,55,51,1,0
4,56,52,0,0
4,57,53,1,0
4,58,54,0,0
4,59,55,0,0
4,60,56,0,0
4,61,57,0,0
4,62,58,0,0
4,63,59,1,0
4,64,60,1,0
4,65,61,1,0
4,66,62,1,0
4,67,63,3,0
4,68,64,2,0
4,69,65,0,0
4,70,66,1,0
4,71,67,0,0
4,72,68,1,0
4,73,69,0,0
4,74,70,0,0
4,75,71,1,0
4,76,72,0,0
4,77,73,3,0
4,78,74,1,0
4,79,75,2,0
4,80,76,1,0
4,81,77,0,0
4,82,78,0,0
4,83,79,0,0
4,84,80,0,0
4,85,81,1,0
4,86,82,1,0
4,87,83,1,0
4,88,84,0,0
4,89,85,0,0
4,90,86,0,0
4,91,87,0,0
4,92,88,1,0
4,93,89,0,0
4,94,90,0,0
4,95,91,0,0
4,96,92,1,0
4,97,93,2,0
4,98,94,1,0
4,99,95,1,0
4,100,96,1,0
4,101,97,0,0
4,102,98,1,0
4,103,99,1,0
4,104,100,1,0
4,105,101,1,0
4,106,102,2,0
4,107,103,1,0
4,108,104,1,0
4,109,105,1,0
4,110,106,1,0
4,111,107,1,0
4,112,108,1,0
4,113,109,1,0
4,114,110,0,0
4,115,111,0,0
4,116,112,0,0
4,117,113,1,0
4,118,114,1,0
4,119,115,0,0
4,120,116,2,0
4,121,117,1,0
4,122,118,1,0
4,123,119,1,0
4,124,120,1,0
4,125,121,0,0
4,126,122,1,0
4,127,123,0,0
4,128,124,0,0
4,129,125,0,0
4,130,126,2,0
4,131,127,1,0
4,132,128,2,0
4,133,129,1,0
4,134,130,0,0
4,135,131,1,0
4,136,132,1,0
4,137,133,1,0
4,138,134,0,0
4,139,135,1,0
4,140,136,0,0
4,141,137,0,0
4,142,138,0,0
4,143,139,2,0
4,144,140,1,0
4,145,141,0,0
4,146,142,0,0
4,147,143,1,0
4,148,144,1,0
4,149,145,1,0
4,150,146,1,0
4,151,147,1,0
4,152,148,1,0
4,153,149,1,0
4,154,150,0,0
4,155,151,1,0
4,156,152,1,0
4,157,153,0,0
4,158,154,1,0
4,159,155,1,0
4,160,156,0,0
4,161,157,0,0
4,162,158,1,0
4,163,159,0,0
4,164,160,2,0
4,165,161,2,0
4,166,162,0,0
4,167,163,1,0
4,168,164,1,0
4,169,165,0,0
4,170,166,0,0
4,171,167,0,0
4,172,168,0,0
4,173,169,0,0
4,174,170,1,0
4,175,171,0,0
4,176,172,1,0
4,177,173,0,0
4,178,174,1,0
4,179,175,0,0
4,180,176,1,0
4,181,177,0,0
4,182,178,0,0
4,183,179,0,0
4,184,180,2,0
4,185,181,0,0
4,186,182,0,0
4,187,183,2,0
4,188,184,0,0
4,189,185,1,0
4,190,186,1,0
4,191,187,0,0
4,192,188,0,0
4,193,189,1,0
4,194,190,1,0
4,195,191,0,0
4,196,192,2,0
4,197,193,0,0
4,198,194,1,0
4,199,195,1,0
4,200,196,0,0
4,201,197,0,0
4,202,198,1,0
4,203,199,1,0
4,204,200,1,0
4,205,201,1,0
4,206,202,0,0
4,207,203,3,0
4,208,204,2,0
4,209,205,0,0
4,210,206,1,0
4,211,207,0,0
4,212,208,1,0
4,213,209,3,0
4,214,210,2,0
4,215,211,0,0
4,216,212,0,0
4,217,213,1,0
4,218,214,0,0
4,219,215,0,0
4,220,216,0,0
4,221,217,3,0
4,222,218,1,0
4,223,219,2,0
4,224,220,1,0
4,225,221,0,0
4,226,222,0,0
4,227,223,0,0
4,228,224,0,0
4,229,225,2,0
4,230,226,1,0
4,231,227,1,0
4,232,228,1,0
4,233,229,1,0
4,234,230,0,0
4,235,231,1,0
4,236,232,1,0
4,237,233,1,0
4,238,234,0,0
4,239,235,0,0
4,240,236,0,0
4,241,237,1,0
4,242,238,2,0
4,243,239,0,0
4,244,240,1,0
4,245,241,1,0
4,246,242,1,0
4,247,243,2,0
4,248,244,1,0
4,249,245,2,0
4,250,246,1,0
4,251,247,1,0
4,252,248,2,0
4,253,249,2,0
4,254,250,2,0
4,255,251,1,0
4,256,252,2,0
4,257,253,1,0
4,258,254,1,0
4,259,255,2,0
4,260,256,0,0
4,261,257,2,0
4,262,258,1,0
4,263,259,0,0
4,264,260,0,0
4,265,261,0,0
4,266,262,1,0
4,267,263,0,0
4,268,264,0,0
4,269,265,1,0
4,270,266,1,0
4,271,267,1,0
4,272,268,0,0
4,273,269,0,0
4,274,270,1,0
4,275,271,1,0
4,276,272,1,0
4,277,273,0,0
4,278,274,1,0
4,279,275,1,0
4,280,276,0,0
4,281,277,0,0
4,282,278,0,0
4,283,279,2,0
4,284,280,1,0
4,285,281,1,0
4,286,282,0,0
4,287,283,1,0
4,288,284,0,0
4,289,285,2,0
4,290,286,0,0
4,291,287,0,0
4,292,288,1,0
4,293,289,1,0
4,294,290,0,0
4,295,291,1,0
4,296,292,0,0
4,297,293,0,0
4,298,294,1,0
4,299,295,1,0
4,300,296,0,0
4,301,297,1,0
4,302,298,0,0
4,303,299,1,0
4,304,300,2,0
4,305,301,1,0
4,306,302,0,0
4,307,303,1,0
4,308,304,0,0
4,309,305,1,0
4,310,306,2,0
4,311,307,0,0
4,312,308,0,0
4,313,309,0,0
4,314,310,3,0
4,315,311,0,0
4,316,312,0,0
4,317,313,0,0
4,318,314,3,0
4,319,315,1,0
4,320,316,0,0
4,321,317,0,0
4,322,318,0,0
4,323,319,1,0
4,324,320,1,0
4,325,321,1,0
4,326,322,0,0
4,327,323,1,0
4,328,324,0,0
4,329,325,1,0
4,330,326,1,0
4,331,327,1,0
4,332,328,2,0
4,333,329,1,0
4,334,330,0,0
4,335,331,2,0
4,336,332,1,0
4,337,333,2,0
4,338,334,1,0
4,339,335,0,0
4,340,336,1,0
4,341,337,1,0
4,342,338,2,0
4,343,339,0,0
4,344,340,1,0
4,345,341,1,0
4,346,342,2,0
4,347,343,0,0
4,348,344,0,0
4,349,345,1,0
4,350,346,0,0
4,351,347,1,0
4,352,348,2,0
4,353,349,0,0
4,354,350,0,0
4,355,351,2,0
4,356,352,0,0
4,357,353,1,0
4,358,354,0,0
4,359,355,0,0
4,360,356,1,0
4,361,357,1,0
4,362,358,1,0
4,363,359,0,0
4,364,360,2,0
4,365,361,1,0
4,366,362,1,0
4,367,363,1,0
4,368,364,0,0
4,369,365,0,0
4,370,366,1,0
4,371,367,0,0
4,372,368,2,0
4,373,369,1,0
4,374,370,0,0
4,375,371,1,0
4,376,372,1,0
4,377,373,3,0
4,378,374,1,0
4,379,375,0,0
4,380,376,1,0
4,381,377,0,0
4,382,378,1,0
4,383,379,1,0
4,384,380,0,0
4,385,381,1,0
4,386,382,1,0
4,387,383,1,0
4,388,384,1,0
4,389,385,1,0
4,390,386,1,0
4,391,387,0,0
4,392,388,2,0
4,393,389,1,0
4,394,390,1,0
4,395,391,1,0
4,396,392,0,0
4,397,393,0,0
4,398,394,1,0
4,399,395,0,0
4,400,396,1,0
4,401,397,1,0
4,402,398,1,0
4,403,399,0,0
4,404,400,1,0
4,405,401,0,0
4,406,402,1,0
4,407,403,1,0
4,408,404,2,0
4,409,405,0,0
4,410,406,0,0
4,411,407,0,0
4,412,408,0,0
4,413,409,2,0
4,414,410,0,0
4,415,411,0,0
4,416,412,0,0
4,417,413,0,0
4,418,414,1,0
4,419,415,1,0
4,420,416,0,0
4,421,417,0,0
4,422,418,2,0
4,423,419,1,0
4,424,420,3,0
4,425,421,1,0
4,426,422,0,0
4,427,423,1,0
4,428,424,0,0
4,429,425,0,0
4,430,426,1,0
4,431,427,0,0
4,432,428,0,0
4,433,429,1,0
4,434,430,1,0
4,435,431,2,0
4,436,432,0,0
4,437,433,1,0
4,438,434,1,0
4,439,435,1,0
4,440,436,2,0
4,441,437,0,0
4,442,438,2,0
4,443,439,1,0
4,444,440,0,0
4,445,441,1,0
4,446,442,0,0
4,447,443,0,0
4,448,444,1,0
4,449,445,1,0
4,450,446,1,0
4,451,447,0,0
4,452,448,0,0
4,453,449,0,0
4,454,450,0,0
4,455,451,2,0
4,456,452,1,0
4,457,453,1,0
4,458,454,0,0
4,459,455,1,0
4,460,456,0,0
4,461,457,2,0
4,462,458,1,0
4,463,459,0,0
4,464,460,0,0
4,465,461,1,0
4,466,462,1,0
4,467,463,0,0
4,468,464,1,0
4,469,465,2,0
4,470,466,1,0
4,471,467,0,0
4,472,468,1,0
4,473,469,1,0
4,474,470,0,0
4,475,471,1,0
4,476,472,0,0
4,477,473,0,0
4,478,474,1,0
4,479,475,0,0
4,480,476,0,0
4,481,477,1,0
4,482,478,0,0
4,483,479,0,0
4,484,480,1,0
4,485,481,0,0
4,486,482,2,0
4,487,483,0,0
4,488,484,0,0
4,489,485,1,0
4,490,486,2,0
4,491,487,1,0
4,492,488,1,0
4,493,489,1,0
4,494,490,2,0
4,495,491,0,0
4,496,492,0,0
4,497,493,1,0
4,498,494,0,0
4,499,495,1,0
4,500,496,2,0
4,501,497,0,0
4,502,498,1,0
4,503,499,2,0
4,504,500,0,0
4,505,501,0,0
4,506,502,2,0
4,507,503,0,0
4,508,504,1,0
4,509,505,1,0
4,510,506,0,0
4,511,507,0,0
4,512,508,2,0
4,513,509,0,0
4,514,510,0,0
4,515,511,1,0
4,516,512,0,0
4,517,513,0,0
4,518,514,0,0
4,519,515,0,0
4,520,516,0,0
4,521,517,1,0
4,522,518,1,0
4,523,519,0,0
4,524,520,1,0
4,525,521,1,0
4,526,522,1,0
4,527,523,1,0
4,528,524,0,0
4,529,525,0,0
4,530,526,0,0
4,531,527,1,0
4,532,528,1,0
4,533,529,1,0
4,534,530,1,0
4,535,531,0,0
4,536,532,0,0
4,537,533,0,0
4,538,534,1,0
4,539,535,0,0
4,540,536,0,0
4,541,537,1,0
4,542,538,1,0
4,543,539,1,0
4,544,540,1,0
4,545,541,1,0
4,546,542,0,0
4,547,543,1,0
4,548,544,1,0
4,549,545,1,0
4,550,546,2,0
4,551,547,1,0
4,552,548,2,0
4,553,549,1,0
4,554,550,1,0
4,555,551,1,0
4,556,552,1,0
4,557,553,1,0
4,558,554,0,0
4,559,555,1,0
4,560,556,2,0
4,561,557,0,0
4,562,558,0,0
4,563,559,1,0
4,564,560,0,0
4,565,561,2,0
4,566,562,1,0
4,567,563,3,0
4,568,564,0,0
4,569,565,0,0
4,570,566,1,0
4,571,567,0,0
4,572,568,1,0
4,573,569,1,0
4,574,570,0,0
4,575,571,0,0
4,576,572,0,0
4,577,573,1,0
4,578,574,1,0
4,579,575,1,0
4,580,576,2,0
4,581,577,0,0
4,582,578,2,0
4,583,579,0,0
4,584,580,1,0
4,585,581,0,0
4,586,582,2,0
4,587,583,0,0
4,588,584,1,0
4,589,585,2,0
4,590,586,0,0
4,591,587,1,0
4,592,588,1,0
4,593,589,2,0
4,594,590,0,0
4,595,591,2,0
4,596,592,0,0
4,597,593,2,0
4,598,594,0,0
4,599,595,1,0
4,600,596,1,0
4,601,597,1,0
4,602,598,1,0
4,603,599,0,0
4,604,600,0,0
4,605,601,1,0
4,606,602,1,0
4,607,603,0,0
4,608,604,1,0
4,609,605,0,0
4,610,606,2,0
4,611,607,1,0
4,612,608,2,0
4,613,609,1,0
4,614,610,0,0
4,615,611,1,0
4,616,612,1,0
4,617,613,1,0
4,618,614,2,0
4,619,615,0,0
4,620,616,1,0
4,621,617,0,0
4,622,618,1,0
4,623,619,2,0
4,624,620,0,0
4,625,621,1,0
4,626,622,0,0
4,627,623,1,0
4,628,624,2,0
4,629,625,0,0
4,630,626,0,0
4,631,627,2,0
4,632,628,1,0
4,633,629,1,0
4,634,630,1,0
4,635,631,0,0
4,636,632,1,0
4,637,633,0,0
4,638,634,0,0
4,639,635,1,0
4,640,636,1,0
4,641,637,1,0
4,642,638,2,0
4,643,639,2,0
4,644,640,0,0
4,645,641,0,0
4,646,642,2,0
4,647,643,1,0
4,648,644,2,0
4,649,645,1,0
4,650,646,1,0
4,651,647,1,0
4,652,648,1,0
4,653,649,0,0
4,654,650,1,0
4,655,651,1,0
4,656,652,2,0
4,657,653,1,0
4,658,654,1,0
4,659,655,1,0
4,660,656,0,0
4,661,657,0,0
4,662,658,0,0
4,663,659,2,0
4,664,660,2,0
4,665,661,1,0
4,666,662,2,0
4,667,663,1,0
4,668,664,0,0
4,669,665,1,0
4,670,666,1,0
4,671,667,0,0
4,672,668,0,0
4,673,669,3,0
4,674,670,1,0
4,675,671,0,0
4,676,672,2,0
4,677,673,1,0
4,678,674,1,0
4,679,675,0,0
4,680,676,0,0
4,681,677,2,0
4,682,678,0,0
4,683,679,0,0
4,684,680,0,0
4,685,681,0,0
4,686,682,1,0
4,687,683,2,0
4,688,684,1,0
4,689,685,2,0
4,690,686,2,0
4,691,687,0,0
4,692,688,1,0
4,693,689,0,0
4,694,690,2,0
4,695,691,1,0
4,696,692,0,0
4,697,693,1,0
4,698,694,1,0
4,699,695,1,0
4,700,696,0,0
4,701,697,0,0
4,702,698,2,0
4,703,699,0,0
4,704,700,1,0
4,705,701,0,0
4,706,702,1,0
4,707,703,1,0
4,708,704,0,0
4,709,705,0,0
4,710,706,2,0
4,711,707,1,0
4,712,708,1,0
4,713,709,1,0
4,714,710,1,0
4,715,711,0,0
4,716,712,1,0
4,717,713,2,0
4,718,714,0,0
4,719,715,0,0
4,720,716,1,0
4,721,717,1,0
4,722,718,1,0
4,723,719,1,0
4,724,720,1,0
4,725,721,2,0
4,726,722,1,0
4,727,723,0,0
4,728,724,1,0
4,729,725,1,0
4,730,726,0,0
4,731,727,1,0
4,732,728,0,0
4,733,729,1,0
4,734,730,0,0
4,735,731,1,0
4,736,732,3,0
4,737,733,1,0
4,738,734,1,0
4,739,735,0,0
4,740,736,1,0
4,741,737,1,0
4,742,738,0,0
4,743,739,1,0
4,744,740,0,0
4,745,741,0,0
4,746,742,1,0
4,747,743,0,0
4,748,744,1,0
4,749,745,1,0
4,750,746,1,0
4,751,747,1,0
4,752,748,0,0
4,753,749,1,0
4,754,750,2,0
4,755,751,1,0
4,756,752,1,0
4,757,753,1,0
4,758,754,0,0
4,759,755,1,0
4,760,756,2,0
4,761,757,2,0
4,762,758,1,0
4,763,759,1,0
4,764,760,2,0
4,765,761,1,0
4,766,762,1,0
4,767,763,1,0
4,768,764,1,0
4,769,765,0,0
4,770,766,2,0
4,771,767,0,0
4,772,768,0,0
4,773,769,0,0
4,774,770,1,0
4,775,771,1,0
4,776,772,1,0
4,777,773,2,0
4,778,774,0,0
4,779,775,1,0
4,780,776,1,0
4,781,777,0,0
4,782,778,1,0
4,783,779,0,0
4,784,780,0,0
4,785,781,0,0
4,786,782,0,0
4,787,783,1,0
4,788,784,2,0
4,789,785,1,0
4,790,786,1,0
4,791,787,0,0
4,792,788,2,0
4,793,789,0,0
4,794,790,2,0
4,795,791,1,0
4,796,792,1,0
4,797,793,0,0
4,798,794,0,0
4,799,795,1,0
4,800,796,1,0
4,801,797,0,0
4,802,798,1,0
4,803,799,0,0
4,804,800,2,0
4,805,801,0,0
4,806,802,0,0
4,807,803,0,0
4,808,804,1,0
4,809,805,0,0
4,810,806,0,0
4,811,807,0,0
4,812,808,1,0
4,813,809,1,0
4,814,810,1,0
4,815,811,2,0
4,816,812,1,0
4,817,813,0,0
4,818,814,1,0
4,819,815,1,0
4,820,816,0,0
4,821,817,2,0
4,822,818,0,0
4,823,819,1,0
4,824,820,0,0
4,825,821,0,0
4,826,822,2,0
4,827,823,1,0
4,828,824,2,0
4,829,825,1,0
4,830,826,1,0
4,831,827,0,0
4,832,828,1,0
4,833,829,0,0
4,834,830,2,0
4,835,831,1,0
4,836,832,2,0
4,837,833,1,0
4,838,834,0,0
4,839,835,2,0
4,840,836,2,0
4,841,837,2,0
4,842,838,2,0
4,843,839,1,0
4,844,840,0,0
4,845,841,1,0
4,846,842,0,0
4,847,843,2,0
4,848,844,0,0
4,849,845,1,0
4,850,846,0,0
4,851,847,1,0
4,852,848,0,0
4,853,849,0,0
4,854,850,2,0
4,855,851,1,0
4,856,852,0,0
4,857,853,0,0
4,858,854,2,0
4,859,855,1,0
4,860,856,0,0
4,861,857,0,0
4,862,858,2,0
4,863,859,2,0
4,864,860,1,0
4,865,861,1,0
4,866,862,1,0
4,867,863,0,0
4,868,864,0,0
4,869,865,0,0
4,870,866,0,0
4,871,867,0,0
4,872,868,1,0
4,873,869,1,0
4,874,870,1,0
4,875,871,2,0
4,876,872,0,0
4,877,873,1,0
4,878,874,0,0
4,879,875,0,0
4,880,876,0,0
4,881,877,1,0
4,882,878,0,0
4,883,879,0,0
4,884,880,2,0
4,885,881,1,0
4,886,882,1,0
4,887,883,0,0
4,888,884,0,0
4,889,885,2,0
4,890,886,1,0
4,891,887,0,0
4,892,888,0,0
4,893,889,0,0
4,894,890,1,0
4,895,891,3,0
4,896,892,1,0
4,897,893,0,0
4,898,894,1,0
4,899,895,1,0
4,900,896,1,0
4,901,897,0,0
4,902,898,0,0
4,903,899,1,0
4,904,900,0,0
4,905,901,0,0
4,906,902,0,0
4,907,903,1,0
4,908,904,0,0
4,909,905,0,0
4,910,906,0,0
4,911,907,0,0
4,912,908,2,0
4,913,909,0,0
4,914,910,0,0
4,915,911,0,0
4,916,912,2,0
4,917,913,1,0
4,918,914,1,0
4,919,915,0,0
4,920,916,0,0
4,921,917,0,0
4,922,918,0,0
4,923,919,2,0
4,924,920,3,0
4,925,921,0,0
4,926,922,0,0
4,927,923,1,0
4,928,924,2,0
4,929,925,0,0
4,930,926,1,0
4,931,927,2,0
4,932,928,0,0
4,933,929,1,0
4,934,930,1,0
4,935,931,0,0
4,936,932,0,0
4,937,933,1,0
4,938,934,1,0
4,939,935,1,0
4,940,936,0,0
4,941,937,1,0
4,942,938,1,0
4,943,939,1,0
4,944,940,0,0
4,945,941,0,0
4,946,942,1,0
4,947,943,1,0
4,948,944,1,0
4,949,945,0,0
4,950,946,1,0
4,951,947,0,0
4,952,948,1,0
4,953,949,0,0
4,954,950,1,0
4,955,951,0,0
4,956,952,1,0
4,957,953,0,0
4,958,954,1,0
4,959,955,0,0
4,960,956,0,0
4,961,957,0,0
4,962,958,0,0
4,963,959,0,0
4,964,960,0,0
4,965,961,1,0
4,966,962,2,0
4,967,963,1,0
4,968,964,1,0
4,969,965,1,0
4,970,966,1,0
4,971,967,1,0
4,972,968,1,0
4,973,969,0,0
4,974,970,2,0
4,975,971,1,0
4,976,972,1,0
4,977,973,1,0
4,978,974,1,0
4,979,975,1,0
4,980,976,1,0
4,981,977,0,0
4,982,978,1,0
4,983,979,0,0
4,984,980,3,0
4,985,981,0,0
4,986,982,1,0
4,987,983,1,0
4,988,984,0,0
4,989,985,2,0
4,990,986,0,0
4,991,987,0,0
4,992,988,1,0
4,993,989,1,0
4,994,990,0,0
4,995,991,1,0
4,996,992,0,0
4,997,993,3,0
4,998,994,0,0
4,999,995,1,0
4,1000,996,1,0
4,1001,997,1,0
4,1002,998,2,0
4,1003,999,1,0
4,1004,1000,0,0
4,1005,1001,0,0
4,1006,1002,1,0
4,1007,1003,0,0
4,1008,1004,2,0
4,1009,1005,1,0
4,1010,1006,1,0
4,1011,1007,0,0
4,1012,1008,1,0
4,1013,1009,1,0
4,1014,1010,0,0
4,1015,1011,0,0
4,1016,1012,0,0
4,1017,1013,2,0
4,1018,1014,1,0
4,1019,1015,0,0
4,1020,1016,1,0
4,1021,1017,1,0
4,1022,1018,1,0
4,1023,1019,0,0
4,1024,1020,1,0
4,1025,1021,1,0
4,1026,1022,1,0
4,1027,1023,3,0
4,1028,1024,1,0
4,1029,1025,0,0
4,1030,1026,1,0
4,1031,1027,1,0
4,1032,1028,1,0
4,1033,1029,0,0
4,1034,1030,0,0
4,1035,1031,1,0
4,1036,1032,0,0
4,1037,1033,1,0
4,1038,1034,0,0
4,1039,1035,0,0
4,1040,1036,0,0
4,1041,1037,0,0
4,1042,1038,0,0
4,1043,1039,1,0
4,1044,1040,2,0
4,1045,1041,1,0
4,1046,1042,0,0
4,1047,1043,0,0
4,1048,1044,2,0
4,1049,1045,1,0
4,1050,1046,1,0
4,1051,1047,1,0
4,1052,1048,1,0
4,1053,1049,0,0
4,1054,1050,0,0
4,1055,1051,1,0
4,1056,1052,0,0
4,1057,1053,1,0
4,1058,1054,1,0
4,1059,1055,2,0
4,1060,1056,2,0
4,1061,1057,2,0
4,1062,1058,2,0
4,1063,1059,1,0
4,1064,1060,1,0
4,1065,1061,1,0
4,1066,1062,1,0
4,1067,1063,1,0
4,1068,1064,1,0
4,1069,1065,1,0
4,1070,1066,1,0
4,1071,1067,0,0
4,1072,1068,0,0
4,1073,1069,2,0
4,1074,1070,2,0
4,1075,1071,2,0
4,1076,1072,0,0
4,1077,1073,1,0
4,1078,1074,1,0
4,1079,1075,2,0
4,1080,1076,1,0
4,1081,1077,0,0
4,1082,1078,0,0
4,1083,1079,0,0
4,1084,1080,1,0
4,1085,1081,1,0
4,1086,1082,1,0
4,1087,1083,1,0
4,1088,1084,0,0
4,1089,1085,2,0
4,1090,1086,0,0
4,1091,1087,0,0
4,1092,1088,0,0
4,1093,1089,1,0
4,1094,1090,1,0
4,1095,1091,1,0
4,1096,1092,1,0
4,1097,1093,1,0
4,1098,1094,0,0
4,1099,1095,2,0
4,1100,1096,1,0
4,1101,1097,0,0
4,1102,1098,0,0
4,1103,1099,1,0
4,1104,1100,1,0
4,1105,1101,1,0
4,1106,1102,0,0
4,1107,1103,2,0
4,1108,1104,1,0
4,1109,1105,1,0
4,1110,1106,1,0
4,1111,1107,1,0
4,1112,1108,2,0
4,1113,1109,1,0
4,1114,1110,0,0
4,1115,1111,0,0
4,1116,1112,1,0
4,1117,1113,0,0
4,1118,1114,1,0
4,1119,1115,1,0
4,1120,1116,1,0
4,1121,1117,0,0
4,1122,1118,0,0
4,1123,1119,1,0
4,1124,1120,0,0
4,1125,1121,2,0
4,1126,1122,0,0
4,1127,1123,1,0
4,1128,1124,2,0
4,1129,1125,0,0
4,1130,1126,0,0
4,1131,1127,0,0
4,1132,1128,1,0
4,1133,1129,2,0
4,1134,1130,1,0
4,1135,1131,2,0
4,1136,1132,0,0
4,1137,1133,0,0
4,1138,1134,1,0
4,1139,1135,0,0
4,1140,1136,1,0
4,1141,1137,1,0
4,1142,1138,0,0
4,1143,1139,0,0
4,1144,1140,0,0
4,1145,1141,1,0
4,1146,1142,0,0
4,1147,1143,1,0
4,1148,1144,2,0
4,1149,1145,0,0
4,1150,1146,0,0
4,1151,1147,1,0
4,1152,1148,0,0
4,1153,1149,0,0
4,1154,1150,1,0
4,1155,1151,1,0
4,1156,1152,2,0
4,1157,1153,0,0
4,1158,1154,2,0
4,1159,1155,2,0
4,1160,1156,2,0
4,1161,1157,2,0
4,1162,1158,2,0
4,1163,1159,0,0
4,1164,1160,2,0
4,1165,1161,0,0
4,1166,1162,2,0
4,1167,1163,0,0
4,1168,1164,0,0
4,1169,1165,0,0
4,1170,1166,1,0
4,1171,1167,0,0
4,1172,1168,2,0
4,1173,1169,1,0
4,1174,1170,0,0
4,1175,1171,2,0
4,1176,1172,2,0
4,1177,1173,0,0
4,1178,1174,1,0
4,1179,1175,1,0
4,1180,1176,0,0
4,1181,1177,0,0
4,1182,1178,0,0
4,1183,1179,0,0
4,1184,1180,1,0
4,1185,1181,0,0
4,1186,1182,2,0
4,1187,1183,0,0
4,1188,1184,0,0
4,1189,1185,1,0
4,1190,1186,1,0
4,1191,1187,0,0
4,1192,1188,0,0
4,1193,1189,2,0
4,1194,1190,0,0
4,1195,1191,0,0
4,1196,1192,1,0
4,1197,1193,1,0
4,1198,1194,1,0
4,1199,1195,0,0
4,1200,1196,0,0
4,1201,1197,1,0
4,1202,1198,1,0
4,1203,1199,0,0
4,1204,1200,1,0
4,1205,1201,0,0
4,1206,1202,0,0
4,1207,1203,0,0
4,1208,1204,1,0
4,1209,1205,0,0
4,1210,1206,3,0
4,1211,1207,2,0
4,1212,1208,0,0
4,1213,1209,0,0
4,1214,1210,1,0
4,1215,1211,0,0
4,1216,1212,0,0
4,1217,1213,0,0
4,1218,1214,0,0
4,1219,1215,2,0
4,1220,1216,0,0
4,1221,1217,0,0
4,1222,1218,1,0
4,1223,1219,1,0
4,1224,1220,0,0
4,1225,1221,0,0
4,1226,1222,2,0
4,1227,1223,1,0
4,1228,1224,1,0
4,1229,1225,1,0
4,1230,1226,1,0
4,1231,1227,1,0
4,1232,1228,1,0
4,1233,1229,1,0
4,1234,1230,0,0
4,1235,1231,0,0
4,1236,1232,1,0
4,1237,1233,3,0
4,1238,1234,0,0
5,6,1,1,0
5,7,2,2,0
5,8,3,1,0
5,9,4,0,0
5,10,5,1,0
5,11,6,1,0
5,12,7,2,0
5,13,8,2,0
5,14,9,1,0
5,15,10,1,0
5,16,11,2,0
5,17,12,0,0
5,18,13,0,0
5,19,14,2,0
5,20,15,1,0
5,21,16,1,0
5,22,17,2,0
5,23,18,1,0
5,24,19,1,0
5,25,20,0,0
5,26,21,1,0
5,27,22,0,0
5,28,23,1,0
5,29,24,0,0
5,30,25,1,0
5,31,26,2,0
5,32,27,0,0
5,33,28,0,0
5,34,29,1,0
5,35,30,0,0
5,36,31,2,0
5,37,32,0,0
5,38,33,0,0
5,39,34,0,0
5,40,35,1,0
5,41,36,1,0
5,42,37,0,0
5,43,38,0,0
5,44,39,1,0
5,45,40,0,0
5,46,41,3,0
5,47,42,1,0
5,48,43,2,0
5,49,44,0,0
5,50,45,1,0
5,51,46,0,0
5,52,47,0,0
5,53,48,0,0
5,54,49,0,0
5,55,50,1,0
5,56,51,0,0
5,57,52,2,0
5,58,53,1,0
5,59,54,2,0
5,60,55,0,0
5,61,56,2,0
5,62,57,1,0
5,63,58,1,0
5,64,59,1,0
5,65,60,2,0
5,66,61,0,0
5,67,62,2,0
5,68,63,0,0
5,69,64,2,0
5,70,65,2,0
5,71,66,0,0
5,72,67,0,0
5,73,68,1,0
5,74,69,1,0
5,75,70,1,0
5,76,71,0,0
5,77,72,1,0
5,78,73,0,0
5,79,74,0,0
5,80,75,1,0
5,81,76,0,0
5,82,77,1,0
5,83,78,1,0
5,84,79,1,0
5,85,80,0,0
5,86,81,0,0
5,87,82,0,0
5,88,83,1,0
5,89,84,0,0
5,90,85,0,0
5,91,86,0,0
5,92,87,0,0
5,93,88,1,0
5,94,89,1,0
5,95,90,1,0
5,96,91,2,0
5,97,92,2,0
5,98,93,2,0
5,99,94,0,0
5,100,95,0,0
5,101,96,2,0
5,102,97,0,0
5,103,98,0,0
5,104,99,0,0
5,105,100,0,0
5,106,101,0,0
5,107,102,0,0
5,108,103,0,0
5,109,104,3,0
5,110,105,1,0
5,111,106,1,0
5,112,107,0,0
5,113,108,0,0
5,114,109,0,0
5,115,110,0,0
5,116,111,1,0
5,117,112,0,0
5,118,113,1,0
5,119,114,2,0
5,120,115,1,0
5,121,116,1,0
5,122,117,1,0
5,123,118,1,0
5,124,119,0,0
5,125,120,1,0
5,126,121,1,0
5,127,122,0,0
5,128,123,2,0
5,129,124,3,0
5,130,125,0,0
5,131,126,0,0
5,132,127,1,0
5,133,128,0,0
5,134,129,1,0
5,135,130,0,0
5,136,131,0,0
5,137,132,0,0
5,138,133,0,0
5,139,134,1,0
5,140,135,1,0
5,141,136,1,0
5,142,137,0,0
5,143,138,2,0
5,144,139,1,0
5,145,140,2,0
5,146,141,1,0
5,147,142,1,0
5,148,143,0,0
5,149,144,0,0
5,150,145,1,0
5,151,146,2,0
5,152,147,1,0
5,153,148,1,0
5,154,149,1,0
5,155,150,0,0
5,156,151,1,0
5,157,152,1,0
5,158,153,1,0
5,159,154,0,0
5,160,155,1,0
5,161,156,2,0
5,162,157,0,0
5,163,158,0,0
5,164,159,1,0
5,165,160,0,0
5,166,161,2,0
5,167,162,0,0
5,168,163,0,0
5,169,164,0,0
5,170,165,2,0
5,171,166,0,0
5,172,167,1,0
5,173,168,1,0
5,174,169,1,0
5,175,170,1,0
5,176,171,2,0
5,177,172,0,0
5,178,173,0,0
5,179,174,1,0
5,180,175,0,0
5,181,176,1,0
5,182,177,1,0
5,183,178,1,0
5,184,179,0,0
5,185,180,1,0
5,186,181,3,0
5,187,182,1,0
5,188,183,2,0
5,189,184,0,0
5,190,185,1,0
5,191,186,0,0
5,192,187,2,0
5,193,188,0,0
5,194,189,0,0
5,195,190,0,0
5,196,191,1,0
5,197,192,1,0
5,198,193,0,0
5,199,194,0,0
5,200,195,0,0
5,201,196,1,0
5,202,197,1,0
5,203,198,0,0
5,204,199,1,0
5,205,200,0,0
5,206,201,1,0
5,207,202,1,0
5,208,203,0,0
5,209,204,0,0
5,210,205,1,0
5,211,206,1,0
5,212,207,2,0
5,213,208,0,0
5,214,209,2,0
5,215,210,0,0
5,216,211,2,0
5,217,212,0,0
5,218,213,0,0
5,219,214,2,0
5,220,215,1,0
5,221,216,2,0
5,222,217,1,0
5,223,218,2,0
5,224,219,2,0
5,225,220,3,0
5,226,221,1,0
5,227,222,1,0
5,228,223,0,0
5,229,224,1,0
5,230,225,2,0
5,231,226,0,0
5,232,227,0,0
5,233,228,1,0
5,234,229,0,0
5,235,230,0,0
5,236,231,0,0
5,237,232,2,0
5,238,233,2,0
5,239,234,1,0
5,240,235,0,0
5,241,236,0,0
5,242,237,1,0
5,243,238,2,0
5,244,239,0,0
5,245,240,0,0
5,246,241,0,0
5,247,242,0,0
5,248,243,1,0
5,249,244,0,0
5,250,245,0,0
5,251,246,0,0
5,252,247,1,0
5,253,248,1,0
5,254,249,0,0
5,255,250,0,0
5,256,251,0,0
5,257,252,1,0
5,258,253,1,0
5,259,254,1,0
5,260,255,1,0
5,261,256,2,0
5,262,257,1,0
5,263,258,2,0
5,264,259,0,0
5,265,260,1,0
5,266,261,1,0
5,267,262,1,0
5,268,263,1,0
5,269,264,1,0
5,270,265,2,0
5,271,266,2,0
5,272,267,1,0
5,273,268,1,0
5,274,269,0,0
5,275,270,1,0
5,276,271,0,0
5,277,272,1,0
5,278,273,0,0
5,279,274,0,0
5,280,275,0,0
5,281,276,2,0
5,282,277,1,0
5,283,278,0,0
5,284,279,1,0
5,285,280,1,0
5,286,281,1,0
5,287,282,0,0
5,288,283,0,0
5,289,284,0,0
5,290,285,2,0
5,291,286,1,0
5,292,287,0,0
5,293,288,2,0
5,294,289,2,0
5,295,290,1,0
5,296,291,2,0
5,297,292,1,0
5,298,293,2,0
5,299,294,0,0
5,300,295,2,0
5,301,296,0,0
5,302,297,3,0
5,303,298,0,0
5,304,299,0,0
5,305,300,1,0
5,306,301,0,0
5,307,302,0,0
5,308,303,3,0
5,309,304,0,0
5,310,305,0,0
5,311,306,1,0
5,312,307,1,0
5,313,308,2,0
5,314,309,0,0
5,315,310,1,0
5,316,311,1,0
5,317,312,1,0
5,318,313,3,0
5,319,314,0,0
5,320,315,1,0
5,321,316,1,0
5,322,317,0,0
5,323,318,0,0
5,324,319,1,0
5,325,320,1,0
5,326,321,1,0
5,327,322,1,0
5,328,323,0,0
5,329,324,0,0
5,330,325,2,0
5,331,326,0,0
5,332,327,1,0
5,333,328,0,0
5,334,329,0,0
5,335,330,1,0
5,336,331,1,0
5,337,332,0,0
5,338,333,0,0
5,339,334,1,0
5,340,335,1,0
5,341,336,1,0
5,342,337,2,0
5,343,338,0,0
5,344,339,0,0
5,345,340,1,0
5,346,341,0,0
5,347,342,1,0
5,348,343,2,0
5,349,344,0,0
5,350,345,1,0
5,351,346,1,0
5,352,347,0,0
5,353,348,0,0
5,354,349,1,0
5,355,350,2,0
5,356,351,2,0
5,357,352,0,0
5,358,353,0,0
5,359,354,1,0
5,360,355,1,0
5,361,356,0,0
5,362,357,0,0
5,363,358,2,0
5,364,359,1,0
5,365,360,1,0
5,366,361,2,0
5,367,362,2,0
5,368,363,2,0
5,369,364,0,0
5,370,365,0,0
5,371,366,2,0
5,372,367,0,0
5,373,368,1,0
5,374,369,1,0
5,375,370,1,0
5,376,371,0,0
5,377,372,0,0
5,378,373,0,0
5,379,374,0,0
5,380,375,1,0
5,381,376,1,0
5,382,377,1,0
5,383,378,0,0
5,384,379,1,0
5,385,380,0,0
5,386,381,1,0
5,387,382,0,0
5,388,383,0,0
5,389,384,0,0
5,390,385,0,0
5,391,386,1,0
5,392,387,1,0
5,393,388,1,0
5,394,389,1,0
5,395,390,0,0
5,396,391,1,0
5,397,392,0,0
5,398,393,0,0
5,399,394,1,0
5,400,395,0,0
5,401,396,2,0
5,402,397,1,0
5,403,398,1,0
5,404,399,0,0
5,405,400,0,0
5,406,401,1,0
5,407,402,0,0
5,408,403,2,0
5,409,404,2,0
5,410,405,1,0
5,411,406,0,0
5,412,407,1,0
5,413,408,1,0
5,414,409,0,0
5,415,410,1,0
5,416,411,2,0
5,417,412,1,0
5,418,413,2,0
5,419,414,2,0
5,420,415,0,0
5,421,416,3,0
5,422,417,0,0
5,423,418,1,0
5,424,419,1,0
5,425,420,1,0
5,426,421,1,0
5,427,422,1,0
5,428,423,1,0
5,429,424,1,0
5,430,425,0,0
5,431,426,1,0
5,432,427,0,0
5,433,428,1,0
5,434,429,1,0
5,435,430,2,0
5,436,431,1,0
5,437,432,1,0
5,438,433,1,0
5,439,434,2,0
5,440,435,0,0
5,441,436,1,0
5,442,437,2,0
5,443,438,2,0
5,444,439,0,0
5,445,440,0,0
5,446,441,2,0
5,447,442,0,0
5,448,443,0,0
5,449,444,2,0
5,450,445,1,0
5,451,446,1,0
5,452,447,1,0
5,453,448,1,0
5,454,449,0,0
5,455,450,1,0
5,456,451,1,0
5,457,452,3,0
5,458,453,1,0
5,459,454,1,0
5,460,455,1,0
5,461,456,1,0
5,462,457,0,0
5,463,458,0,0
5,464,459,1,0
5,465,460,2,0
5,466,461,0,0
5,467,462,1,0
5,468,463,0,0
5,469,464,1,0
5,470,465,0,0
5,471,466,1,0
5,472,467,0,0
5,473,468,2,0
5,474,469,1,0
5,475,470,1,0
5,476,471,2,0
5,477,472,1,0
5,478,473,0,0
5,479,474,0,0
5,480,475,0,0
5,481,476,0,0
5,482,477,1,0
5,483,478,0,0
5,484,479,1,0
5,485,480,1,0
5,486,481,2,0
5,487,482,1,0
5,488,483,0,0
5,489,484,1,0
5,490,485,1,0
5,491,486,0,0
5,492,487,2,0
5,493,488,0,0
5,494,489,2,0
5,495,490,0,0
5,496,491,1,0
5,497,492,0,0
5,498,493,0,0
5,499,494,1,0
5,500,495,2,0
5,501,496,1,0
5,502,497,0,0
5,503,498,0,0
5,504,499,0,0
5,505,500,1,0
5,506,501,0,0
5,507,502,2,0
5,508,503,3,0
5,509,504,1,0
5,510,505,1,0
5,511,506,0,0
5,512,507,1,0
5,513,508,2,0
5,514,509,2,0
5,515,510,1,0
5,516,511,1,0
5,517,512,1,0
5,518,513,1,0
5,519,514,0,0
5,520,515,0,0
5,521,516,0,0
5,522,517,1,0
5,523,518,1,0
5,524,519,0,0
5,525,520,0,0
5,526,521,1,0
5,527,522,0,0
5,528,523,1,0
5,529,524,0,0
5,530,525,2,0
5,531,526,1,0
5,532,527,0,0
5,533,528,2,0
5,534,529,1,0
5,535,530,0,0
5,536,531,0,0
5,537,532,1,0
5,538,533,1,0
5,539,534,0,0
5,540,535,2,0
5,541,536,2,0
5,542,537,1,0
5,543,538,3,0
5,544,539,0,0
5,545,540,1,0
5,546,541,1,0
5,547,542,1,0
5,548,543,1,0
5,549,544,1,0
5,550,545,1,0
5,551,546,2,0
5,552,547,0,0
5,553,548,0,0
5,554,549,0,0
5,555,550,0,0
5,556,551,2,0
5,557,552,3,0
5,558,553,0,0
5,559,554,1,0
5,560,555,0,0
5,561,556,0,0
5,562,557,2,0
5,563,558,0,0
5,564,559,1,0
5,565,560,2,0
5,566,561,1,0
5,567,562,0,0
5,568,563,2,0
5,569,564,0,0
5,570,565,1,0
5,571,566,2,0
5,572,567,0,0
5,573,568,1,0
5,574,569,0,0
5,575,570,1,0
5,576,571,1,0
5,577,572,1,0
5,578,573,1,0
5,579,574,0,0
5,580,575,0,0
5,581,576,0,0
5,582,577,0,0
5,583,578,0,0
5,584,579,1,0
5,585,580,1,0
5,586,581,0,0
5,587,582,1,0
5,588,583,1,0
5,589,584,1,0
5,590,585,2,0
5,591,586,0,0
5,592,587,0,0
5,593,588,0,0
5,594,589,2,0
5,595,590,1,0
5,596,591,1,0
5,597,592,0,0
5,598,593,3,0
5,599,594,0,0
5,600,595,0,0
5,601,596,0,0
5,602,597,0,0
5,603,598,0,0
5,604,599,1,0
5,605,600,0,0
5,606,601,0,0
5,607,602,2,0
5,608,603,1,0
5,609,604,1,0
5,610,605,0,0
5,611,606,0,0
5,612,607,0,0
5,613,608,2,0
5,614,609,3,0
5,615,610,2,0
5,616,611,0,0
5,617,612,0,0
5,618,613,2,0
5,619,614,2,0
5,620,615,1,0
5,621,616,0,0
5,622,617,0,0
5,623,618,1,0
5,624,619,1,0
5,625,620,1,0
5,626,621,0,0
5,627,622,1,0
5,628,623,1,0
5,629,624,1,0
5,630,625,1,0
5,631,626,0,0
5,632,627,0,0
5,633,628,1,0
5,634,629,0,0
5,635,630,0,0
5,636,631,1,0
5,637,632,1,0
5,638,633,0,0
5,639,634,0,0
5,640,635,1,0
5,641,636,0,0
5,642,637,0,0
5,643,638,2,0
5,644,639,1,0
5,645,640,1,0
5,646,641,1,0
5,647,642,1,0
5,648,643,0,0
5,649,644,0,0
5,650,645,2,0
5,651,646,0,0
5,652,647,0,0
5,653,648,1,0
5,654,649,1,0
5,655,650,1,0
5,656,651,1,0
5,657,652,1,0
5,658,653,0,0
5,659,654,0,0
5,660,655,2,0
5,661,656,1,0
5,662,657,0,0
5,663,658,2,0
5,664,659,0,0
5,665,660,1,0
5,666,661,1,0
5,667,662,2,0
5,668,663,0,0
5,669,664,2,0
5,670,665,1,0
5,671,666,0,0
5,672,667,0,0
5,673,668,0,0
5,674,669,0,0
5,675,670,2,0
5,676,671,0,0
5,677,672,1,0
5,678,673,0,0
5,679,674,1,0
5,680,675,0,0
5,681,676,0,0
5,682,677,0,0
5,683,678,1,0
5,684,679,0,0
5,685,680,0,0
5,686,681,2,0
5,687,682,0,0
5,688,683,0,0
5,689,684,1,0
5,690,685,1,0
5,691,686,2,0
5,692,687,0,0
5,693,688,1,0
5,694,689,1,0
5,695,690,3,0
5,696,691,0,0
5,697,692,1,0
5,698,693,1,0
5,699,694,0,0
5,700,695,0,0
5,701,696,2,0
5,702,697,0,0
5,703,698,1,0
5,704,699,2,0
5,705,700,1,0
5,706,701,2,0
5,707,702,1,0
5,708,703,1,0
5,709,704,0,0
5,710,705,0,0
5,711,706,0,0
5,712,707,0,0
5,713,708,2,0
5,714,709,0,0
5,715,710,1,0
5,716,711,0,0
5,717,712,0,0
5,718,713,1,0
5,719,714,0,0
5,720,715,0,0
5,721,716,0,0
5,722,717,0,0
5,723,718,1,0
5,724,719,1,0
5,725,720,0,0
5,726,721,2,0
5,727,722,1,0
5,728,723,1,0
5,729,724,0,0
5,730,725,0,0
5,731,726,0,0
5,732,727,0,0
5,733,728,0,0
5,734,729,1,0
5,735,730,1,0
5,736,731,1,0
5,737,732,1,0
5,738,733,0,0
5,739,734,0,0
5,740,735,0,0
5,741,736,2,0
5,742,737,1,0
5,743,738,0,0
5,744,739,1,0
5,745,740,1,0
5,746,741,1,0
5,747,742,0,0
5,748,743,0,0
5,749,744,1,0
5,750,745,2,0
5,751,746,1,0
5,752,747,0,0
5,753,748,0,0
5,754,749,1,0
5,755,750,1,0
5,756,751,2,0
5,757,752,1,0
5,758,753,0,0
5,759,754,0,0
5,760,755,0,0
5,761,756,0,0
5,762,757,0,0
5,763,758,1,0
5,764,759,1,0
5,765,760,2,0
5,766,761,0,0
5,767,762,0,0
5,768,763,0,0
5,769,764,1,0
5,770,765,3,0
5,771,766,0,0
5,772,767,1,0
5,773,768,0,0
5,774,769,0,0
5,775,770,1,0
5,776,771,2,0
5,777,772,2,0
5,778,773,2,0
5,779,774,2,0
5,780,775,0,0
5,781,776,1,0
5,782,777,2,0
5,783,778,0,0
5,784,779,1,0
5,785,780,1,0
5,786,781,2,0
5,787,782,1,0
5,788,783,0,0
5,789,784,0,0
5,790,785,0,0
5,791,786,1,0
5,792,787,0,0
5,793,788,2,0
5,794,789,3,0
5,795,790,1,0
5,796,791,0,0
5,797,792,0,0
5,798,793,1,0
5,799,794,0,0
5,800,795,1,0
5,801,796,0,0
5,802,797,0,0
5,803,798,1,0
5,804,799,0,0
5,805,800,1,0
5,806,801,1,0
5,807,802,2,0
5,808,803,1,0
5,809,804,0,0
5,810,805,1,0
5,811,806,0,0
5,812,807,0,0
5,813,808,0,0
5,814,809,0,0
5,815,810,1,0
5,816,811,1,0
5,817,812,3,0
5,818,813,1,0
5,819,814,2,0
5,820,815,1,0
5,821,816,2,0
5,822,817,1,0
5,823,818,0,0
5,824,819,1,0
5,825,820,1,0
5,826,821,2,0
5,827,822,0,0
5,828,823,1,0
5,829,824,0,0
5,830,825,1,0
5,831,826,1,0
5,832,827,0,0
5,833,828,1,0
5,834,829,2,0
5,835,830,1,0
5,836,831,0,0
5,837,832,0,0
5,838,833,0,0
5,839,834,0,0
5,840,835,1,0
5,841,836,2,0
5,842,837,0,0
5,843,838,1,0
5,844,839,1,0
5,845,840,1,0
5,846,841,2,0
5,847,842,2,0
5,848,843,0,0
5,849,844,1,0
5,850,845,1,0
5,851,846,1,0
5,852,847,2,0
5,853,848,1,0
5,854,849,0,0
5,855,850,0,0
5,856,851,1,0
5,857,852,1,0
5,858,853,0,0
5,859,854,0,0
5,860,855,1,0
5,861,856,0,0
5,862,857,3,0
5,863,858,2,0
5,864,859,0,0
5,865,860,1,0
5,866,861,0,0
5,867,862,1,0
5,868,863,2,0
5,869,864,0,0
5,870,865,1,0
5,871,866,1,0
5,872,867,0,0
5,873,868,1,0
5,874,869,0,0
5,875,870,1,0
5,876,871,2,0
5,877,872,1,0
5,878,873,0,0
5,879,874,2,0
5,880,875,1,0
5,881,876,1,0
5,882,877,2,0
5,883,878,0,0
5,884,879,2,0
5,885,880,2,0
5,886,881,0,0
5,887,882,1,0
5,888,883,0,0
5,889,884,0,0
5,890,885,1,0
5,891,886,1,0
5,892,887,1,0
5,893,888,0,0
5,894,889,0,0
5,895,890,0,0
5,896,891,0,0
5,897,892,1,0
5,898,893,0,0
5,899,894,1,0
5,900,895,2,0
5,901,896,1,0
5,902,897,2,0
5,903,898,2,0
5,904,899,1,0
5,905,900,2,0
5,906,901,1,0
5,907,902,0,0
5,908,903,3,0
5,909,904,0,0
5,910,905,1,0
5,911,906,3,0
5,912,907,2,0
5,913,908,2,0
5,914,909,1,0
5,915,910,1,0
5,916,911,1,0
5,917,912,0,0
5,918,913,0,0
5,919,914,2,0
5,920,915,1,0
5,921,916,1,0
5,922,917,2,0
5,923,918,0,0
5,924,919,2,0
5,925,920,1,0
5,926,921,0,0
5,927,922,1,0
5,928,923,1,0
5,929,924,0,0
5,930,925,1,0
5,931,926,1,0
5,932,927,2,0
5,933,928,0,0
5,934,929,0,0
5,935,930,2,0
5,936,931,0,0
5,937,932,0,0
5,938,933,2,0
5,939,934,1,0
5,940,935,1,0
5,941,936,0,0
5,942,937,1,0
5,943,938,2,0
5,944,939,0,0
5,945,940,1,0
5,946,941,1,0
5,947,942,1,0
5,948,943,1,0
5,949,944,0,0
5,950,945,1,0
5,951,946,1,0
5,952,947,0,0
5,953,948,0,0
5,954,949,0,0
5,955,950,1,0
5,956,951,0,0
5,957,952,2,0
5,958,953,2,0
5,959,954,2,0
5,960,955,0,0
5,961,956,2,0
5,962,957,0,0
5,963,958,0,0
5,964,959,0,0
5,965,960,1,0
5,966,961,1,0
5,967,962,1,0
5,968,963,1,0
5,969,964,0,0
5,970,965,2,0
5,971,966,1,0
5,972,967,2,0
5,973,968,0,0
5,974,969,0,0
5,975,970,1,0
5,976,971,0,0
5,977,972,0,0
5,978,973,1,0
5,979,974,2,0
5,980,975,1,0
5,981,976,1,0
5,982,977,1,0
5,983,978,0,0
5,984,979,0,0
5,985,980,1,0
5,986,981,1,0
5,987,982,0,0
5,988,983,2,0
5,989,984,0,0
5,990,985,0,0
5,991,986,0,0
5,992,987,0,0
5,993,988,0,0
5,994,989,1,0
5,995,990,1,0
5,996,991,0,0
5,997,992,1,0
5,998,993,2,0
5,999,994,2,0
5,1000,995,0,0
5,1001,996,1,0
5,1002,997,0,0
5,1003,998,1,0
5,1004,999,0,0
5,1005,1000,1,0
5,1006,1001,0,0
5,1007,1002,1,0
5,1008,1003,0,0
5,1009,1004,2,0
5,1010,1005,0,0
5,1011,1006,0,0
5,1012,1007,1,0
5,1013,1008,1,0
5,1014,1009,0,0
5,1015,1010,0,0
5,1016,1011,1,0
5,1017,1012,1,0
5,1018,1013,1,0
5,1019,1014,0,0
5,1020,1015,0,0
5,1021,1016,1,0
5,1022,1017,0,0
5,1023,1018,0,0
5,1024,1019,0,0
5,1025,1020,1,0
5,1026,1021,1,0
5,1027,1022,1,0
5,1028,1023,2,0
5,1029,1024,0,0
5,1030,1025,1,0
5,1031,1026,1,0
5,1032,1027,0,0
5,1033,1028,1,0
5,1034,1029,1,0
5,1035,1030,0,0
5,1036,1031,2,0
5,1037,1032,0,0
5,1038,1033,1,0
5,1039,1034,0,0
5,1040,1035,0,0
5,1041,1036,0,0
5,1042,1037,2,0
5,1043,1038,0,0
5,1044,1039,1,0
5,1045,1040,0,0
5,1046,1041,1,0
5,1047,1042,0,0
5,1048,1043,1,0
5,1049,1044,1,0
5,1050,1045,1,0
5,1051,1046,1,0
5,1052,1047,0,0
5,1053,1048,0,0
5,1054,1049,0,0
5,1055,1050,1,0
5,1056,1051,1,0
5,1057,1052,1,0
5,1058,1053,1,0
5,1059,1054,0,0
5,1060,1055,1,0
5,1061,1056,2,0
5,1062,1057,2,0
5,1063,1058,1,0
5,1064,1059,1,0
5,1065,1060,2,0
5,1066,1061,0,0
5,1067,1062,0,0
5,1068,1063,0,0
5,1069,1064,2,0
5,1070,1065,1,0
5,1071,1066,2,0
5,1072,1067,1,0
5,1073,1068,0,0
5,1074,1069,2,0
5,1075,1070,0,0
5,1076,1071,0,0
5,1077,1072,1,0
5,1078,1073,2,0
5,1079,1074,0,0
5,1080,1075,2,0
5,1081,1076,1,0
5,1082,1077,0,0
5,1083,1078,2,0
5,1084,1079,1,0
5,1085,1080,1,0
5,1086,1081,1,0
5,1087,1082,2,0
5,1088,1083,1,0
5,1089,1084,1,0
5,1090,1085,0,0
5,1091,1086,0,0
5,1092,1087,1,0
5,1093,1088,2,0
5,1094,1089,0,0
5,1095,1090,2,0
5,1096,1091,1,0
5,1097,1092,1,0
5,1098,1093,1,0
5,1099,1094,1,0
5,1100,1095,1,0
5,1101,1096,0,0
5,1102,1097,2,0
5,1103,1098,1,0
5,1104,1099,1,0
5,1105,1100,0,0
5,1106,1101,1,0
5,1107,1102,1,0
5,1108,1103,1,0
5,1109,1104,0,0
5,1110,1105,0,0
5,1111,1106,2,0
5,1112,1107,0,0
5,1113,1108,1,0
5,1114,1109,3,0
5,1115,1110,1,0
5,1116,1111,1,0
5,1117,1112,1,0
5,1118,1113,2,0
5,1119,1114,0,0
5,1120,1115,0,0
5,1121,1116,1,0
5,1122,1117,2,0
5,1123,1118,1,0
5,1124,1119,0,0
5,1125,1120,0,0
5,1126,1121,0,0
5,1127,1122,1,0
5,1128,1123,0,0
5,1129,1124,2,0
5,1130,1125,1,0
5,1131,1126,0,0
5,1132,1127,0,0
5,1133,1128,1,0
5,1134,1129,0,0
5,1135,1130,2,0
5,1136,1131,1,0
5,1137,1132,0,0
5,1138,1133,4,0
5,1139,1134,0,0
5,1140,1135,0,0
5,1141,1136,2,0
5,1142,1137,0,0
5,1143,1138,1,0
5,1144,1139,2,0
5,1145,1140,1,0
5,1146,1141,1,0
5,1147,1142,1,0
5,1148,1143,1,0
5,1149,1144,1,0
5,1150,1145,0,0
5,1151,1146,0,0
5,1152,1147,1,0
5,1153,1148,1,0
5,1154,1149,2,0
5,1155,1150,0,0
5,1156,1151,0,0
5,1157,1152,0,0
5,1158,1153,0,0
5,1159,1154,1,0
5,1160,1155,0,0
5,1161,1156,1,0
5,1162,1157,2,0
5,1163,1158,0,0
5,1164,1159,2,0
5,1165,1160,2,0
5,1166,1161,1,0
5,1167,1162,0,0
5,1168,1163,1,0
5,1169,1164,1,0
5,1170,1165,1,0
5,1171,1166,0,0
5,1172,1167,1,0
5,1173,1168,1,0
5,1174,1169,1,0
5,1175,1170,2,0
5,1176,1171,2,0
5,1177,1172,1,0
5,1178,1173,1,0
5,1179,1174,0,0
5,1180,1175,1,0
5,1181,1176,0,0
5,1182,1177,0,0
5,1183,1178,1,0
5,1184,1179,1,0
5,1185,1180,1,0
5,1186,1181,1,0
5,1187,1182,1,0
5,1188,1183,2,0
5,1189,1184,1,0
5,1190,1185,0,0
5,1191,1186,0,0
5,1192,1187,1,0
5,1193,1188,1,0
5,1194,1189,1,0
5,1195,1190,0,0
5,1196,1191,1,0
5,1197,1192,0,0
5,1198,1193,0,0
5,1199,1194,1,0
5,1200,1195,0,0
5,1201,1196,0,0
5,1202,1197,1,0
5,1203,1198,1,0
5,1204,1199,3,0
5,1205,1200,3,0
5,1206,1201,1,0
5,1207,1202,0,0
5,1208,1203,1,0
5,1209,1204,0,0
5,1210,1205,1,0
5,1211,1206,2,0
5,1212,1207,0,0
5,1213,1208,3,0
5,1214,1209,0,0
5,1215,1210,0,0
5,1216,1211,1,0
5,1217,1212,2,0
5,1218,1213,0,0
5,1219,1214,1,0
5,1220,1215,0,0
5,1221,1216,0,0
5,1222,1217,0,0
5,1223,1218,1,0
5,1224,1219,1,0
5,1225,1220,1,0
5,1226,1221,3,0
5,1227,1222,1,0
5,1228,1223,0,0
5,1229,1224,0,0
5,1230,1225,3,0
5,1231,1226,2,0
5,1232,1227,0,0
5,1233,1228,0,0
5,1234,1229,0,0
5,1235,1230,0,0
5,1236,1231,2,0
5,1237,1232,0,0
5,1238,1233,1,0
6,7,1,1,0
6,8,2,1,0
6,9,3,1,0
6,10,4,1,0
6,11,5,2,0
6,12,6,0,0
6,13,7,1,0
6,14,8,0,0
6,15,9,2,0
6,16,10,0,0
6,17,11,1,0
6,18,12,0,0
6,19,13,1,0
6,20,14,0,0
6,21,15,1,0
6,22,16,1,0
6,23,17,1,0
6,24,18,0,0
6,25,19,1,0
6,26,20,2,0
6,27,21,0,0
6,28,22,0,0
6,29,23,2,0
6,30,24,2,0
6,31,25,0,0
6,32,26,1,0
6,33,27,0,0
6,34,28,3,0
6,35,29,0,0
6,36,30,0,0
6,37,31,2,0
6,38,32,0,0
6,39,33,1,0
6,40,34,1,0
6,41,35,1,0
6,42,36,1,0
6,43,37,1,0
6,44,38,1,0
6,45,39,0,0
6,46,40,1,0
6,47,41,0,0
6,48,42,1,0
6,49,43,0,0
6,50,44,0,0
6,51,45,0,0
6,52,46,1,0
6,53,47,1,0
6,54,48,0,0
6,55,49,1,0
6,56,50,1,0
6,57,51,2,0
6,58,52,0,0
6,59,53,1,0
6,60,54,3,0
6,61,55,0,0
6,62,56,0,0
6,63,57,0,0
6,64,58,0,0
6,65,59,1,0
6,66,60,1,0
6,67,61,2,0
6,68,62,1,0
6,69,63,0,0
6,70,64,0,0
6,71,65,0,0
6,72,66,2,0
6,73,67,1,0
6,74,68,1,0
6,75,69,1,0
6,76,70,2,0
6,77,71,1,0
6,78,72,0,0
6,79,73,3,0
6,80,74,2,0
6,81,75,1,0
6,82,76,2,0
6,83,77,0,0
6,84,78,0,0
6,85,79,0,0
6,86,80,0,0
6,87,81,0,0
6,88,82,1,0
6,89,83,0,0
6,90,84,0,0
6,91,85,0,0
6,92,86,0,0
6,93,87,0,0
6,94,88,1,0
6,95,89,0,0
6,96,90,0,0
6,97,91,0,0
6,98,92,1,0
6,99,93,0,0
6,100,94,0,0
6,101,95,1,0
6,102,96,1,0
6,103,97,2,0
6,104,98,1,0
6,105,99,1,0
6,106,100,0,0
6,107,101,1,0
6,108,102,1,0
6,109,103,1,0
6,110,104,0,0
6,111,105,0,0
6,112,106,1,0
6,113,107,2,0
6,114,108,0,0
6,115,109,1,0
6,116,110,0,0
6,117,111,1,0
6,118,112,0,0
6,119,113,0,0
6,120,114,1,0
6,121,115,1,0
6,122,116,0,0
6,123,117,0,0
6,124,118,1,0
6,125,119,0,0
6,126,120,0,0
6,127,121,1,0
6,128,122,1,0
6,129,123,1,0
6,130,124,1,0
6,131,125,1,0
6,132,126,0,0
6,133,127,0,0
6,134,128,1,0
6,135,129,1,0
6,136,130,1,0
6,137,131,0,0
6,138,132,0,0
6,139,133,1,0
6,140,134,1,0
6,141,135,0,0
6,142,136,2,0
6,143,137,0,0
6,144,138,1,0
6,145,139,1,0
6,146,140,1,0
6,147,141,1,0
6,148,142,1,0
6,149,143,1,0
6,150,144,1,0
6,151,145,2,0
6,152,146,0,0
6,153,147,1,0
6,154,148,2,0
6,155,149,1,0
6,156,150,2,0
6,157,151,1,0
6,158,152,2,0
6,159,153,0,0
6,160,154,0,0
6,161,155,0,0
6,162,156,1,0
6,163,157,1,0
6,164,158,1,0
6,165,159,2,0
6,166,160,1,0
6,167,161,1,0
6,168,162,0,0
6,169,163,0,0
6,170,164,1,0
6,171,165,0,0
6,172,166,0,0
6,173,167,2,0
6,174,168,0,0
6,175,169,0,0
6,176,170,0,0
6,177,171,1,0
6,178,172,0,0
6,179,173,1,0
6,180,174,0,0
6,181,175,0,0
6,182,176,1,0
6,183,177,0,0
6,184,178,1,0
6,185,179,0,0
6,186,180,1,0
6,187,181,0,0
6,188,182,2,0
6,189,183,0,0
6,190,184,0,0
6,191,185,0,0
6,192,186,2,0
6,193,187,1,0
6,194,188,0,0
6,195,189,1,0
6,196,190,1,0
6,197,191,0,0
6,198,192,1,0
6,199,193,2,0
6,200,194,1,0
6,201,195,0,0
6,202,196,1,0
6,203,197,0,0
6,204,198,2,0
6,205,199,1,0
6,206,200,1,0
6,207,201,2,0
6,208,202,2,0
6,209,203,1,0
6,210,204,0,0
6,211,205,0,0
6,212,206,0,0
6,213,207,1,0
6,214,208,1,0
6,215,209,2,0
6,216,210,0,0
6,217,211,2,0
6,218,212,1,0
6,219,213,2,0
6,220,214,1,0
6,221,215,1,0
6,222,216,1,0
6,223,217,2,0
6,224,218,0,0
6,225,219,1,0
6,226,220,1,0
6,227,221,0,0
6,228,222,1,0
6,229,223,0,0
6,230,224,0,0
6,231,225,3,0
6,232,226,1,0
6,233,227,1,0
6,234,228,0,0
6,235,229,0,0
6,236,230,0,0
6,237,231,1,0
6,238,232,0,0
6,239,233,0,0
6,240,234,0,0
6,241,235,1,0
6,242,236,1,0
6,243,237,1,0
6,244,238,0,0
6,245,239,1,0
6,246,240,0,0
6,247,241,1,0
6,248,242,0,0
6,249,243,0,0
6,250,244,1,0
6,251,245,1,0
6,252,246,3,0
6,253,247,1,0
6,254,248,0,0
6,255,249,1,0
6,256,250,2,0
6,257,251,1,0
6,258,252,2,0
6,259,253,0,0
6,260,254,1,0
6,261,255,1,0
6,262,256,0,0
6,263,257,3,0
6,264,258,1,0
6,265,259,1,0
6,266,260,0,0
6,267,261,0,0
6,268,262,1,0
6,269,263,0,0
6,270,264,1,0
6,271,265,1,0
6,272,266,1,0
6,273,267,3,0
6,274,268,0,0
6,275,269,1,0
6,276,270,1,0
6,277,271,1,0
6,278,272,2,0
6,279,273,1,0
6,280,274,0,0
6,281,275,1,0
6,282,276,0,0
6,283,277,0,0
6,284,278,0,0
6,285,279,1,0
6,286,280,0,0
6,287,281,1,0
6,288,282,0,0
6,289,283,1,0
6,290,284,1,0
6,291,285,0,0
6,292,286,0,0
6,293,287,0,0
6,294,288,1,0
6,295,289,1,0
6,296,290,2,0
6,297,291,1,0
6,298,292,0,0
6,299,293,1,0
6,300,294,2,0
6,301,295,0,0
6,302,296,0,0
6,303,297,0,0
6,304,298,0,0
6,305,299,0,0
6,306,300,0,0
6,307,301,0,0
6,308,302,1,0
6,309,303,1,0
6,310,304,1,0
6,311,305,0,0
6,312,306,0,0
6,313,307,1,0
6,314,308,3,0
6,315,309,1,0
6,316,310,0,0
6,317,311,0,0
6,318,312,2,0
6,319,313,0,0
6,320,314,2,0
6,321,315,0,0
6,322,316,0,0
6,323,317,2,0
6,324,318,1,0
6,325,319,0,0
6,326,320,3,0
6,327,321,1,0
6,328,322,1,0
6,329,323,1,0
6,330,324,1,0
6,331,325,1,0
6,332,326,2,0
6,333,327,0,0
6,334,328,0,0
6,335,329,1,0
6,336,330,2,0
6,337,331,1,0
6,338,332,3,0
6,339,333,2,0
6,340,334,1,0
6,341,335,0,0
6,342,336,1,0
6,343,337,1,0
6,344,338,3,0
6,345,339,0,0
6,346,340,0,0
6,347,341,1,0
6,348,342,1,0
6,349,343,0,0
6,350,344,1,0
6,351,345,1,0
6,352,346,1,0
6,353,347,0,0
6,354,348,1,0
6,355,349,1,0
6,356,350,2,0
6,357,351,1,0
6,358,352,0,0
6,359,353,1,0
6,360,354,0,0
6,361,355,2,0
6,362,356,1,0
6,363,357,2,0
6,364,358,1,0
6,365,359,0,0
6,366,360,0,0
6,367,361,0,0
6,368,362,1,0
6,369,363,0,0
6,370,364,1,0
6,371,365,2,0
6,372,366,0,0
6,373,367,0,0
6,374,368,1,0
6,375,369,0,0
6,376,370,1,0
6,377,371,0,0
6,378,372,0,0
6,379,373,0,0
6,380,374,1,0
6,381,375,0,0
6,382,376,1,0
6,383,377,1,0
6,384,378,1,0
6,385,379,0,0
6,386,380,0,0
6,387,381,1,0
6,388,382,0,0
6,389,383,0,0
6,390,384,0,0
6,391,385,0,0
6,392,386,1,0
6,393,387,2,0
6,394,388,1,0
6,395,389,2,0
6,396,390,1,0
6,397,391,1,0
6,398,392,1,0
6,399,393,1,0
6,400,394,0,0
6,401,395,1,0
6,402,396,0,0
6,403,397,1,0
6,404,398,1,0
6,405,399,2,0
6,406,400,2,0
6,407,401,1,0
6,408,402,2,0
6,409,403,0,0
6,410,404,1,0
6,411,405,0,0
6,412,406,1,0
6,413,407,0,0
6,414,408,1,0
6,415,409,1,0
6,416,410,0,0
6,417,411,2,0
6,418,412,0,0
6,419,413,1,0
6,420,414,0,0
6,421,415,1,0
6,422,416,1,0
6,423,417,0,0
6,424,418,3,0
6,425,419,1,0
6,426,420,1,0
6,427,421,2,0
6,428,422,1,0
6,429,423,1,0
6,430,424,1,0
6,431,425,1,0
6,432,426,2,0
6,433,427,0,0
6,434,428,1,0
6,435,429,0,0
6,436,430,1,0
6,437,431,1,0
6,438,432,0,0
6,439,433,0,0
6,440,434,0,0
6,441,435,1,0
6,442,436,0,0
6,443,437,1,0
6,444,438,0,0
6,445,439,2,0
6,446,440,0,0
6,447,441,0,0
6,448,442,2,0
6,449,443,2,0
6,450,444,1,0
6,451,445,2,0
6,452,446,0,0
6,453,447,1,0
6,454,448,3,0
6,455,449,3,0
6,456,450,1,0
6,457,451,0,0
6,458,452,2,0
6,459,453,1,0
6,460,454,0,0
6,461,455,1,0
6,462,456,0,0
6,463,457,1,0
6,464,458,0,0
6,465,459,0,0
6,466,460,0,0
6,467,461,1,0
6,468,462,1,0
6,469,463,1,0
6,470,464,1,0
6,471,465,1,0
6,472,466,0,0
6,473,467,0,0
6,474,468,1,0
6,475,469,1,0
6,476,470,0,0
6,477,471,1,0
6,478,472,1,0
6,479,473,2,0
6,480,474,1,0
6,481,475,1,0
6,482,476,0,0
6,483,477,0,0
6,484,478,0,0
6,485,479,1,0
6,486,480,0,0
6,487,481,2,0
6,488,482,0,0
6,489,483,1,0
6,490,484,0,0
6,491,485,3,0
6,492,486,1,0
6,493,487,1,0
6,494,488,2,0
6,495,489,2,0
6,496,490,1,0
6,497,491,0,0
6,498,492,0,0
6,499,493,1,0
6,500,494,0,0
6,501,495,1,0
6,502,496,0,0
6,503,497,0,0
6,504,498,1,0
6,505,499,2,0
6,506,500,1,0
6,507,501,0,0
6,508,502,1,0
6,509,503,0,0
6,510,504,0,0
6,511,505,1,0
6,512,506,1,0
6,513,507,1,0
6,514,508,1,0
6,515,509,1,0
6,516,510,0,0
6,517,511,0,0
6,518,512,0,0
6,519,513,1,0
6,520,514,0,0
6,521,515,0,0
6,522,516,1,0
6,523,517,1,0
6,524,518,1,0
6,525,519,0,0
6,526,520,0,0
6,527,521,1,0
6,528,522,1,0
6,529,523,0,0
6,530,524,2,0
6,531,525,0,0
6,532,526,1,0
6,533,527,1,0
6,534,528,0,0
6,535,529,1,0
6,536,530,0,0
6,537,531,0,0
6,538,532,0,0
6,539,533,1,0
6,540,534,0,0
6,541,535,0,0
6,542,536,0,0
6,543,537,1,0
6,544,538,0,0
6,545,539,0,0
6,546,540,0,0
6,547,541,1,0
6,548,542,1,0
6,549,543,2,0
6,550,544,0,0
6,551,545,2,0
6,552,546,1,0
6,553,547,2,0
6,554,548,2,0
6,555,549,0,0
6,556,550,1,0
6,557,551,1,0
6,558,552,1,0
6,559,553,0,0
6,560,554,0,0
6,561,555,0,0
6,562,556,1,0
6,563,557,0,0
6,564,558,2,0
6,565,559,1,0
6,566,560,1,0
6,567,561,0,0
6,568,562,3,0
6,569,563,0,0
6,570,564,2,0
6,571,565,1,0
6,572,566,0,0
6,573,567,0,0
6,574,568,0,0
6,575,569,0,0
6,576,570,0,0
6,577,571,0,0
6,578,572,0,0
6,579,573,1,0
6,580,574,0,0
6,581,575,1,0
6,582,576,1,0
6,583,577,1,0
6,584,578,0,0
6,585,579,1,0
6,586,580,1,0
6,587,581,1,0
6,588,582,2,0
6,589,583,2,0
6,590,584,2,0
6,591,585,1,0
6,592,586,1,0
6,593,587,0,0
6,594,588,3,0
6,595,589,3,0
6,596,590,0,0
6,597,591,1,0
6,598,592,0,0
6,599,593,0,0
6,600,594,0,0
6,601,595,1,0
6,602,596,1,0
6,603,597,1,0
6,604,598,1,0
6,605,599,0,0
6,606,600,2,0
6,607,601,0,0
6,608,602,0,0
6,609,603,1,0
6,610,604,1,0
6,611,605,1,0
6,612,606,1,0
6,613,607,1,0
6,614,608,3,0
6,615,609,1,0
6,616,610,2,0
6,617,611,1,0
6,618,612,1,0
6,619,613,1,0
6,620,614,1,0
6,621,615,1,0
6,622,616,0,0
6,623,617,0,0
6,624,618,0,0
6,625,619,1,0
6,626,620,0,0
6,627,621,1,0
6,628,622,1,0
6,629,623,0,0
6,630,624,1,0
6,631,625,0,0
6,632,626,0,0
6,633,627,1,0
6,634,628,1,0
6,635,629,0,0
6,636,630,1,0
6,637,631,0,0
6,638,632,1,0
6,639,633,0,0
6,640,634,0,0
6,641,635,1,0
6,642,636,0,0
6,643,637,0,0
6,644,638,0,0
6,645,639,0,0
6,646,640,0,0
6,647,641,1,0
6,648,642,0,0
6,649,643,1,0
6,650,644,0,0
6,651,645,2,0
6,652,646,1,0
6,653,647,1,0
6,654,648,1,0
6,655,649,0,0
6,656,650,3,0
6,657,651,0,0
6,658,652,0,0
6,659,653,1,0
6,660,654,0,0
6,661,655,1,0
6,662,656,0,0
6,663,657,1,0
6,664,658,1,0
6,665,659,0,0
6,666,660,1,0
6,667,661,0,0
6,668,662,1,0
6,669,663,2,0
6,670,664,1,0
6,671,665,0,0
6,672,666,1,0
6,673,667,1,0
6,674,668,2,0
6,675,669,1,0
6,676,670,0,0
6,677,671,0,0
6,678,672,0,0
6,679,673,1,0
6,680,674,1,0
6,681,675,0,0
6,682,676,1,0
6,683,677,0,0
6,684,678,1,0
6,685,679,1,0
6,686,680,0,0
6,687,681,0,0
6,688,682,2,0
6,689,683,0,0
6,690,684,2,0
6,691,685,0,0
6,692,686,1,0
6,693,687,3,0
6,694,688,1,0
6,695,689,1,0
6,696,690,2,0
6,697,691,1,0
6,698,692,2,0
6,699,693,0,0
6,700,694,0,0
6,701,695,1,0
6,702,696,1,0
6,703,697,1,0
6,704,698,1,0
6,705,699,0,0
6,706,700,2,0
6,707,701,0,0
6,708,702,1,0
6,709,703,2,0
6,710,704,2,0
6,711,705,1,0
6,712,706,1,0
6,713,707,2,0
6,714,708,0,0
6,715,709,1,0
6,716,710,0,0
6,717,711,1,0
6,718,712,1,0
6,719,713,1,0
6,720,714,2,0
6,721,715,2,0
6,722,716,1,0
6,723,717,0,0
6,724,718,0,0
6,725,719,2,0
6,726,720,2,0
6,727,721,0,0
6,728,722,1,0
6,729,723,1,0
6,730,724,0,0
6,731,725,1,0
6,732,726,0,0
6,733,727,0,0
6,734,728,2,0
6,735,729,0,0
6,736,730,1,0
6,737,731,1,0
6,738,732,1,0
6,739,733,2,0
6,740,734,1,0
6,741,735,2,0
6,742,736,0,0
6,743,737,2,0
6,744,738,0,0
6,745,739,0,0
6,746,740,0,0
6,747,741,0,0
6,748,742,2,0
6,749,743,1,0
6,750,744,1,0
6,751,745,1,0
6,752,746,1,0
6,753,747,0,0
6,754,748,1,0
6,755,749,2,0
6,756,750,0,0
6,757,751,1,0
6,758,752,1,0
6,759,753,0,0
6,760,754,1,0
6,761,755,0,0
6,762,756,0,0
6,763,757,0,0
6,764,758,0,0
6,765,759,2,0
6,766,760,0,0
6,767,761,1,0
6,768,762,0,0
6,769,763,1,0
6,770,764,0,0
6,771,765,0,0
6,772,766,1,0
6,773,767,1,0
6,774,768,0,0
6,775,769,1,0
6,776,770,1,0
6,777,771,3,0
6,778,772,3,0
6,779,773,2,0
6,780,774,1,0
6,781,775,1,0
6,782,776,1,0
6,783,777,1,0
6,784,778,0,0
6,785,779,1,0
6,786,780,1,0
6,787,781,1,0
6,788,782,0,0
6,789,783,1,0
6,790,784,1,0
6,791,785,1,0
6,792,786,0,0
6,793,787,0,0
6,794,788,1,0
6,795,789,0,0
6,796,790,1,0
6,797,791,1,0
6,798,792,2,0
6,799,793,0,0
6,800,794,0,0
6,801,795,0,0
6,802,796,0,0
6,803,797,1,0
6,804,798,3,0
6,805,799,1,0
6,806,800,0,0
6,807,801,1,0
6,808,802,0,0
6,809,803,0,0
6,810,804,2,0
6,811,805,0,0
6,812,806,1,0
6,813,807,2,0
6,814,808,1,0
6,815,809,1,0
6,816,810,1,0
6,817,811,0,0
6,818,812,1,0
6,819,813,0,0
6,820,814,2,0
6,821,815,0,0
6,822,816,1,0
6,823,817,1,0
6,824,818,1,0
6,825,819,2,0
6,826,820,0,0
6,827,821,3,0
6,828,822,0,0
6,829,823,0,0
6,830,824,1,0
6,831,825,1,0
6,832,826,1,0
6,833,827,1,0
6,834,828,0,0
6,835,829,1,0
6,836,830,0,0
6,837,831,0,0
6,838,832,1,0
6,839,833,1,0
6,840,834,1,0
6,841,835,1,0
6,842,836,2,0
6,843,837,2,0
6,844,838,1,0
6,845,839,0,0
6,846,840,1,0
6,847,841,1,0
6,848,842,1,0
6,849,843,1,0
6,850,844,0,0
6,851,845,0,0
6,852,846,1,0
6,853,847,1,0
6,854,848,0,0
6,855,849,1,0
6,856,850,1,0
6,857,851,0,0
6,858,852,0,0
6,859,853,1,0
6,860,854,2,0
6,861,855,2,0
6,862,856,3,0
6,863,857,2,0
6,864,858,1,0
6,865,859,1,0
6,866,860,0,0
6,867,861,3,0
6,868,862,1,0
6,869,863,1,0
6,870,864,1,0
6,871,865,0,0
6,872,866,0,0
6,873,867,0,0
6,874,868,1,0
6,875,869,1,0
6,876,870,2,0
6,877,871,0,0
6,878,872,1,0
6,879,873,0,0
6,880,874,2,0
6,881,875,0,0
6,882,876,1,0
6,883,877,1,0
6,884,878,0,0
6,885,879,1,0
6,886,880,3,0
6,887,881,1,0
6,888,882,1,0
6,889,883,0,0
6,890,884,3,0
6,891,885,1,0
6,892,886,1,0
6,893,887,1,0
6,894,888,0,0
6,895,889,2,0
6,896,890,0,0
6,897,891,0,0
6,898,892,2,0
6,899,893,0,0
6,900,894,0,0
6,901,895,0,0
6,902,896,0,0
6,903,897,1,0
6,904,898,0,0
6,905,899,0,0
6,906,900,0,0
6,907,901,0,0
6,908,902,1,0
6,909,903,0,0
6,910,904,0,0
6,911,905,1,0
6,912,906,1,0
6,913,907,2,0
6,914,908,2,0
6,915,909,0,0
6,916,910,1,0
6,917,911,0,0
6,918,912,1,0
6,919,913,1,0
6,920,914,1,0
6,921,915,1,0
6,922,916,1,0
6,923,917,2,0
6,924,918,1,0
6,925,919,1,0
6,926,920,0,0
6,927,921,2,0
6,928,922,0,0
6,929,923,1,0
6,930,924,1,0
6,931,925,0,0
6,932,926,0,0
6,933,927,0,0
6,934,928,1,0
6,935,929,0,0
6,936,930,0,0
6,937,931,0,0
6,938,932,1,0
6,939,933,1,0
6,940,934,1,0
6,941,935,0,0
6,942,936,1,0
6,943,937,1,0
6,944,938,1,0
6,945,939,0,0
6,946,940,0,0
6,947,941,1,0
6,948,942,1,0
6,949,943,2,0
6,950,944,0,0
6,951,945,1,0
6,952,946,0,0
6,953,947,1,0
6,954,948,2,0
6,955,949,0,0
6,956,950,0,0
6,957,951,0,0
6,958,952,0,0
6,959,953,0,0
6,960,954,1,0
6,961,955,2,0
6,962,956,0,0
6,963,957,0,0
6,964,958,0,0
6,965,959,0,0
6,966,960,0,0
6,967,961,0,0
6,968,962,0,0
6,969,963,0,0
6,970,964,2,0
6,971,965,1,0
6,972,966,1,0
6,973,967,1,0
6,974,968,2,0
6,975,969,1,0
6,976,970,0,0
6,977,971,1,0
6,978,972,0,0
6,979,973,0,0
6,980,974,1,0
6,981,975,0,0
6,982,976,0,0
6,983,977,0,0
6,984,978,0,0
6,985,979,1,0
6,986,980,1,0
6,987,981,0,0
6,988,982,2,0
6,989,983,0,0
6,990,984,2,0
6,991,985,1,0
6,992,986,0,0
6,993,987,0,0
6,994,988,0,0
6,995,989,1,0
6,996,990,0,0
6,997,991,1,0
6,998,992,2,0
6,999,993,2,0
6,1000,994,1,0
6,1001,995,0,0
6,1002,996,0,0
6,1003,997,1,0
6,1004,998,0,0
6,1005,999,1,0
6,1006,1000,1,0
6,1007,1001,0,0
6,1008,1002,0,0
6,1009,1003,1,0
6,1010,1004,1,0
6,1011,1005,0,0
6,1012,1006,1,0
6,1013,1007,1,0
6,1014,1008,1,0
6,1015,1009,2,0
6,1016,1010,2,0
6,1017,1011,1,0
6,1018,1012,1,0
6,1019,1013,1,0
6,1020,1014,1,0
6,1021,1015,0,0
6,1022,1016,1,0
6,1023,1017,1,0
6,1024,1018,0,0
6,1025,1019,0,0
6,1026,1020,2,0
6,1027,1021,1,0
6,1028,1022,1,0
6,1029,1023,0,0
6,1030,1024,0,0
6,1031,1025,0,0
6,1032,1026,1,0
6,1033,1027,1,0
6,1034,1028,0,0
6,1035,1029,1,0
6,1036,1030,2,0
6,1037,1031,1,0
6,1038,1032,0,0
6,1039,1033,1,0
6,1040,1034,2,0
6,1041,1035,1,0
6,1042,1036,2,0
6,1043,1037,1,0
6,1044,1038,0,0
6,1045,1039,2,0
6,1046,1040,3,0
6,1047,1041,0,0
6,1048,1042,0,0
6,1049,1043,2,0
6,1050,1044,1,0
6,1051,1045,1,0
6,1052,1046,1,0
6,1053,1047,0,0
6,1054,1048,0,0
6,1055,1049,0,0
6,1056,1050,0,0
6,1057,1051,0,0
6,1058,1052,0,0
6,1059,1053,2,0
6,1060,1054,1,0
6,1061,1055,1,0
6,1062,1056,3,0
6,1063,1057,0,0
6,1064,1058,0,0
6,1065,1059,0,0
6,1066,1060,0,0
6,1067,1061,0,0
6,1068,1062,0,0
6,1069,1063,1,0
6,1070,1064,3,0
6,1071,1065,0,0
6,1072,1066,2,0
6,1073,1067,1,0
6,1074,1068,0,0
6,1075,1069,1,0
6,1076,1070,1,0
6,1077,1071,1,0
6,1078,1072,0,0
6,1079,1073,1,0
6,1080,1074,0,0
6,1081,1075,3,0
6,1082,1076,0,0
6,1083,1077,0,0
6,1084,1078,0,0
6,1085,1079,2,0
6,1086,1080,2,0
6,1087,1081,0,0
6,1088,1082,1,0
6,1089,1083,0,0
6,1090,1084,2,0
6,1091,1085,0,0
6,1092,1086,0,0
6,1093,1087,0,0
6,1094,1088,1,0
6,1095,1089,0,0
6,1096,1090,2,0
6,1097,1091,0,0
6,1098,1092,0,0
6,1099,1093,1,0
6,1100,1094,1,0
6,1101,1095,1,0
6,1102,1096,0,0
6,1103,1097,1,0
6,1104,1098,1,0
6,1105,1099,1,0
6,1106,1100,1,0
6,1107,1101,1,0
6,1108,1102,2,0
6,1109,1103,3,0
6,1110,1104,1,0
6,1111,1105,0,0
6,1112,1106,1,0
6,1113,1107,0,0
6,1114,1108,1,0
6,1115,1109,1,0
6,1116,1110,0,0
6,1117,1111,3,0
6,1118,1112,1,0
6,1119,1113,2,0
6,1120,1114,2,0
6,1121,1115,1,0
6,1122,1116,1,0
6,1123,1117,0,0
6,1124,1118,0,0
6,1125,1119,0,0
6,1126,1120,0,0
6,1127,1121,2,0
6,1128,1122,0,0
6,1129,1123,1,0
6,1130,1124,0,0
6,1131,1125,2,0
6,1132,1126,0,0
6,1133,1127,0,0
6,1134,1128,0,0
6,1135,1129,0,0
6,1136,1130,1,0
6,1137,1131,0,0
6,1138,1132,2,0
6,1139,1133,0,0
6,1140,1134,1,0
6,1141,1135,1,0
6,1142,1136,0,0
6,1143,1137,0,0
6,1144,1138,1,0
6,1145,1139,1,0
6,1146,1140,0,0
6,1147,1141,3,0
6,1148,1142,0,0
6,1149,1143,1,0
6,1150,1144,0,0
6,1151,1145,1,0
6,1152,1146,0,0
6,1153,1147,0,0
6,1154,1148,1,0
6,1155,1149,1,0
6,1156,1150,2,0
6,1157,1151,0,0
6,1158,1152,2,0
6,1159,1153,1,0
6,1160,1154,0,0
6,1161,1155,0,0
6,1162,1156,0,0
6,1163,1157,0,0
6,1164,1158,2,0
6,1165,1159,2,0
6,1166,1160,0,0
6,1167,1161,0,0
6,1168,1162,1,0
6,1169,1163,0,0
6,1170,1164,1,0
6,1171,1165,2,0
6,1172,1166,1,0
6,1173,1167,1,0
6,1174,1168,0,0
6,1175,1169,1,0
6,1176,1170,0,0
6,1177,1171,2,0
6,1178,1172,1,0
6,1179,1173,1,0
6,1180,1174,0,0
6,1181,1175,1,0
6,1182,1176,1,0
6,1183,1177,1,0
6,1184,1178,0,0
6,1185,1179,0,0
6,1186,1180,0,0
6,1187,1181,0,0
6,1188,1182,0,0
6,1189,1183,0,0
6,1190,1184,1,0
6,1191,1185,0,0
6,1192,1186,2,0
6,1193,1187,0,0
6,1194,1188,1,0
6,1195,1189,0,0
6,1196,1190,1,0
6,1197,1191,1,0
6,1198,1192,1,0
6,1199,1193,2,0
6,1200,1194,0,0
6,1201,1195,2,0
6,1202,1196,2,0
6,1203,1197,0,0
6,1204,1198,1,0
6,1205,1199,2,0
6,1206,1200,1,0
6,1207,1201,2,0
6,1208,1202,0,0
6,1209,1203,2,0
6,1210,1204,0,0
6,1211,1205,1,0
6,1212,1206,0,0
6,1213,1207,2,0
6,1214,1208,2,0
6,1215,1209,0,0
6,1216,1210,0,0
6,1217,1211,0,0
6,1218,1212,1,0
6,1219,1213,0,0
6,1220,1214,0,0
6,1221,1215,1,0
6,1222,1216,0,0
6,1223,1217,1,0
6,1224,1218,1,0
6,1225,1219,0,0
6,1226,1220,1,0
6,1227,1221,0,0
6,1228,1222,0,0
6,1229,1223,0,0
6,1230,1224,1,0
6,1231,1225,0,0
6,1232,1226,0,0
6,1233,1227,0,0
6,1234,1228,2,0
6,1235,1229,0,0
6,1236,1230,0,0
6,1237,1231,0,0
6,1238,1232,0,0
