evaluation_round,max_outcome_round_used,number_pass,trio_pass,raw_pair,raw_pair_candidates,evidence_materialized_candidates,pair_ready,pair_test_ready,pair_research_hold,pair_system_hold,core_entry_candidates,core_available,shadow_output_available
369,0,1,1,1,20,20,0,0,20,0,0,0,0
370,369,1,1,0,0,0,0,0,0,0,0,0,0
371,369,1,0,0,0,0,0,0,0,0,0,0,0
372,369,1,0,0,0,0,0,0,0,0,0,0,0
373,369,1,0,0,0,0,0,0,0,0,0,0,0
374,369,1,0,0,0,0,0,0,0,0,0,0,0
375,369,1,0,0,0,0,0,0,0,0,0,0,0
376,369,1,1,1,4,4,0,0,4,0,0,0,0
377,376,1,0,0,0,0,0,0,0,0,0,0,0
378,376,1,1,1,11,11,0,0,11,0,0,0,0
379,378,1,1,1,34,34,0,0,34,0,0,0,0
380,379,1,0,0,0,0,0,0,0,0,0,0,0
381,379,1,0,0,0,0,0,0,0,0,0,0,0
382,379,1,0,0,0,0,0,0,0,0,0,0,0
383,379,1,0,0,0,0,0,0,0,0,0,0,0
384,379,1,1,1,101,101,0,0,101,0,0,0,0
385,384,1,1,1,94,94,0,0,94,0,0,0,0
386,385,1,0,0,0,0,0,0,0,0,0,0,0
387,385,1,1,1,138,138,0,0,138,0,0,0,0
388,387,1,0,0,0,0,0,0,0,0,0,0,0
389,387,1,1,1,551,551,0,0,551,0,0,0,0
390,389,1,0,0,0,0,0,0,0,0,0,0,0
391,389,1,0,0,0,0,0,0,0,0,0,0,0
392,389,1,1,1,51,51,0,0,51,0,0,0,0
393,392,1,0,0,0,0,0,0,0,0,0,0,0
394,392,1,1,1,27,27,0,0,27,0,0,0,0
395,394,1,0,0,0,0,0,0,0,0,0,0,0
396,394,1,1,1,79,79,0,0,79,0,0,0,0
397,396,1,0,0,0,0,0,0,0,0,0,0,0
398,396,1,0,0,0,0,0,0,0,0,0,0,0
399,396,1,0,0,0,0,0,0,0,0,0,0,0
400,396,1,0,0,0,0,0,0,0,0,0,0,0
401,396,1,1,1,44,44,0,0,44,0,0,0,0
402,401,1,0,0,0,0,0,0,0,0,0,0,0
403,401,1,0,0,0,0,0,0,0,0,0,0,0
404,401,1,1,0,0,0,0,0,0,0,0,0,0
405,401,1,1,1,77,77,0,0,77,0,0,0,0
406,405,1,0,0,0,0,0,0,0,0,0,0,0
407,405,1,0,0,0,0,0,0,0,0,0,0,0
408,405,1,0,0,0,0,0,0,0,0,0,0,0
409,405,1,1,1,74,74,0,0,74,0,0,0,0
410,409,1,0,0,0,0,0,0,0,0,0,0,0
411,409,1,0,0,0,0,0,0,0,0,0,0,0
412,409,1,1,1,346,346,0,0,346,0,0,0,0
413,412,1,0,0,0,0,0,0,0,0,0,0,0
414,412,1,1,1,62,62,0,0,62,0,0,0,0
415,414,1,0,0,0,0,0,0,0,0,0,0,0
416,414,1,0,0,0,0,0,0,0,0,0,0,0
417,414,1,1,1,165,165,0,0,165,0,0,0,0
418,417,1,1,1,4,4,0,0,4,0,0,0,0
419,418,1,0,0,0,0,0,0,0,0,0,0,0
420,418,1,0,0,0,0,0,0,0,0,0,0,0
421,418,1,0,0,0,0,0,0,0,0,0,0,0
422,418,1,0,0,0,0,0,0,0,0,0,0,0
423,418,1,0,0,0,0,0,0,0,0,0,0,0
424,418,1,0,0,0,0,0,0,0,0,0,0,0
425,418,1,0,0,0,0,0,0,0,0,0,0,0
426,418,1,0,0,0,0,0,0,0,0,0,0,0
427,418,1,0,0,0,0,0,0,0,0,0,0,0
428,418,1,0,0,0,0,0,0,0,0,0,0,0
429,418,1,0,0,0,0,0,0,0,0,0,0,0
430,418,1,0,0,0,0,0,0,0,0,0,0,0
431,418,1,1,1,218,218,0,0,218,0,0,0,0
432,431,1,0,0,0,0,0,0,0,0,0,0,0
433,431,1,0,0,0,0,0,0,0,0,0,0,0
434,431,1,0,0,0,0,0,0,0,0,0,0,0
435,431,1,0,0,0,0,0,0,0,0,0,0,0
436,431,1,0,0,0,0,0,0,0,0,0,0,0
437,431,1,0,0,0,0,0,0,0,0,0,0,0
438,431,1,0,0,0,0,0,0,0,0,0,0,0
439,431,1,0,0,0,0,0,0,0,0,0,0,0
440,431,1,0,0,0,0,0,0,0,0,0,0,0
441,431,1,0,0,0,0,0,0,0,0,0,0,0
442,431,1,0,0,0,0,0,0,0,0,0,0,0
443,431,1,0,0,0,0,0,0,0,0,0,0,0
444,431,1,0,0,0,0,0,0,0,0,0,0,0
445,431,1,0,0,0,0,0,0,0,0,0,0,0
446,431,1,0,0,0,0,0,0,0,0,0,0,0
447,431,1,1,1,302,302,0,0,302,0,0,0,0
448,447,1,0,0,0,0,0,0,0,0,0,0,0
449,447,1,1,1,422,422,0,0,422,0,0,0,0
450,449,1,0,0,0,0,0,0,0,0,0,0,0
451,449,1,1,1,475,475,0,0,475,0,0,0,0
452,451,1,0,0,0,0,0,0,0,0,0,0,0
453,451,1,1,1,67,67,0,0,67,0,0,0,0
454,453,1,1,1,186,186,0,0,186,0,0,0,0
455,454,1,1,1,26,26,0,0,26,0,0,0,0
456,455,1,0,0,0,0,0,0,0,0,0,0,0
457,455,1,0,0,0,0,0,0,0,0,0,0,0
458,455,1,0,0,0,0,0,0,0,0,0,0,0
459,455,1,0,0,0,0,0,0,0,0,0,0,0
460,455,1,1,1,59,59,0,0,59,0,0,0,0
461,460,1,0,0,0,0,0,0,0,0,0,0,0
462,460,1,1,0,0,0,0,0,0,0,0,0,0
463,460,1,0,0,0,0,0,0,0,0,0,0,0
464,460,1,0,0,0,0,0,0,0,0,0,0,0
465,460,1,0,0,0,0,0,0,0,0,0,0,0
466,460,1,0,0,0,0,0,0,0,0,0,0,0
467,460,1,0,0,0,0,0,0,0,0,0,0,0
468,460,1,1,1,645,645,0,0,645,0,0,0,0
469,468,1,0,0,0,0,0,0,0,0,0,0,0
470,468,1,0,0,0,0,0,0,0,0,0,0,0
471,468,1,1,1,540,540,0,0,540,0,0,0,0
472,471,1,0,0,0,0,0,0,0,0,0,0,0
473,471,1,0,0,0,0,0,0,0,0,0,0,0
474,471,1,0,0,0,0,0,0,0,0,0,0,0
475,471,1,0,0,0,0,0,0,0,0,0,0,0
476,471,1,0,0,0,0,0,0,0,0,0,0,0
477,471,1,1,1,309,309,0,0,309,0,0,0,0
478,477,1,1,1,147,147,0,0,147,0,0,0,0
479,478,1,1,1,188,188,0,0,188,0,0,0,0
480,479,1,0,0,0,0,0,0,0,0,0,0,0
481,479,1,0,0,0,0,0,0,0,0,0,0,0
482,479,1,0,0,0,0,0,0,0,0,0,0,0
483,479,1,1,1,961,961,0,0,961,0,0,0,0
484,483,1,1,1,350,350,0,0,350,0,0,0,0
485,484,1,1,1,2164,2164,0,0,2164,0,0,0,0
486,485,1,0,0,0,0,0,0,0,0,0,0,0
487,485,1,1,1,1013,1013,0,0,1013,0,0,0,0
488,487,1,0,0,0,0,0,0,0,0,0,0,0
489,487,1,1,1,19,19,0,0,19,0,0,0,0
490,489,1,0,0,0,0,0,0,0,0,0,0,0
491,489,1,1,1,675,675,0,0,675,0,0,0,0
492,491,1,1,1,1649,1649,0,0,1649,0,0,0,0
493,492,1,0,0,0,0,0,0,0,0,0,0,0
494,492,1,0,0,0,0,0,0,0,0,0,0,0
495,492,1,1,1,374,374,0,0,374,0,0,0,0
496,495,1,0,0,0,0,0,0,0,0,0,0,0
497,495,1,0,0,0,0,0,0,0,0,0,0,0
498,495,1,0,0,0,0,0,0,0,0,0,0,0
499,495,1,1,1,775,775,0,0,775,0,0,0,0
500,499,1,0,0,0,0,0,0,0,0,0,0,0
501,499,1,0,0,0,0,0,0,0,0,0,0,0
502,499,1,0,0,0,0,0,0,0,0,0,0,0
503,499,1,0,0,0,0,0,0,0,0,0,0,0
504,499,1,0,0,0,0,0,0,0,0,0,0,0
505,499,1,1,1,1947,1947,0,0,1947,0,0,0,0
506,505,1,0,0,0,0,0,0,0,0,0,0,0
507,505,1,1,1,148,148,0,0,148,0,0,0,0
508,507,1,1,1,649,649,0,0,649,0,0,0,0
509,508,1,0,0,0,0,0,0,0,0,0,0,0
510,508,1,0,0,0,0,0,0,0,0,0,0,0
511,508,1,0,0,0,0,0,0,0,0,0,0,0
512,508,1,1,1,385,385,0,0,385,0,0,0,0
513,512,1,0,0,0,0,0,0,0,0,0,0,0
514,512,1,0,0,0,0,0,0,0,0,0,0,0
515,512,1,1,1,2046,2046,0,0,2046,0,0,0,0
516,515,1,0,0,0,0,0,0,0,0,0,0,0
517,515,1,0,0,0,0,0,0,0,0,0,0,0
518,515,1,1,1,1238,1238,0,0,1238,0,0,0,0
519,518,1,1,1,28,28,0,0,28,0,0,0,0
520,519,1,0,0,0,0,0,0,0,0,0,0,0
521,519,1,0,0,0,0,0,0,0,0,0,0,0
522,519,1,1,1,1302,1302,0,0,1302,0,0,0,0
523,522,1,0,0,0,0,0,0,0,0,0,0,0
524,522,1,0,0,0,0,0,0,0,0,0,0,0
525,522,1,1,1,723,723,0,0,723,0,0,0,0
526,525,1,1,1,16,16,0,0,16,0,0,0,0
527,526,1,0,0,0,0,0,0,0,0,0,0,0
528,526,1,0,0,0,0,0,0,0,0,0,0,0
529,526,1,0,0,0,0,0,0,0,0,0,0,0
530,526,1,0,0,0,0,0,0,0,0,0,0,0
531,526,1,0,0,0,0,0,0,0,0,0,0,0
532,526,1,0,0,0,0,0,0,0,0,0,0,0
533,526,1,1,1,388,388,0,388,0,0,388,1,1
534,533,1,1,1,178,178,0,178,0,0,178,1,1
535,534,1,0,0,0,0,0,0,0,0,0,0,0
536,534,1,0,0,0,0,0,0,0,0,0,0,0
537,534,1,0,0,0,0,0,0,0,0,0,0,0
538,534,1,1,1,493,493,0,493,0,0,493,1,1
539,538,1,0,0,0,0,0,0,0,0,0,0,0
540,538,1,1,1,325,325,0,325,0,0,325,1,1
541,540,1,0,0,0,0,0,0,0,0,0,0,0
542,540,1,0,0,0,0,0,0,0,0,0,0,0
543,540,1,1,1,460,460,0,460,0,0,460,1,1
544,543,1,1,1,15,15,0,15,0,0,15,1,1
545,544,1,0,0,0,0,0,0,0,0,0,0,0
546,544,1,0,0,0,0,0,0,0,0,0,0,0
547,544,1,0,0,0,0,0,0,0,0,0,0,0
548,544,1,0,0,0,0,0,0,0,0,0,0,0
549,544,1,1,0,0,0,0,0,0,0,0,0,0
550,544,1,1,1,424,424,0,424,0,0,424,1,1
551,550,1,0,0,0,0,0,0,0,0,0,0,0
552,550,1,0,0,0,0,0,0,0,0,0,0,0
553,550,1,0,0,0,0,0,0,0,0,0,0,0
554,550,1,0,0,0,0,0,0,0,0,0,0,0
555,550,1,1,1,116,116,0,116,0,0,116,1,1
556,555,1,0,0,0,0,0,0,0,0,0,0,0
557,555,1,0,0,0,0,0,0,0,0,0,0,0
558,555,1,1,1,437,437,0,437,0,0,437,1,1
559,558,1,0,0,0,0,0,0,0,0,0,0,0
560,558,1,1,1,621,621,0,621,0,0,621,1,1
561,560,1,1,1,591,591,0,591,0,0,591,1,1
562,561,1,0,0,0,0,0,0,0,0,0,0,0
563,561,1,0,0,0,0,0,0,0,0,0,0,0
564,561,1,1,1,206,206,0,206,0,0,206,1,1
565,564,1,0,0,0,0,0,0,0,0,0,0,0
566,564,1,1,1,613,613,0,613,0,0,613,1,1
567,566,1,0,0,0,0,0,0,0,0,0,0,0
568,566,1,1,1,1263,1263,0,1263,0,0,1263,1,1
569,568,1,1,1,287,287,0,287,0,0,287,1,1
570,569,1,1,1,217,217,0,217,0,0,217,1,1
571,570,1,0,0,0,0,0,0,0,0,0,0,0
572,570,1,0,0,0,0,0,0,0,0,0,0,0
573,570,1,1,1,319,319,0,319,0,0,319,1,1
574,573,1,0,0,0,0,0,0,0,0,0,0,0
575,573,1,1,0,0,0,0,0,0,0,0,0,0
576,573,1,1,1,509,509,0,509,0,0,509,1,1
577,576,1,0,0,0,0,0,0,0,0,0,0,0
578,576,1,0,0,0,0,0,0,0,0,0,0,0
579,576,1,0,0,0,0,0,0,0,0,0,0,0
580,576,1,1,1,1066,1066,0,1066,0,0,1066,1,1
581,580,1,0,0,0,0,0,0,0,0,0,0,0
582,580,1,1,1,642,642,0,642,0,0,642,1,1
583,582,1,0,0,0,0,0,0,0,0,0,0,0
584,582,1,0,0,0,0,0,0,0,0,0,0,0
585,582,1,1,1,56,56,0,56,0,0,56,1,1
586,585,1,1,0,0,0,0,0,0,0,0,0,0
587,585,1,0,0,0,0,0,0,0,0,0,0,0
588,585,1,0,0,0,0,0,0,0,0,0,0,0
589,585,1,0,0,0,0,0,0,0,0,0,0,0
590,585,1,0,0,0,0,0,0,0,0,0,0,0
591,585,1,1,1,4,4,0,4,0,0,4,1,1
592,591,1,1,1,108,108,0,108,0,0,108,1,1
593,592,1,1,1,15,15,0,15,0,0,15,1,1
594,593,1,1,1,418,418,0,418,0,0,418,1,1
595,594,1,1,1,194,194,0,194,0,0,194,1,1
596,595,1,0,0,0,0,0,0,0,0,0,0,0
597,595,1,1,1,619,619,0,619,0,0,619,1,1
598,597,1,1,1,23,23,0,23,0,0,23,1,1
599,598,1,1,1,816,816,0,816,0,0,816,1,1
600,599,1,0,0,0,0,0,0,0,0,0,0,0
601,599,1,0,0,0,0,0,0,0,0,0,0,0
602,599,1,0,0,0,0,0,0,0,0,0,0,0
603,599,1,1,1,1408,1408,0,1408,0,0,1408,1,1
604,603,1,0,0,0,0,0,0,0,0,0,0,0
605,603,1,0,0,0,0,0,0,0,0,0,0,0
606,603,1,0,0,0,0,0,0,0,0,0,0,0
607,603,1,1,1,663,663,0,663,0,0,663,1,1
608,607,1,1,1,809,809,0,809,0,0,809,1,1
609,608,1,0,0,0,0,0,0,0,0,0,0,0
610,608,1,0,0,0,0,0,0,0,0,0,0,0
611,608,1,0,0,0,0,0,0,0,0,0,0,0
612,608,1,1,1,1594,1594,0,1594,0,0,1594,1,1
613,612,1,0,0,0,0,0,0,0,0,0,0,0
614,612,1,1,1,529,529,0,529,0,0,529,1,1
615,614,1,0,0,0,0,0,0,0,0,0,0,0
616,614,1,0,0,0,0,0,0,0,0,0,0,0
617,614,1,0,0,0,0,0,0,0,0,0,0,0
618,614,1,0,0,0,0,0,0,0,0,0,0,0
619,614,1,0,0,0,0,0,0,0,0,0,0,0
620,614,1,0,0,0,0,0,0,0,0,0,0,0
621,614,1,1,1,1046,1046,0,1046,0,0,1046,1,1
622,621,1,0,0,0,0,0,0,0,0,0,0,0
623,621,1,1,1,740,740,0,740,0,0,740,1,1
624,623,1,1,1,424,424,0,424,0,0,424,1,1
625,624,1,1,1,753,753,0,753,0,0,753,1,1
626,625,1,1,1,919,919,0,919,0,0,919,1,1
627,626,1,0,0,0,0,0,0,0,0,0,0,0
628,626,1,0,0,0,0,0,0,0,0,0,0,0
629,626,1,1,1,823,823,0,823,0,0,823,1,1
630,629,1,1,1,633,633,0,633,0,0,633,1,1
631,630,1,0,0,0,0,0,0,0,0,0,0,0
632,630,1,0,0,0,0,0,0,0,0,0,0,0
633,630,1,1,1,1285,1285,0,1285,0,0,1285,1,1
634,633,1,0,0,0,0,0,0,0,0,0,0,0
635,633,1,0,0,0,0,0,0,0,0,0,0,0
636,633,1,0,0,0,0,0,0,0,0,0,0,0
637,633,1,0,0,0,0,0,0,0,0,0,0,0
638,633,0,0,0,0,0,0,0,0,0,0,0,0
639,633,1,1,1,731,731,0,731,0,0,731,1,1
640,639,1,1,1,832,832,0,832,0,0,832,1,1
641,640,1,0,0,0,0,0,0,0,0,0,0,0
642,640,1,1,1,763,763,0,763,0,0,763,1,1
643,642,1,1,1,806,806,0,806,0,0,806,1,1
644,643,1,0,0,0,0,0,0,0,0,0,0,0
645,643,1,0,0,0,0,0,0,0,0,0,0,0
646,643,1,0,0,0,0,0,0,0,0,0,0,0
647,643,1,0,0,0,0,0,0,0,0,0,0,0
648,643,1,0,0,0,0,0,0,0,0,0,0,0
649,643,1,1,1,458,458,0,458,0,0,458,1,1
650,649,1,0,0,0,0,0,0,0,0,0,0,0
651,649,1,0,0,0,0,0,0,0,0,0,0,0
652,649,1,0,0,0,0,0,0,0,0,0,0,0
653,649,1,1,1,230,230,0,230,0,0,230,1,1
654,653,1,0,0,0,0,0,0,0,0,0,0,0
655,653,0,0,0,0,0,0,0,0,0,0,0,0
656,653,1,0,0,0,0,0,0,0,0,0,0,0
657,653,1,0,0,0,0,0,0,0,0,0,0,0
658,653,1,0,0,0,0,0,0,0,0,0,0,0
659,653,1,1,1,303,303,0,303,0,0,303,1,1
660,659,1,1,1,318,318,0,318,0,0,318,1,1
661,660,1,0,0,0,0,0,0,0,0,0,0,0
662,660,1,1,1,726,726,0,726,0,0,726,1,1
663,662,1,1,1,636,636,0,636,0,0,636,1,1
664,663,1,0,0,0,0,0,0,0,0,0,0,0
665,663,1,0,0,0,0,0,0,0,0,0,0,0
666,663,1,0,0,0,0,0,0,0,0,0,0,0
667,663,1,0,0,0,0,0,0,0,0,0,0,0
668,663,1,0,0,0,0,0,0,0,0,0,0,0
669,663,1,1,1,639,639,0,639,0,0,639,1,1
670,669,1,0,0,0,0,0,0,0,0,0,0,0
671,669,1,0,0,0,0,0,0,0,0,0,0,0
672,669,1,0,0,0,0,0,0,0,0,0,0,0
673,669,1,1,0,0,0,0,0,0,0,0,0,0
674,669,1,0,0,0,0,0,0,0,0,0,0,0
675,669,1,1,1,501,501,0,501,0,0,501,1,1
676,675,1,0,0,0,0,0,0,0,0,0,0,0
677,675,1,1,1,778,778,0,778,0,0,778,1,1
678,677,1,0,0,0,0,0,0,0,0,0,0,0
679,677,1,0,0,0,0,0,0,0,0,0,0,0
680,677,1,1,1,433,433,0,433,0,0,433,1,1
681,680,1,0,0,0,0,0,0,0,0,0,0,0
682,680,1,0,0,0,0,0,0,0,0,0,0,0
683,680,0,0,0,0,0,0,0,0,0,0,0,0
684,680,1,1,1,987,987,0,987,0,0,987,1,1
685,684,1,0,0,0,0,0,0,0,0,0,0,0
686,684,1,0,0,0,0,0,0,0,0,0,0,0
687,684,1,1,1,655,655,0,655,0,0,655,1,1
688,687,1,1,1,1094,1094,0,1094,0,0,1094,1,1
689,688,1,0,0,0,0,0,0,0,0,0,0,0
690,688,1,1,1,162,162,0,162,0,0,162,1,1
691,690,1,0,0,0,0,0,0,0,0,0,0,0
692,690,1,0,0,0,0,0,0,0,0,0,0,0
693,690,1,1,1,1164,1164,0,1164,0,0,1164,1,1
694,693,1,1,1,688,688,0,688,0,0,688,1,1
695,694,1,1,1,305,305,0,305,0,0,305,1,1
696,695,1,0,0,0,0,0,0,0,0,0,0,0
697,695,1,1,1,575,575,0,575,0,0,575,1,1
698,697,1,0,0,0,0,0,0,0,0,0,0,0
699,697,1,0,0,0,0,0,0,0,0,0,0,0
700,697,1,0,0,0,0,0,0,0,0,0,0,0
701,697,1,0,0,0,0,0,0,0,0,0,0,0
702,697,1,0,0,0,0,0,0,0,0,0,0,0
703,697,1,0,0,0,0,0,0,0,0,0,0,0
704,697,1,0,0,0,0,0,0,0,0,0,0,0
705,697,1,1,1,1878,1878,0,1878,0,0,1878,1,1
706,705,1,1,1,1096,1096,0,1096,0,0,1096,1,1
707,706,1,0,0,0,0,0,0,0,0,0,0,0
708,706,1,0,0,0,0,0,0,0,0,0,0,0
709,706,1,1,1,451,451,0,451,0,0,451,1,1
710,709,1,0,0,0,0,0,0,0,0,0,0,0
711,709,1,0,0,0,0,0,0,0,0,0,0,0
712,709,1,1,1,727,727,0,727,0,0,727,1,1
713,712,1,0,0,0,0,0,0,0,0,0,0,0
714,712,1,0,0,0,0,0,0,0,0,0,0,0
715,712,1,1,1,839,839,0,839,0,0,839,1,1
716,715,1,1,1,1259,1259,0,1259,0,0,1259,1,1
717,716,1,0,0,0,0,0,0,0,0,0,0,0
718,716,1,0,0,0,0,0,0,0,0,0,0,0
719,716,1,0,0,0,0,0,0,0,0,0,0,0
720,716,1,1,1,551,551,0,551,0,0,551,1,1
721,720,1,1,1,837,837,0,837,0,0,837,1,1
722,721,1,0,0,0,0,0,0,0,0,0,0,0
723,721,1,1,1,301,301,0,301,0,0,301,1,1
724,723,1,0,0,0,0,0,0,0,0,0,0,0
725,723,1,0,0,0,0,0,0,0,0,0,0,0
726,723,1,0,0,0,0,0,0,0,0,0,0,0
727,723,1,0,0,0,0,0,0,0,0,0,0,0
728,723,1,0,0,0,0,0,0,0,0,0,0,0
729,723,1,0,0,0,0,0,0,0,0,0,0,0
730,723,1,0,0,0,0,0,0,0,0,0,0,0
731,723,1,0,0,0,0,0,0,0,0,0,0,0
732,723,1,1,1,693,693,0,693,0,0,693,1,1
733,732,1,1,1,480,480,0,480,0,0,480,1,1
734,733,1,0,0,0,0,0,0,0,0,0,0,0
735,733,1,0,0,0,0,0,0,0,0,0,0,0
736,733,1,1,1,312,312,0,312,0,0,312,1,1
737,736,1,0,0,0,0,0,0,0,0,0,0,0
738,736,1,0,0,0,0,0,0,0,0,0,0,0
739,736,1,0,0,0,0,0,0,0,0,0,0,0
740,736,1,0,0,0,0,0,0,0,0,0,0,0
741,736,1,0,0,0,0,0,0,0,0,0,0,0
742,736,1,1,1,361,361,0,361,0,0,361,1,1
743,742,1,0,0,0,0,0,0,0,0,0,0,0
744,742,1,1,1,553,553,0,553,0,0,553,1,1
745,744,1,1,1,478,478,0,478,0,0,478,1,1
746,745,1,0,0,0,0,0,0,0,0,0,0,0
747,745,1,0,0,0,0,0,0,0,0,0,0,0
748,745,1,0,0,0,0,0,0,0,0,0,0,0
749,745,0,0,0,0,0,0,0,0,0,0,0,0
750,745,1,0,0,0,0,0,0,0,0,0,0,0
751,745,1,1,1,386,386,0,386,0,0,386,1,1
752,751,1,1,1,808,808,0,808,0,0,808,1,1
753,752,1,0,0,0,0,0,0,0,0,0,0,0
754,752,1,1,1,578,578,0,578,0,0,578,1,1
755,754,0,0,0,0,0,0,0,0,0,0,0,0
756,754,1,0,0,0,0,0,0,0,0,0,0,0
757,754,1,0,0,0,0,0,0,0,0,0,0,0
758,754,1,1,1,548,548,0,548,0,0,548,1,1
759,758,0,0,0,0,0,0,0,0,0,0,0,0
760,758,1,0,0,0,0,0,0,0,0,0,0,0
761,758,1,1,1,513,513,0,513,0,0,513,1,1
762,761,1,0,0,0,0,0,0,0,0,0,0,0
763,761,1,0,0,0,0,0,0,0,0,0,0,0
764,761,1,0,0,0,0,0,0,0,0,0,0,0
765,761,1,1,1,584,584,0,584,0,0,584,1,1
766,765,1,0,0,0,0,0,0,0,0,0,0,0
767,765,1,1,1,744,744,0,744,0,0,744,1,1
768,767,0,0,0,0,0,0,0,0,0,0,0,0
769,767,1,0,0,0,0,0,0,0,0,0,0,0
770,767,1,0,0,0,0,0,0,0,0,0,0,0
771,767,1,0,0,0,0,0,0,0,0,0,0,0
772,767,1,0,0,0,0,0,0,0,0,0,0,0
773,767,1,1,1,741,741,0,741,0,0,741,1,1
774,773,0,0,0,0,0,0,0,0,0,0,0,0
775,773,1,0,0,0,0,0,0,0,0,0,0,0
776,773,1,0,0,0,0,0,0,0,0,0,0,0
777,773,1,0,0,0,0,0,0,0,0,0,0,0
778,773,1,1,1,335,335,0,335,0,0,335,1,1
779,778,1,0,0,0,0,0,0,0,0,0,0,0
780,778,1,0,0,0,0,0,0,0,0,0,0,0
781,778,1,0,0,0,0,0,0,0,0,0,0,0
782,778,1,0,0,0,0,0,0,0,0,0,0,0
783,778,1,1,1,1043,1043,0,1043,0,0,1043,1,1
784,783,1,0,0,0,0,0,0,0,0,0,0,0
785,783,1,0,0,0,0,0,0,0,0,0,0,0
786,783,0,0,0,0,0,0,0,0,0,0,0,0
787,783,1,0,0,0,0,0,0,0,0,0,0,0
788,783,1,0,0,0,0,0,0,0,0,0,0,0
789,783,1,0,0,0,0,0,0,0,0,0,0,0
790,783,1,0,0,0,0,0,0,0,0,0,0,0
791,783,1,0,0,0,0,0,0,0,0,0,0,0
792,783,1,0,0,0,0,0,0,0,0,0,0,0
793,783,1,1,1,1153,1153,0,1153,0,0,1153,1,1
794,793,1,1,1,1288,1288,0,1288,0,0,1288,1,1
795,794,1,0,0,0,0,0,0,0,0,0,0,0
796,794,1,1,1,577,577,0,577,0,0,577,1,1
797,796,1,0,0,0,0,0,0,0,0,0,0,0
798,796,1,1,1,687,687,0,687,0,0,687,1,1
799,798,1,1,1,151,151,0,151,0,0,151,1,1
800,799,1,1,1,140,140,0,140,0,0,140,1,1
801,800,1,1,1,985,985,0,985,0,0,985,1,1
802,801,1,1,1,379,379,0,379,0,0,379,1,1
803,802,1,0,0,0,0,0,0,0,0,0,0,0
804,802,1,1,1,468,468,0,468,0,0,468,1,1
805,804,1,1,1,661,661,0,661,0,0,661,1,1
806,805,1,0,0,0,0,0,0,0,0,0,0,0
807,805,1,0,0,0,0,0,0,0,0,0,0,0
808,805,1,0,0,0,0,0,0,0,0,0,0,0
809,805,1,0,0,0,0,0,0,0,0,0,0,0
810,805,1,1,1,997,997,0,997,0,0,997,1,1
811,810,1,1,1,449,449,0,0,449,0,0,0,0
812,811,1,1,1,664,664,0,0,664,0,0,0,0
813,812,1,0,0,0,0,0,0,0,0,0,0,0
814,812,1,1,1,466,466,0,0,466,0,0,0,0
815,814,1,1,0,0,0,0,0,0,0,0,0,0
816,814,1,0,0,0,0,0,0,0,0,0,0,0
817,814,0,0,0,0,0,0,0,0,0,0,0,0
818,814,1,0,0,0,0,0,0,0,0,0,0,0
819,814,1,0,0,0,0,0,0,0,0,0,0,0
820,814,1,1,1,1337,1337,0,0,1337,0,0,0,0
821,820,1,1,1,301,301,0,0,301,0,0,0,0
822,821,1,1,1,709,709,0,0,709,0,0,0,0
823,822,1,1,1,490,490,0,0,490,0,0,0,0
824,823,1,0,0,0,0,0,0,0,0,0,0,0
825,823,1,0,0,0,0,0,0,0,0,0,0,0
826,823,1,1,1,595,595,0,0,595,0,0,0,0
827,826,1,1,1,449,449,0,0,449,0,0,0,0
828,827,1,0,0,0,0,0,0,0,0,0,0,0
829,827,1,1,1,160,160,0,0,160,0,0,0,0
830,829,1,0,0,0,0,0,0,0,0,0,0,0
831,829,1,0,0,0,0,0,0,0,0,0,0,0
832,829,1,0,0,0,0,0,0,0,0,0,0,0
833,829,1,1,1,1110,1110,0,0,1110,0,0,0,0
834,833,1,0,0,0,0,0,0,0,0,0,0,0
835,833,1,0,0,0,0,0,0,0,0,0,0,0
836,833,1,0,0,0,0,0,0,0,0,0,0,0
837,833,1,0,0,0,0,0,0,0,0,0,0,0
838,833,1,1,1,505,505,0,0,505,0,0,0,0
839,838,1,0,0,0,0,0,0,0,0,0,0,0
840,838,1,0,0,0,0,0,0,0,0,0,0,0
841,838,1,0,0,0,0,0,0,0,0,0,0,0
842,838,1,0,0,0,0,0,0,0,0,0,0,0
843,838,1,0,0,0,0,0,0,0,0,0,0,0
844,838,0,0,0,0,0,0,0,0,0,0,0,0
845,838,1,0,0,0,0,0,0,0,0,0,0,0
846,838,1,1,1,398,398,0,0,398,0,0,0,0
847,846,1,0,0,0,0,0,0,0,0,0,0,0
848,846,1,0,0,0,0,0,0,0,0,0,0,0
849,846,1,1,0,0,0,0,0,0,0,0,0,0
850,846,1,0,0,0,0,0,0,0,0,0,0,0
851,846,1,1,1,1387,1387,0,0,1387,0,0,0,0
852,851,1,1,1,433,433,0,0,433,0,0,0,0
853,852,1,0,0,0,0,0,0,0,0,0,0,0
854,852,1,1,1,938,938,0,0,938,0,0,0,0
855,854,1,1,1,900,900,0,0,900,0,0,0,0
856,855,1,0,0,0,0,0,0,0,0,0,0,0
857,855,1,0,0,0,0,0,0,0,0,0,0,0
858,855,0,0,0,0,0,0,0,0,0,0,0,0
859,855,1,0,0,0,0,0,0,0,0,0,0,0
860,855,1,1,1,127,127,0,0,127,0,0,0,0
861,860,1,1,1,103,103,0,0,103,0,0,0,0
862,861,1,0,0,0,0,0,0,0,0,0,0,0
863,861,1,0,0,0,0,0,0,0,0,0,0,0
864,861,1,0,0,0,0,0,0,0,0,0,0,0
865,861,1,1,1,1683,1683,0,0,1683,0,0,0,0
866,865,0,0,0,0,0,0,0,0,0,0,0,0
867,865,1,0,0,0,0,0,0,0,0,0,0,0
868,865,1,0,0,0,0,0,0,0,0,0,0,0
869,865,1,0,0,0,0,0,0,0,0,0,0,0
870,865,1,0,0,0,0,0,0,0,0,0,0,0
871,865,1,0,0,0,0,0,0,0,0,0,0,0
872,865,0,0,0,0,0,0,0,0,0,0,0,0
873,865,1,0,0,0,0,0,0,0,0,0,0,0
874,865,1,0,0,0,0,0,0,0,0,0,0,0
875,865,0,0,0,0,0,0,0,0,0,0,0,0
876,865,1,0,0,0,0,0,0,0,0,0,0,0
877,865,1,1,1,992,992,0,0,992,0,0,0,0
878,877,1,1,1,714,714,0,0,714,0,0,0,0
879,878,1,1,1,869,869,0,0,869,0,0,0,0
880,879,1,0,0,0,0,0,0,0,0,0,0,0
881,879,1,1,1,778,778,0,0,778,0,0,0,0
882,881,1,1,1,983,983,0,0,983,0,0,0,0
883,882,1,0,0,0,0,0,0,0,0,0,0,0
884,882,1,1,1,402,402,0,0,402,0,0,0,0
885,884,1,0,0,0,0,0,0,0,0,0,0,0
886,884,1,1,1,237,237,0,0,237,0,0,0,0
887,886,1,1,1,12,12,0,0,12,0,0,0,0
888,887,1,1,1,682,682,0,0,682,0,0,0,0
889,888,1,0,0,0,0,0,0,0,0,0,0,0
890,888,0,0,0,0,0,0,0,0,0,0,0,0
891,888,1,1,1,745,745,0,0,745,0,0,0,0
892,891,0,0,0,0,0,0,0,0,0,0,0,0
893,891,0,0,0,0,0,0,0,0,0,0,0,0
894,891,1,1,1,719,719,0,0,719,0,0,0,0
895,894,1,0,0,0,0,0,0,0,0,0,0,0
896,894,1,1,1,345,345,0,0,345,0,0,0,0
897,896,1,0,0,0,0,0,0,0,0,0,0,0
898,896,1,0,0,0,0,0,0,0,0,0,0,0
899,896,1,1,1,892,892,0,0,892,0,0,0,0
900,899,1,0,0,0,0,0,0,0,0,0,0,0
901,899,1,0,0,0,0,0,0,0,0,0,0,0
902,899,1,1,1,621,621,0,0,621,0,0,0,0
903,902,1,0,0,0,0,0,0,0,0,0,0,0
904,902,1,0,0,0,0,0,0,0,0,0,0,0
905,902,1,1,1,808,808,0,0,808,0,0,0,0
906,905,1,1,1,793,793,0,0,793,0,0,0,0
907,906,0,0,0,0,0,0,0,0,0,0,0,0
908,906,1,0,0,0,0,0,0,0,0,0,0,0
909,906,1,0,0,0,0,0,0,0,0,0,0,0
910,906,1,0,0,0,0,0,0,0,0,0,0,0
911,906,1,0,0,0,0,0,0,0,0,0,0,0
912,906,1,0,0,0,0,0,0,0,0,0,0,0
913,906,1,0,0,0,0,0,0,0,0,0,0,0
914,906,1,1,1,454,454,0,0,454,0,0,0,0
915,914,1,0,0,0,0,0,0,0,0,0,0,0
916,914,1,0,0,0,0,0,0,0,0,0,0,0
917,914,1,1,1,1131,1131,0,0,1131,0,0,0,0
918,917,1,0,0,0,0,0,0,0,0,0,0,0
919,917,1,0,0,0,0,0,0,0,0,0,0,0
920,917,1,1,1,595,595,0,0,595,0,0,0,0
921,920,1,0,0,0,0,0,0,0,0,0,0,0
922,920,1,0,0,0,0,0,0,0,0,0,0,0
923,920,0,0,0,0,0,0,0,0,0,0,0,0
924,920,1,0,0,0,0,0,0,0,0,0,0,0
925,920,1,0,0,0,0,0,0,0,0,0,0,0
926,920,0,0,0,0,0,0,0,0,0,0,0,0
927,920,1,0,0,0,0,0,0,0,0,0,0,0
928,920,1,1,1,568,568,0,0,568,0,0,0,0
929,928,1,0,0,0,0,0,0,0,0,0,0,0
930,928,1,0,0,0,0,0,0,0,0,0,0,0
931,928,1,0,0,0,0,0,0,0,0,0,0,0
932,928,1,0,0,0,0,0,0,0,0,0,0,0
933,928,1,0,0,0,0,0,0,0,0,0,0,0
934,928,1,0,0,0,0,0,0,0,0,0,0,0
935,928,1,1,1,804,804,0,0,804,0,0,0,0
936,935,1,0,0,0,0,0,0,0,0,0,0,0
937,935,1,0,0,0,0,0,0,0,0,0,0,0
938,935,0,0,0,0,0,0,0,0,0,0,0,0
939,935,1,0,0,0,0,0,0,0,0,0,0,0
940,935,1,1,1,816,816,0,0,816,0,0,0,0
941,940,1,1,1,1303,1303,0,0,1303,0,0,0,0
942,941,1,0,0,0,0,0,0,0,0,0,0,0
943,941,1,0,0,0,0,0,0,0,0,0,0,0
944,941,1,1,1,872,872,0,0,872,0,0,0,0
945,944,1,0,0,0,0,0,0,0,0,0,0,0
946,944,0,0,0,0,0,0,0,0,0,0,0,0
947,944,0,0,0,0,0,0,0,0,0,0,0,0
948,944,1,1,1,2009,2009,0,0,2009,0,0,0,0
949,948,0,0,0,0,0,0,0,0,0,0,0,0
950,948,1,1,1,267,267,0,0,267,0,0,0,0
951,950,0,0,0,0,0,0,0,0,0,0,0,0
952,950,1,1,1,766,766,0,0,766,0,0,0,0
953,952,0,0,0,0,0,0,0,0,0,0,0,0
954,952,1,0,0,0,0,0,0,0,0,0,0,0
955,952,1,0,0,0,0,0,0,0,0,0,0,0
956,952,1,0,0,0,0,0,0,0,0,0,0,0
957,952,1,0,0,0,0,0,0,0,0,0,0,0
958,952,1,1,1,546,546,0,0,546,0,0,0,0
959,958,1,0,0,0,0,0,0,0,0,0,0,0
960,958,0,0,0,0,0,0,0,0,0,0,0,0
961,958,0,0,0,0,0,0,0,0,0,0,0,0
962,958,1,0,0,0,0,0,0,0,0,0,0,0
963,958,1,1,1,280,280,0,0,280,0,0,0,0
964,963,0,0,0,0,0,0,0,0,0,0,0,0
965,963,1,0,0,0,0,0,0,0,0,0,0,0
966,963,1,0,0,0,0,0,0,0,0,0,0,0
967,963,1,0,0,0,0,0,0,0,0,0,0,0
968,963,1,0,0,0,0,0,0,0,0,0,0,0
969,963,0,0,0,0,0,0,0,0,0,0,0,0
970,963,1,0,0,0,0,0,0,0,0,0,0,0
971,963,1,0,0,0,0,0,0,0,0,0,0,0
972,963,1,0,0,0,0,0,0,0,0,0,0,0
973,963,0,0,0,0,0,0,0,0,0,0,0,0
974,963,1,0,0,0,0,0,0,0,0,0,0,0
975,963,1,1,1,661,661,0,0,661,0,0,0,0
976,975,1,0,0,0,0,0,0,0,0,0,0,0
977,975,0,0,0,0,0,0,0,0,0,0,0,0
978,975,1,0,0,0,0,0,0,0,0,0,0,0
979,975,1,1,1,584,584,0,0,584,0,0,0,0
980,979,1,1,1,543,543,0,0,543,0,0,0,0
981,980,1,0,0,0,0,0,0,0,0,0,0,0
982,980,1,0,0,0,0,0,0,0,0,0,0,0
983,980,1,0,0,0,0,0,0,0,0,0,0,0
984,980,1,0,0,0,0,0,0,0,0,0,0,0
985,980,0,0,0,0,0,0,0,0,0,0,0,0
986,980,1,1,1,232,232,0,0,232,0,0,0,0
987,986,1,0,0,0,0,0,0,0,0,0,0,0
988,986,1,1,0,0,0,0,0,0,0,0,0,0
989,986,0,0,0,0,0,0,0,0,0,0,0,0
990,986,1,0,0,0,0,0,0,0,0,0,0,0
991,986,1,0,0,0,0,0,0,0,0,0,0,0
992,986,1,1,1,67,67,0,0,67,0,0,0,0
993,992,1,1,1,978,978,0,0,978,0,0,0,0
994,993,1,0,0,0,0,0,0,0,0,0,0,0
995,993,1,0,0,0,0,0,0,0,0,0,0,0
996,993,1,1,1,1207,1207,0,0,1207,0,0,0,0
997,996,0,0,0,0,0,0,0,0,0,0,0,0
998,996,1,0,0,0,0,0,0,0,0,0,0,0
999,996,1,0,0,0,0,0,0,0,0,0,0,0
1000,996,1,0,0,0,0,0,0,0,0,0,0,0
1001,996,0,0,0,0,0,0,0,0,0,0,0,0
1002,996,1,0,0,0,0,0,0,0,0,0,0,0
1003,996,1,0,0,0,0,0,0,0,0,0,0,0
1004,996,1,0,0,0,0,0,0,0,0,0,0,0
1005,996,0,0,0,0,0,0,0,0,0,0,0,0
1006,996,1,0,0,0,0,0,0,0,0,0,0,0
1007,996,1,0,0,0,0,0,0,0,0,0,0,0
1008,996,1,1,1,290,290,0,0,290,0,0,0,0
1009,1008,1,1,1,920,920,0,0,920,0,0,0,0
1010,1009,1,1,1,1548,1548,0,0,1548,0,0,0,0
1011,1010,0,0,0,0,0,0,0,0,0,0,0,0
1012,1010,0,0,0,0,0,0,0,0,0,0,0,0
1013,1010,0,0,0,0,0,0,0,0,0,0,0,0
1014,1010,1,0,0,0,0,0,0,0,0,0,0,0
1015,1010,1,0,0,0,0,0,0,0,0,0,0,0
1016,1010,1,0,0,0,0,0,0,0,0,0,0,0
1017,1010,1,0,0,0,0,0,0,0,0,0,0,0
1018,1010,1,0,0,0,0,0,0,0,0,0,0,0
1019,1010,0,0,0,0,0,0,0,0,0,0,0,0
1020,1010,1,0,0,0,0,0,0,0,0,0,0,0
1021,1010,1,1,0,0,0,0,0,0,0,0,0,0
1022,1010,1,0,0,0,0,0,0,0,0,0,0,0
1023,1010,1,1,1,914,914,0,0,914,0,0,0,0
1024,1023,1,0,0,0,0,0,0,0,0,0,0,0
1025,1023,0,0,0,0,0,0,0,0,0,0,0,0
1026,1023,1,0,0,0,0,0,0,0,0,0,0,0
1027,1023,1,0,0,0,0,0,0,0,0,0,0,0
1028,1023,0,0,0,0,0,0,0,0,0,0,0,0
1029,1023,1,1,0,0,0,0,0,0,0,0,0,0
1030,1023,1,1,1,291,291,0,0,291,0,0,0,0
1031,1030,1,0,0,0,0,0,0,0,0,0,0,0
1032,1030,1,0,0,0,0,0,0,0,0,0,0,0
1033,1030,0,0,0,0,0,0,0,0,0,0,0,0
1034,1030,1,1,1,187,187,0,0,187,0,0,0,0
1035,1034,1,0,0,0,0,0,0,0,0,0,0,0
1036,1034,1,1,1,95,95,0,0,95,0,0,0,0
1037,1036,1,0,0,0,0,0,0,0,0,0,0,0
1038,1036,1,1,1,595,595,0,0,595,0,0,0,0
1039,1038,0,0,0,0,0,0,0,0,0,0,0,0
1040,1038,1,0,0,0,0,0,0,0,0,0,0,0
1041,1038,1,0,0,0,0,0,0,0,0,0,0,0
1042,1038,1,0,0,0,0,0,0,0,0,0,0,0
1043,1038,0,0,0,0,0,0,0,0,0,0,0,0
1044,1038,1,0,0,0,0,0,0,0,0,0,0,0
1045,1038,1,1,1,23,23,0,0,23,0,0,0,0
1046,1045,1,1,1,567,567,0,0,567,0,0,0,0
1047,1046,1,0,0,0,0,0,0,0,0,0,0,0
1048,1046,1,0,0,0,0,0,0,0,0,0,0,0
1049,1046,0,0,0,0,0,0,0,0,0,0,0,0
1050,1046,1,1,1,801,801,0,0,801,0,0,0,0
1051,1050,1,1,1,590,590,0,0,590,0,0,0,0
1052,1051,1,0,0,0,0,0,0,0,0,0,0,0
1053,1051,0,0,0,0,0,0,0,0,0,0,0,0
1054,1051,1,0,0,0,0,0,0,0,0,0,0,0
1055,1051,1,0,0,0,0,0,0,0,0,0,0,0
1056,1051,0,0,0,0,0,0,0,0,0,0,0,0
1057,1051,1,1,1,91,91,0,0,91,0,0,0,0
1058,1057,1,0,0,0,0,0,0,0,0,0,0,0
1059,1057,1,1,1,1054,1054,0,0,1054,0,0,0,0
1060,1059,1,0,0,0,0,0,0,0,0,0,0,0
1061,1059,0,0,0,0,0,0,0,0,0,0,0,0
1062,1059,0,0,0,0,0,0,0,0,0,0,0,0
1063,1059,1,0,0,0,0,0,0,0,0,0,0,0
1064,1059,1,0,0,0,0,0,0,0,0,0,0,0
1065,1059,1,1,1,2,2,0,0,2,0,0,0,0
1066,1065,1,1,1,370,370,0,0,370,0,0,0,0
1067,1066,0,0,0,0,0,0,0,0,0,0,0,0
1068,1066,1,1,0,0,0,0,0,0,0,0,0,0
1069,1066,0,0,0,0,0,0,0,0,0,0,0,0
1070,1066,0,0,0,0,0,0,0,0,0,0,0,0
1071,1066,0,0,0,0,0,0,0,0,0,0,0,0
1072,1066,0,0,0,0,0,0,0,0,0,0,0,0
1073,1066,1,0,0,0,0,0,0,0,0,0,0,0
1074,1066,1,0,0,0,0,0,0,0,0,0,0,0
1075,1066,0,0,0,0,0,0,0,0,0,0,0,0
1076,1066,0,0,0,0,0,0,0,0,0,0,0,0
1077,1066,1,0,0,0,0,0,0,0,0,0,0,0
1078,1066,0,0,0,0,0,0,0,0,0,0,0,0
1079,1066,1,0,0,0,0,0,0,0,0,0,0,0
1080,1066,1,1,1,805,805,0,0,805,0,0,0,0
1081,1080,1,1,1,107,107,0,0,107,0,0,0,0
1082,1081,1,1,1,969,969,0,0,969,0,0,0,0
1083,1082,1,0,0,0,0,0,0,0,0,0,0,0
1084,1082,1,1,1,753,753,0,0,753,0,0,0,0
1085,1084,0,0,0,0,0,0,0,0,0,0,0,0
1086,1084,1,1,1,1142,1142,0,0,1142,0,0,0,0
1087,1086,1,0,0,0,0,0,0,0,0,0,0,0
1088,1086,1,0,0,0,0,0,0,0,0,0,0,0
1089,1086,1,0,0,0,0,0,0,0,0,0,0,0
1090,1086,1,0,0,0,0,0,0,0,0,0,0,0
1091,1086,0,0,0,0,0,0,0,0,0,0,0,0
1092,1086,1,1,1,1009,1009,0,0,1009,0,0,0,0
1093,1092,0,0,0,0,0,0,0,0,0,0,0,0
1094,1092,1,1,1,444,444,0,0,444,0,0,0,0
1095,1094,0,0,0,0,0,0,0,0,0,0,0,0
1096,1094,1,1,1,363,363,0,0,363,0,0,0,0
1097,1096,0,0,0,0,0,0,0,0,0,0,0,0
1098,1096,1,0,0,0,0,0,0,0,0,0,0,0
1099,1096,1,0,0,0,0,0,0,0,0,0,0,0
1100,1096,0,0,0,0,0,0,0,0,0,0,0,0
1101,1096,1,0,0,0,0,0,0,0,0,0,0,0
1102,1096,1,1,1,523,523,0,0,523,0,0,0,0
1103,1102,1,0,0,0,0,0,0,0,0,0,0,0
1104,1102,0,0,0,0,0,0,0,0,0,0,0,0
1105,1102,1,0,0,0,0,0,0,0,0,0,0,0
1106,1102,1,0,0,0,0,0,0,0,0,0,0,0
1107,1102,1,0,0,0,0,0,0,0,0,0,0,0
1108,1102,0,0,0,0,0,0,0,0,0,0,0,0
1109,1102,0,0,0,0,0,0,0,0,0,0,0,0
1110,1102,1,0,0,0,0,0,0,0,0,0,0,0
1111,1102,1,1,1,59,59,0,0,59,0,0,0,0
1112,1111,1,0,0,0,0,0,0,0,0,0,0,0
1113,1111,1,0,0,0,0,0,0,0,0,0,0,0
1114,1111,0,0,0,0,0,0,0,0,0,0,0,0
1115,1111,0,0,0,0,0,0,0,0,0,0,0,0
1116,1111,1,1,1,362,362,0,0,362,0,0,0,0
1117,1116,1,0,0,0,0,0,0,0,0,0,0,0
1118,1116,1,0,0,0,0,0,0,0,0,0,0,0
1119,1116,1,0,0,0,0,0,0,0,0,0,0,0
1120,1116,1,0,0,0,0,0,0,0,0,0,0,0
1121,1116,1,1,1,313,313,0,0,313,0,0,0,0
1122,1121,1,1,1,25,25,0,0,25,0,0,0,0
1123,1122,1,0,0,0,0,0,0,0,0,0,0,0
1124,1122,1,0,0,0,0,0,0,0,0,0,0,0
1125,1122,0,0,0,0,0,0,0,0,0,0,0,0
1126,1122,0,0,0,0,0,0,0,0,0,0,0,0
1127,1122,1,0,0,0,0,0,0,0,0,0,0,0
1128,1122,1,1,1,303,303,0,0,303,0,0,0,0
1129,1128,1,1,1,215,215,0,0,215,0,0,0,0
1130,1129,1,1,1,485,485,0,0,485,0,0,0,0
1131,1130,1,0,0,0,0,0,0,0,0,0,0,0
1132,1130,0,0,0,0,0,0,0,0,0,0,0,0
1133,1130,1,1,1,238,238,0,0,238,0,0,0,0
1134,1133,1,0,0,0,0,0,0,0,0,0,0,0
1135,1133,1,0,0,0,0,0,0,0,0,0,0,0
1136,1133,1,0,0,0,0,0,0,0,0,0,0,0
1137,1133,1,1,1,435,435,0,0,435,0,0,0,0
1138,1137,0,0,0,0,0,0,0,0,0,0,0,0
1139,1137,1,0,0,0,0,0,0,0,0,0,0,0
1140,1137,0,0,0,0,0,0,0,0,0,0,0,0
1141,1137,0,0,0,0,0,0,0,0,0,0,0,0
1142,1137,1,0,0,0,0,0,0,0,0,0,0,0
1143,1137,1,1,1,884,884,0,0,884,0,0,0,0
1144,1143,1,0,0,0,0,0,0,0,0,0,0,0
1145,1143,1,1,1,689,689,0,0,689,0,0,0,0
1146,1145,1,0,0,0,0,0,0,0,0,0,0,0
1147,1145,0,0,0,0,0,0,0,0,0,0,0,0
1148,1145,1,0,0,0,0,0,0,0,0,0,0,0
1149,1145,1,1,1,807,807,0,0,807,0,0,0,0
1150,1149,0,0,0,0,0,0,0,0,0,0,0,0
1151,1149,0,0,0,0,0,0,0,0,0,0,0,0
1152,1149,1,0,0,0,0,0,0,0,0,0,0,0
1153,1149,1,0,0,0,0,0,0,0,0,0,0,0
1154,1149,1,1,1,573,573,0,0,573,0,0,0,0
1155,1154,1,0,0,0,0,0,0,0,0,0,0,0
1156,1154,0,0,0,0,0,0,0,0,0,0,0,0
1157,1154,1,0,0,0,0,0,0,0,0,0,0,0
1158,1154,1,0,0,0,0,0,0,0,0,0,0,0
1159,1154,1,0,0,0,0,0,0,0,0,0,0,0
1160,1154,1,0,0,0,0,0,0,0,0,0,0,0
1161,1154,1,0,0,0,0,0,0,0,0,0,0,0
1162,1154,0,0,0,0,0,0,0,0,0,0,0,0
1163,1154,1,0,0,0,0,0,0,0,0,0,0,0
1164,1154,1,0,0,0,0,0,0,0,0,0,0,0
1165,1154,1,0,0,0,0,0,0,0,0,0,0,0
1166,1154,0,0,0,0,0,0,0,0,0,0,0,0
1167,1154,1,0,0,0,0,0,0,0,0,0,0,0
1168,1154,1,0,0,0,0,0,0,0,0,0,0,0
1169,1154,1,0,0,0,0,0,0,0,0,0,0,0
1170,1154,1,1,1,310,310,0,0,310,0,0,0,0
1171,1170,0,0,0,0,0,0,0,0,0,0,0,0
1172,1170,1,0,0,0,0,0,0,0,0,0,0,0
1173,1170,1,0,0,0,0,0,0,0,0,0,0,0
1174,1170,1,0,0,0,0,0,0,0,0,0,0,0
1175,1170,0,0,0,0,0,0,0,0,0,0,0,0
1176,1170,1,0,0,0,0,0,0,0,0,0,0,0
1177,1170,1,1,1,365,365,0,0,365,0,0,0,0
1178,1177,1,1,1,466,466,0,0,466,0,0,0,0
1179,1178,1,1,1,100,100,0,0,100,0,0,0,0
1180,1179,0,0,0,0,0,0,0,0,0,0,0,0
1181,1179,1,0,0,0,0,0,0,0,0,0,0,0
1182,1179,0,0,0,0,0,0,0,0,0,0,0,0
1183,1179,1,0,0,0,0,0,0,0,0,0,0,0
1184,1179,1,1,1,336,336,0,0,336,0,0,0,0
1185,1184,1,1,1,448,448,0,0,448,0,0,0,0
1186,1185,1,1,1,743,743,0,0,743,0,0,0,0
1187,1186,1,0,0,0,0,0,0,0,0,0,0,0
1188,1186,0,0,0,0,0,0,0,0,0,0,0,0
1189,1186,1,0,0,0,0,0,0,0,0,0,0,0
1190,1186,1,0,0,0,0,0,0,0,0,0,0,0
1191,1186,0,0,0,0,0,0,0,0,0,0,0,0
1192,1186,1,0,0,0,0,0,0,0,0,0,0,0
1193,1186,1,0,0,0,0,0,0,0,0,0,0,0
1194,1186,1,0,0,0,0,0,0,0,0,0,0,0
1195,1186,0,0,0,0,0,0,0,0,0,0,0,0
1196,1186,1,0,0,0,0,0,0,0,0,0,0,0
1197,1186,0,0,0,0,0,0,0,0,0,0,0,0
1198,1186,1,0,0,0,0,0,0,0,0,0,0,0
1199,1186,1,0,0,0,0,0,0,0,0,0,0,0
1200,1186,1,1,1,966,966,0,0,966,0,0,0,0
1201,1200,1,0,0,0,0,0,0,0,0,0,0,0
1202,1200,1,0,0,0,0,0,0,0,0,0,0,0
1203,1200,0,0,0,0,0,0,0,0,0,0,0,0
1204,1200,0,0,0,0,0,0,0,0,0,0,0,0
1205,1200,1,0,0,0,0,0,0,0,0,0,0,0
1206,1200,1,0,0,0,0,0,0,0,0,0,0,0
1207,1200,1,1,1,202,202,0,0,202,0,0,0,0
1208,1207,1,0,0,0,0,0,0,0,0,0,0,0
1209,1207,1,1,1,705,705,0,0,705,0,0,0,0
1210,1209,0,0,0,0,0,0,0,0,0,0,0,0
1211,1209,0,0,0,0,0,0,0,0,0,0,0,0
1212,1209,1,0,0,0,0,0,0,0,0,0,0,0
1213,1209,1,0,0,0,0,0,0,0,0,0,0,0
1214,1209,0,0,0,0,0,0,0,0,0,0,0,0
1215,1209,1,0,0,0,0,0,0,0,0,0,0,0
1216,1209,1,0,0,0,0,0,0,0,0,0,0,0
1217,1209,1,0,0,0,0,0,0,0,0,0,0,0
1218,1209,0,0,0,0,0,0,0,0,0,0,0,0
1219,1209,1,1,1,333,333,0,0,333,0,0,0,0
1220,1219,0,0,0,0,0,0,0,0,0,0,0,0
1221,1219,0,0,0,0,0,0,0,0,0,0,0,0
1222,1219,1,0,0,0,0,0,0,0,0,0,0,0
1223,1219,0,0,0,0,0,0,0,0,0,0,0,0
1224,1219,1,0,0,0,0,0,0,0,0,0,0,0
1225,1219,0,0,0,0,0,0,0,0,0,0,0,0
1226,1219,1,1,1,540,540,0,0,540,0,0,0,0
1227,1226,0,0,0,0,0,0,0,0,0,0,0,0
1228,1226,1,1,1,161,161,0,0,161,0,0,0,0
1229,1228,1,0,0,0,0,0,0,0,0,0,0,0
1230,1228,1,0,0,0,0,0,0,0,0,0,0,0
1231,1228,1,0,0,0,0,0,0,0,0,0,0,0
1232,1228,1,0,0,0,0,0,0,0,0,0,0,0
1233,1228,1,1,1,877,877,0,0,877,0,0,0,0
1234,1233,0,0,0,0,0,0,0,0,0,0,0,0
1235,1233,0,0,0,0,0,0,0,0,0,0,0,0
