class_id,trio_id,n1,n2,n3
1,1,1,4,25
1,2,2,8,20
1,3,3,6,27
1,4,5,32,38
1,5,7,11,24
1,6,9,37,41
1,7,10,31,34
1,8,12,33,36
1,9,13,15,29
1,10,14,43,45
1,11,16,19,40
1,12,17,23,35
1,13,18,21,42
1,14,22,26,39
1,15,28,30,44
2,1,1,37,40
2,2,2,13,30
2,3,3,39,42
2,4,4,6,20
2,5,5,34,36
2,6,7,10,16
2,7,8,14,26
2,8,9,12,18
2,9,11,38,44
2,10,15,32,43
2,11,17,28,45
2,12,19,21,35
2,13,22,25,31
2,14,23,29,41
2,15,24,27,33
3,1,1,13,22
3,2,2,35,44
3,3,3,15,24
3,4,4,8,21
3,5,5,14,17
3,6,6,34,38
3,7,7,31,43
3,8,9,33,45
3,9,10,12,26
3,10,11,40,42
3,11,16,28,37
3,12,18,30,39
3,13,19,23,36
3,14,20,29,32
3,15,25,27,41
4,1,1,3,17
4,2,2,31,33
4,3,4,7,28
4,4,5,11,23
4,5,6,9,30
4,6,8,35,41
4,7,10,14,27
4,8,12,40,44
4,9,13,34,37
4,10,15,36,39
4,11,16,18,32
4,12,19,22,43
4,13,20,26,38
4,14,21,24,45
4,15,25,29,42
5,1,1,5,18
5,2,2,11,29
5,3,3,31,35
5,4,4,40,43
5,5,6,42,45
5,6,7,9,23
5,7,8,37,39
5,8,10,13,19
5,9,12,15,21
5,10,14,32,41
5,11,16,20,33
5,12,17,26,44
5,13,22,24,38
5,14,25,28,34
5,15,27,30,36
6,1,1,14,30
6,2,2,4,18
6,3,3,32,34
6,4,5,7,21
6,5,6,35,37
6,6,8,10,24
6,7,9,38,40
6,8,11,13,27
6,9,12,41,43
6,10,15,31,44
6,11,16,29,45
6,12,17,19,33
6,13,20,22,36
6,14,23,25,39
6,15,26,28,42
7,1,1,32,45
7,2,2,15,16
7,3,3,5,19
7,4,4,33,35
7,5,6,8,22
7,6,7,36,38
7,7,9,11,25
7,8,10,39,41
7,9,12,14,28
7,10,13,42,44
7,11,17,30,31
7,12,18,20,34
7,13,21,23,37
7,14,24,26,40
7,15,27,29,43
8,1,1,12,29
8,2,2,34,45
8,3,3,7,20
8,4,4,15,17
8,5,5,33,37
8,6,6,10,23
8,7,8,36,40
8,8,9,13,26
8,9,11,39,43
8,10,14,31,42
8,11,16,27,44
8,12,18,22,35
8,13,19,30,32
8,14,21,25,38
8,15,24,28,41
9,1,1,2,24
9,2,3,40,41
9,3,4,5,27
9,4,6,43,44
9,5,7,8,30
9,6,9,31,32
9,7,10,11,18
9,8,12,34,35
9,9,13,14,21
9,10,15,37,38
9,11,16,17,39
9,12,19,20,42
9,13,22,23,45
9,14,25,26,33
9,15,28,29,36
10,1,1,38,39
10,2,2,3,25
10,3,4,41,42
10,4,5,6,28
10,5,7,44,45
10,6,8,9,16
10,7,10,32,33
10,8,11,12,19
10,9,13,35,36
10,10,14,15,22
10,11,17,18,40
10,12,20,21,43
10,13,23,24,31
10,14,26,27,34
10,15,29,30,37
11,1,1,15,23
11,2,2,39,40
11,3,3,4,26
11,4,5,42,43
11,5,6,7,29
11,6,8,31,45
11,7,9,10,17
11,8,11,33,34
11,9,12,13,20
11,10,14,36,37
11,11,16,30,38
11,12,18,19,41
11,13,21,22,44
11,14,24,25,32
11,15,27,28,35
12,1,1,6,26
12,2,2,37,42
12,3,3,13,23
12,4,4,9,29
12,5,5,40,45
12,6,7,12,17
12,7,8,33,43
12,8,10,15,20
12,9,11,31,36
12,10,14,34,39
12,11,16,21,41
12,12,18,28,38
12,13,19,24,44
12,14,22,27,32
12,15,25,30,35
13,1,1,11,21
13,2,2,7,27
13,3,3,38,43
13,4,4,14,24
13,5,5,10,30
13,6,6,31,41
13,7,8,13,18
13,8,9,34,44
13,9,12,32,37
13,10,15,35,40
13,11,16,26,36
13,12,17,22,42
13,13,19,29,39
13,14,20,25,45
13,15,23,28,33
14,1,1,36,41
14,2,2,12,22
14,3,3,8,28
14,4,4,39,44
14,5,5,15,25
14,6,6,11,16
14,7,7,32,42
14,8,9,14,19
14,9,10,35,45
14,10,13,33,38
14,11,17,27,37
14,12,18,23,43
14,13,20,30,40
14,14,21,26,31
14,15,24,29,34
15,1,1,8,27
15,2,2,10,21
15,3,3,37,44
15,4,4,11,30
15,5,5,13,24
15,6,6,32,40
15,7,7,14,18
15,8,9,35,43
15,9,12,31,38
15,10,15,34,41
15,11,16,23,42
15,12,17,25,36
15,13,19,26,45
15,14,20,28,39
15,15,22,29,33
16,1,1,35,42
16,2,2,9,28
16,3,3,11,22
16,4,4,38,45
16,5,5,12,16
16,6,6,14,25
16,7,7,33,41
16,8,8,15,19
16,9,10,36,44
16,10,13,32,39
16,11,17,24,43
16,12,18,26,37
16,13,20,27,31
16,14,21,29,40
16,15,23,30,34
17,1,1,9,20
17,2,2,36,43
17,3,3,10,29
17,4,4,12,23
17,5,5,31,39
17,6,6,13,17
17,7,7,15,26
17,8,8,34,42
17,9,11,37,45
17,10,14,33,40
17,11,16,24,35
17,12,18,25,44
17,13,19,27,38
17,14,21,28,32
17,15,22,30,41
18,1,1,16,31
18,2,2,17,32
18,3,3,18,33
18,4,4,10,22
18,5,5,8,29
18,6,6,12,24
18,7,7,34,40
18,8,9,36,42
18,9,11,15,28
18,10,13,41,45
18,11,14,35,38
18,12,19,25,37
18,13,20,23,44
18,14,21,27,39
18,15,26,30,43
19,1,1,33,44
19,2,2,38,41
19,3,3,14,16
19,4,4,19,34
19,5,5,20,35
19,6,6,21,36
19,7,7,13,25
19,8,8,11,17
19,9,9,15,27
19,10,10,37,43
19,11,12,39,45
19,12,18,29,31
19,13,22,28,40
19,14,23,26,32
19,15,24,30,42
20,1,1,10,28
20,2,2,6,19
20,3,3,12,30
20,4,4,32,36
20,5,5,41,44
20,6,7,22,37
20,7,8,23,38
20,8,9,24,39
20,9,11,14,20
20,10,13,31,40
20,11,15,33,42
20,12,16,25,43
20,13,17,21,34
20,14,18,27,45
20,15,26,29,35
21,1,1,34,43
21,2,2,14,23
21,3,3,36,45
21,4,4,13,16
21,5,5,9,22
21,6,6,15,18
21,7,7,35,39
21,8,8,32,44
21,9,10,25,40
21,10,11,26,41
21,11,12,27,42
21,12,17,29,38
21,13,19,28,31
21,14,20,24,37
21,15,21,30,33
22,1,1,7,19
22,2,2,5,26
22,3,3,9,21
22,4,4,31,37
22,5,6,33,39
22,6,8,12,25
22,7,10,38,42
22,8,11,32,35
22,9,13,28,43
22,10,14,29,44
22,11,15,30,45
22,12,16,22,34
22,13,17,20,41
22,14,18,24,36
22,15,23,27,40
