round,date,main_1,main_2,main_3,main_4,main_5,main_6,first_prize_games,sales_amount_krw,price_per_game_krw,sold_lines,birthday_count,relevant_sales_amount_audit_only
1,20021207,10,23,29,33,37,40,0,3681782000,2000,1840891,3,3681782000
2,20021214,9,13,21,25,32,42,1,4904274000,2000,2452137,4,4904274000
3,20021221,11,16,19,21,27,31,1,4729342000,2000,2364671,6,4729342000
4,20021228,14,27,30,31,40,42,0,5271464000,2000,2635732,4,5271464000
5,20030104,16,24,29,40,41,42,0,6277102000,2000,3138551,3,6277102000
6,20030111,14,15,26,27,40,42,1,15305356000,2000,7652678,4,15305356000
7,20030118,2,9,16,25,26,40,0,12794890000,2000,6397445,5,12794890000
8,20030125,8,19,25,34,37,39,0,20751450000,2000,10375725,3,20751450000
9,20030201,2,4,16,17,36,39,0,73624020000,2000,36812010,4,73624020000
10,20030208,9,25,30,33,41,44,13,260856392000,2000,130428196,3,260856392000
11,20030215,1,7,36,37,41,42,5,91925306000,2000,45962653,2,91925306000
12,20030222,2,11,21,25,39,45,12,76255508000,2000,38127754,4,76255508000
13,20030301,22,23,25,37,38,42,0,66532136000,2000,33266068,3,66532136000
14,20030308,2,6,12,31,33,40,4,99838648000,2000,49919324,4,99838648000
15,20030315,3,4,16,30,31,37,1,73264910000,2000,36632455,5,73264910000
16,20030322,6,7,24,37,38,40,4,75777348000,2000,37888674,3,75777348000
17,20030329,3,4,9,17,32,37,3,72718152000,2000,36359076,4,72718152000
18,20030405,3,12,13,19,32,35,0,66371660000,2000,33185830,4,66371660000
19,20030412,6,30,38,39,40,43,1,105957818000,2000,52978909,2,105957818000
20,20030419,10,14,18,20,23,30,1,81056776000,2000,40528388,6,81056776000
21,20030426,6,12,17,18,31,32,23,84247142000,2000,42123571,5,84247142000
22,20030503,4,5,6,8,17,39,4,79455152000,2000,39727576,5,79455152000
23,20030510,5,13,17,18,33,42,4,77374256000,2000,38687128,4,77374256000
24,20030517,7,8,27,29,36,43,0,78486634000,2000,39243317,4,78486634000
25,20030524,2,4,21,26,43,44,2,120073768000,2000,60036884,4,120073768000
26,20030531,4,5,7,18,20,25,5,80193026000,2000,40096513,6,80193026000
27,20030607,1,20,26,28,37,43,2,76145050000,2000,38072525,4,76145050000
28,20030614,9,18,23,25,35,37,10,75448366000,2000,37724183,4,75448366000
29,20030621,1,5,13,34,39,40,5,74523120000,2000,37261560,3,74523120000
30,20030628,8,17,20,35,36,44,2,72399690000,2000,36199845,3,72399690000
31,20030705,7,9,18,23,28,35,2,71317306000,2000,35658653,5,71317306000
32,20030712,6,14,19,25,34,44,10,71179198000,2000,35589599,4,71179198000
33,20030719,4,7,32,33,40,41,1,67457252000,2000,33728626,2,67457252000
34,20030726,9,26,35,37,40,42,5,69389894000,2000,34694947,2,69389894000
35,20030802,2,3,11,26,37,43,3,66143062000,2000,33071531,4,66143062000
36,20030809,1,10,23,26,28,40,1,66856686000,2000,33428343,5,66856686000
37,20030816,7,27,30,33,35,37,3,65509794000,2000,32754897,3,65509794000
38,20030823,16,17,22,30,37,43,3,67369284000,2000,33684642,4,67369284000
39,20030830,6,7,13,15,21,43,6,66094476000,2000,33047238,5,66094476000
40,20030906,7,13,18,19,25,26,13,65699086000,2000,32849543,6,65699086000
41,20030913,13,20,23,35,38,43,0,57624562000,2000,28812281,3,57624562000
42,20030920,17,18,19,21,23,32,6,119909740000,2000,59954870,5,119909740000
43,20030927,6,31,35,38,39,44,1,74686296000,2000,37343148,2,74686296000
44,20031004,3,11,21,30,38,45,5,69956950000,2000,34978475,4,69956950000
45,20031011,1,10,20,27,33,35,2,71216232000,2000,35608116,4,71216232000
46,20031018,8,13,15,23,31,38,3,68181568000,2000,34090784,5,68181568000
47,20031025,14,17,26,31,36,45,5,67756694000,2000,33878347,4,67756694000
48,20031101,6,10,18,26,37,38,6,65806832000,2000,32903416,4,65806832000
49,20031108,4,7,16,19,33,40,7,64501142000,2000,32250571,4,64501142000
50,20031115,2,10,12,15,22,44,3,65563234000,2000,32781617,5,65563234000
51,20031122,2,3,11,16,26,44,6,62553680000,2000,31276840,5,62553680000
52,20031129,2,4,15,16,20,29,4,64393446000,2000,32196723,6,64393446000
53,20031206,7,8,14,32,33,39,3,64996010000,2000,32498005,3,64996010000
54,20031213,1,8,21,27,36,39,3,63833006000,2000,31916503,4,63833006000
55,20031220,17,21,31,37,40,44,2,62195764000,2000,31097882,3,62195764000
56,20031227,10,14,30,31,33,37,4,65258932000,2000,32629466,4,65258932000
57,20040103,7,10,16,25,29,44,4,70132666000,2000,35066333,5,70132666000
58,20040110,10,24,25,33,40,44,4,66638136000,2000,33319068,3,66638136000
59,20040117,6,29,36,39,41,45,4,67563698000,2000,33781849,2,67563698000
60,20040124,2,8,25,36,39,42,7,65405936000,2000,32702968,3,65405936000
61,20040131,14,15,19,30,38,43,5,73312994000,2000,36656497,4,73312994000
62,20040207,3,8,15,27,29,35,1,66740368000,2000,33370184,5,66740368000
63,20040214,3,20,23,36,38,40,2,67074050000,2000,33537025,3,67074050000
64,20040221,14,15,18,21,26,36,4,65085154000,2000,32542577,5,65085154000
65,20040228,4,25,33,36,40,43,4,66685144000,2000,33342572,2,66685144000
66,20040306,2,3,7,17,22,24,4,63378796000,2000,31689398,6,63378796000
67,20040313,3,7,10,15,36,38,7,64314872000,2000,32157436,4,64314872000
68,20040320,10,12,15,16,26,39,5,63813236000,2000,31906618,5,63813236000
69,20040327,5,8,14,15,19,39,3,63711302000,2000,31855651,5,63711302000
70,20040403,5,19,22,25,28,43,3,63232578000,2000,31616289,5,63232578000
71,20040410,5,9,12,16,29,41,0,62889986000,2000,31444993,5,62889986000
72,20040417,2,4,11,17,26,27,13,125651214000,2000,62825607,6,125651214000
73,20040424,3,12,18,32,40,43,6,72635862000,2000,36317931,3,72635862000
74,20040501,6,15,17,18,35,40,3,68902158000,2000,34451079,4,68902158000
75,20040508,2,5,24,32,34,44,4,66138372000,2000,33069186,3,66138372000
76,20040515,1,3,15,22,25,37,2,65083924000,2000,32541962,5,65083924000
77,20040522,2,18,29,32,43,44,3,64420666000,2000,32210333,3,64420666000
78,20040529,10,13,25,29,33,35,4,61257794000,2000,30628897,4,61257794000
79,20040605,3,12,24,27,30,32,4,60390004000,2000,30195002,5,60390004000
80,20040612,17,18,24,25,26,30,1,60160440000,2000,30080220,6,60160440000
81,20040619,5,7,11,13,20,33,5,60983308000,2000,30491654,5,60983308000
82,20040626,1,2,3,14,27,42,1,61302808000,2000,30651404,5,61302808000
83,20040703,6,10,15,17,19,34,2,62512062000,2000,31256031,5,62512062000
84,20040710,16,23,27,34,42,45,2,62780760000,2000,31390380,3,62780760000
85,20040717,6,8,13,23,31,36,4,59451304000,2000,29725652,5,59451304000
86,20040724,2,12,37,39,41,45,1,59835968000,2000,29917984,2,59835968000
87,20040731,4,12,16,23,34,43,11,83793642000,2000,41896821,4,83793642000
88,20040807,1,17,20,24,30,41,4,51910612000,1000,51910612,5,51910612000
89,20040814,4,26,28,29,33,40,3,55102179000,1000,55102179,4,55102179000
90,20040821,17,20,29,35,38,44,4,55493544000,1000,55493544,3,55493544000
91,20040828,1,21,24,26,29,42,4,59061052000,1000,59061052,5,59061052000
92,20040904,3,14,24,33,35,36,11,58296001000,1000,58296001,3,58296001000
93,20040911,6,22,24,36,38,44,6,57236313000,1000,57236313,3,57236313000
94,20040918,5,32,34,40,41,45,6,57144729000,1000,57144729,1,57144729000
95,20040925,8,17,27,31,34,43,8,60077493000,1000,60077493,4,60077493000
96,20041002,1,3,8,21,22,31,7,54217572000,1000,54217572,6,54217572000
97,20041009,6,7,14,15,20,36,9,57713200000,1000,57713200,5,57713200000
98,20041016,6,9,16,23,24,32,4,56231084000,1000,56231084,5,56231084000
99,20041023,1,3,10,27,29,37,6,56207491000,1000,56207491,5,56207491000
100,20041030,1,7,11,23,37,42,4,56561977000,1000,56561977,4,56561977000
101,20041106,1,3,17,32,35,45,5,57585065000,1000,57585065,3,57585065000
102,20041113,17,22,24,26,35,40,9,56937962000,1000,56937962,4,56937962000
103,20041120,5,14,15,27,30,45,8,57420615000,1000,57420615,5,57420615000
104,20041127,17,32,33,34,42,44,2,56533705000,1000,56533705,1,56533705000
105,20041204,8,10,20,34,41,45,4,57479716000,1000,57479716,3,57479716000
106,20041211,4,10,12,22,24,33,16,57384485000,1000,57384485,5,57384485000
107,20041218,1,4,5,6,9,31,2,57545202000,1000,57545202,6,57545202000
108,20041225,7,18,22,23,29,44,7,58875228000,1000,58875228,5,58875228000
109,20050101,1,5,34,36,42,44,12,62584098000,1000,62584098,2,62584098000
110,20050108,7,20,22,23,29,43,3,57625490000,1000,57625490,5,57625490000
111,20050115,7,18,31,33,36,40,6,57876999000,1000,57876999,3,57876999000
112,20050122,26,29,30,33,41,42,9,59292005000,1000,59292005,3,59292005000
113,20050129,4,9,28,33,36,45,9,59258248000,1000,59258248,3,59258248000
114,20050205,11,14,19,26,28,41,6,60079401000,1000,60079401,5,60079401000
115,20050212,1,2,6,9,25,28,9,59130557000,1000,59130557,6,59130557000
116,20050219,2,4,25,31,34,37,7,61606084000,1000,61606084,4,61606084000
117,20050226,5,10,22,34,36,44,9,59429610000,1000,59429610,3,59429610000
118,20050305,3,4,10,17,19,22,10,57171934000,1000,57171934,6,57171934000
119,20050312,3,11,13,14,17,21,9,57800632000,1000,57800632,6,57800632000
120,20050319,4,6,10,11,32,37,3,57418983000,1000,57418983,4,57418983000
121,20050326,12,28,30,34,38,43,2,57134544000,1000,57134544,3,57134544000
122,20050402,1,11,16,17,36,40,9,56171704000,1000,56171704,4,56171704000
123,20050409,7,17,18,28,30,45,5,54097448000,1000,54097448,5,54097448000
124,20050416,4,16,23,25,29,42,9,54180838000,1000,54180838,5,54180838000
125,20050423,2,8,32,33,35,36,7,53149705000,1000,53149705,2,53149705000
126,20050430,7,20,22,27,40,43,9,52748965000,1000,52748965,4,52748965000
127,20050507,3,5,10,29,32,43,6,50752603000,1000,50752603,4,50752603000
128,20050514,12,30,34,36,37,45,6,52310392000,1000,52310392,2,52310392000
129,20050521,19,23,25,28,38,42,11,51555754000,1000,51555754,4,51555754000
130,20050528,7,19,24,27,42,45,4,51359012000,1000,51359012,4,51359012000
131,20050604,8,10,11,14,15,21,8,50231773000,1000,50231773,6,50231773000
132,20050611,3,17,23,34,41,45,4,49921897000,1000,49921897,3,49921897000
133,20050618,4,7,15,18,23,26,8,50889926000,1000,50889926,6,50889926000
134,20050625,3,12,20,23,31,35,5,50445575000,1000,50445575,5,50445575000
135,20050702,6,14,22,28,35,39,7,51062672000,1000,51062672,4,51062672000
136,20050709,2,16,30,36,41,42,6,51144633000,1000,51144633,3,51144633000
137,20050716,7,9,20,25,36,39,9,49978654000,1000,49978654,4,49978654000
138,20050723,10,11,27,28,37,39,5,47688450000,1000,47688450,4,47688450000
139,20050730,9,11,15,20,28,43,7,48371085000,1000,48371085,5,48371085000
140,20050806,3,13,17,18,19,28,5,45983464000,1000,45983464,6,45983464000
141,20050813,8,12,29,31,42,43,6,48016958000,1000,48016958,4,48016958000
142,20050820,12,16,30,34,40,44,11,48012844000,1000,48012844,3,48012844000
143,20050827,26,27,28,42,43,45,3,49415357000,1000,49415357,3,49415357000
144,20050903,4,15,17,26,36,37,8,49202521000,1000,49202521,4,49202521000
145,20050910,2,3,13,20,27,44,3,48913832000,1000,48913832,5,48913832000
146,20050917,2,19,27,35,41,42,2,50677555000,1000,50677555,3,50677555000
147,20050924,4,6,13,21,40,42,7,50345605000,1000,50345605,4,50345605000
148,20051001,21,25,33,34,35,36,5,49523247000,1000,49523247,2,49523247000
149,20051008,2,11,21,34,41,42,7,48406950000,1000,48406950,3,48406950000
150,20051015,2,18,25,28,37,39,4,48763778000,1000,48763778,4,48763778000
151,20051022,1,2,10,13,18,19,4,47357067000,1000,47357067,6,47357067000
152,20051029,1,5,13,26,29,34,5,48180334000,1000,48180334,5,48180334000
153,20051105,3,8,11,12,13,36,4,47777735000,1000,47777735,5,47777735000
154,20051112,6,19,21,35,40,45,4,48022386000,1000,48022386,3,48022386000
155,20051119,16,19,20,32,33,41,9,46140202000,1000,46140202,3,46140202000
156,20051126,5,18,28,30,42,45,8,47344584000,1000,47344584,4,47344584000
157,20051203,19,26,30,33,35,39,2,46853365000,1000,46853365,3,46853365000
158,20051210,4,9,13,18,21,34,10,46368888000,1000,46368888,5,46368888000
159,20051217,1,18,30,41,42,43,6,44311926000,1000,44311926,3,44311926000
160,20051224,3,7,8,34,39,41,2,46833239000,1000,46833239,3,46833239000
161,20051231,22,34,36,40,42,45,7,53096453000,1000,53096453,1,53096453000
162,20060107,1,5,21,25,38,41,5,49050086000,1000,49050086,4,49050086000
163,20060114,7,11,26,28,29,44,7,49018952000,1000,49018952,5,49018952000
164,20060121,6,9,10,11,39,41,3,53052119000,1000,53052119,4,53052119000
165,20060128,5,13,18,19,22,42,2,58088118000,1000,58088118,5,58088118000
166,20060204,9,12,27,36,39,45,11,52157466000,1000,52157466,3,52157466000
167,20060211,24,27,28,30,36,39,5,52744392000,1000,52744392,4,52744392000
168,20060218,3,10,31,40,42,43,5,51496212000,1000,51496212,3,51496212000
169,20060225,16,27,35,37,43,45,5,52076183000,1000,52076183,2,52076183000
170,20060304,2,11,13,15,31,42,6,49718245000,1000,49718245,5,49718245000
171,20060311,4,16,25,29,34,35,6,50357474000,1000,50357474,4,50357474000
172,20060318,4,19,21,24,26,41,11,50758266000,1000,50758266,5,50758266000
173,20060325,3,9,24,30,33,34,8,52286521000,1000,52286521,4,52286521000
174,20060401,13,14,18,22,35,39,7,52340568000,1000,52340568,4,52340568000
175,20060408,19,26,28,31,33,36,5,50895147000,1000,50895147,4,50895147000
176,20060415,4,17,30,32,33,34,5,50488528000,1000,50488528,3,50488528000
177,20060422,1,10,13,16,37,43,7,50480325000,1000,50480325,4,50480325000
178,20060429,1,5,11,12,18,23,5,49582758000,1000,49582758,6,49582758000
179,20060506,5,9,17,25,39,43,10,47291694000,1000,47291694,4,47291694000
180,20060513,2,15,20,21,29,34,2,48895477000,1000,48895477,5,48895477000
181,20060520,14,21,23,32,40,45,6,49124446000,1000,49124446,3,49124446000
182,20060527,13,15,27,29,34,40,3,47222594000,1000,47222594,4,47222594000
183,20060603,2,18,24,34,40,42,6,45938460000,1000,45938460,3,45938460000
184,20060610,1,2,6,16,20,33,6,45503351000,1000,45503351,5,45503351000
185,20060617,1,2,4,8,19,38,3,45783088000,1000,45783088,5,45783088000
186,20060624,4,10,14,19,21,45,9,45484428000,1000,45484428,5,45484428000
187,20060701,1,2,8,18,29,38,7,45855961000,1000,45855961,5,45855961000
188,20060708,19,24,27,30,31,34,3,45176242000,1000,45176242,5,45176242000
189,20060715,8,14,32,35,37,45,3,43650551000,1000,43650551,2,43650551000
190,20060722,8,14,18,30,31,44,6,44864459000,1000,44864459,5,44864459000
191,20060729,5,6,24,25,32,37,4,44534869000,1000,44534869,4,44534869000
192,20060805,4,8,11,18,37,45,4,42035065000,1000,42035065,4,42035065000
193,20060812,6,14,18,26,36,39,3,43788477000,1000,43788477,4,43788477000
194,20060819,15,20,23,26,39,44,4,44511515000,1000,44511515,4,44511515000
195,20060826,7,10,19,22,35,40,11,44374725000,1000,44374725,4,44374725000
196,20060902,35,36,37,41,44,45,15,45773496000,1000,45773496,0,45773496000
197,20060909,7,12,16,34,42,45,6,45993306000,1000,45993306,3,45993306000
198,20060916,12,19,20,25,41,45,6,45614021000,1000,45614021,4,45614021000
199,20060923,14,21,22,25,30,36,2,45021068000,1000,45021068,5,45021068000
200,20060930,5,6,13,14,17,20,8,46640423000,1000,46640423,6,46640423000
201,20061007,3,11,24,38,39,44,1,42254768000,1000,42254768,3,42254768000
202,20061014,12,14,27,33,39,44,6,48304034000,1000,48304034,3,48304034000
203,20061021,1,3,11,24,30,32,5,47033359000,1000,47033359,5,47033359000
204,20061028,3,12,14,35,40,45,8,46077750000,1000,46077750,3,46077750000
205,20061104,1,3,21,29,35,37,6,46330516000,1000,46330516,4,46330516000
206,20061111,1,2,3,15,20,25,5,44326979000,1000,44326979,6,44326979000
207,20061118,3,11,14,31,32,37,5,45282336000,1000,45282336,4,45282336000
208,20061125,14,25,31,34,40,44,6,45516378000,1000,45516378,3,45516378000
209,20061202,2,7,18,20,24,33,6,43753377000,1000,43753377,5,43753377000
210,20061209,10,19,22,23,25,37,2,44757963000,1000,44757963,5,44757963000
211,20061216,12,13,17,20,33,41,10,45332675000,1000,45332675,4,45332675000
212,20061223,11,12,18,21,31,38,4,46139120000,1000,46139120,5,46139120000
213,20061230,2,3,4,5,20,24,8,48745094000,1000,48745094,6,48745094000
214,20070106,5,7,20,25,28,37,8,49195740000,1000,49195740,5,49195740000
215,20070113,2,3,7,15,43,44,7,47675761000,1000,47675761,4,47675761000
216,20070120,7,16,17,33,36,40,13,48342018000,1000,48342018,3,48342018000
217,20070127,16,20,27,33,35,39,7,48260644000,1000,48260644,3,48260644000
218,20070203,1,8,14,18,29,44,4,47018314000,1000,47018314,5,47018314000
219,20070210,4,11,20,26,35,37,9,46903745000,1000,46903745,4,46903745000
220,20070217,5,11,19,21,34,43,6,50383399000,1000,50383399,4,50383399000
221,20070224,2,20,33,35,37,40,6,47674135000,1000,47674135,2,47674135000
222,20070303,5,7,28,29,39,43,5,47735197000,1000,47735197,4,47735197000
223,20070310,1,3,18,20,26,27,7,46036874000,1000,46036874,6,46036874000
224,20070317,4,19,26,27,30,42,6,46435109000,1000,46435109,5,46435109000
225,20070324,5,11,13,19,31,36,6,46352016000,1000,46352016,5,46352016000
226,20070331,2,6,8,14,21,22,6,45145643000,1000,45145643,6,45145643000
227,20070407,4,5,15,16,22,42,2,44444776000,1000,44444776,5,44444776000
228,20070414,17,25,35,36,39,44,9,44764100000,1000,44764100,2,44764100000
229,20070421,4,5,9,11,23,38,7,44762989000,1000,44762989,5,44762989000
230,20070428,5,11,14,29,32,33,8,44191351000,1000,44191351,4,44191351000
231,20070505,5,10,19,31,44,45,9,42355627000,1000,42355627,4,42355627000
232,20070512,8,9,10,12,24,44,9,43564632000,1000,43564632,5,43564632000
233,20070519,4,6,13,17,28,40,10,43516805000,1000,43516805,5,43516805000
234,20070526,13,21,22,24,26,37,4,42814085000,1000,42814085,5,42814085000
235,20070602,21,22,26,27,31,37,3,43347391000,1000,43347391,5,43347391000
236,20070609,1,4,8,13,37,39,2,42941871000,1000,42941871,4,42941871000
237,20070616,1,11,17,21,24,44,7,43358287000,1000,43358287,5,43358287000
238,20070623,2,4,15,28,31,34,9,42952477000,1000,42952477,5,42952477000
239,20070630,11,15,24,39,41,44,9,43296565000,1000,43296565,3,43296565000
240,20070707,6,10,16,40,41,43,2,43603443000,1000,43603443,3,43603443000
241,20070714,2,16,24,27,28,35,4,43246894000,1000,43246894,5,43246894000
242,20070721,4,19,20,21,32,34,8,42679760000,1000,42679760,4,42679760000
243,20070728,2,12,17,19,28,42,4,41304830000,1000,41304830,5,41304830000
244,20070804,13,16,25,36,37,38,1,39411047000,1000,39411047,3,39411047000
245,20070811,9,11,27,31,32,38,7,41854623000,1000,41854623,4,41854623000
246,20070818,13,18,21,23,26,39,5,41453154000,1000,41453154,5,41453154000
247,20070825,12,15,28,36,39,40,6,42231698000,1000,42231698,3,42231698000
248,20070901,3,8,17,23,38,45,8,42348403000,1000,42348403,4,42348403000
249,20070908,3,8,27,31,41,44,6,42539134000,1000,42539134,4,42539134000
250,20070915,19,23,30,37,43,45,5,42122808000,1000,42122808,3,42122808000
251,20070922,6,7,19,25,28,38,8,44493014000,1000,44493014,5,44493014000
252,20070929,14,23,26,31,39,45,7,41207920000,1000,41207920,4,41207920000
253,20071006,8,19,25,31,34,36,4,42309347000,1000,42309347,4,42309347000
254,20071013,1,5,19,20,24,30,1,42259113000,1000,42259113,6,42259113000
255,20071020,1,5,6,24,27,42,6,41425341000,1000,41425341,5,41425341000
256,20071027,4,11,14,21,23,43,2,41996580000,1000,41996580,5,41996580000
257,20071103,6,13,27,31,32,37,4,41433637000,1000,41433637,4,41433637000
258,20071110,14,27,30,31,38,40,4,41364428000,1000,41364428,4,41364428000
259,20071117,4,5,14,35,42,45,2,40905570000,1000,40905570,3,40905570000
260,20071124,7,12,15,24,37,40,4,40140211000,1000,40140211,4,40140211000
261,20071201,6,11,16,18,31,43,3,41215041000,1000,41215041,5,20607538165
262,20071208,9,12,24,25,29,31,2,39232234000,1000,39232234,6,19616145108
263,20071215,1,27,28,32,37,40,6,39677128000,1000,39677128,3,19838573376
264,20071222,9,16,27,36,41,44,7,39783178000,1000,39783178,3,19891628839
265,20071229,5,9,34,37,38,39,8,40913922000,1000,40913922,2,20456996760
266,20080105,3,4,9,11,22,42,3,41937067000,1000,41937067,5,20968541748
267,20080112,7,8,24,34,36,41,3,41835853000,1000,41835853,3,20917945142
268,20080119,3,10,19,24,32,45,7,41213802000,1000,41213802,4,20606907527
269,20080126,5,18,20,36,42,43,5,41357619000,1000,41357619,3,20678823238
270,20080202,5,9,12,20,21,26,5,41845351000,1000,41845351,6,20922697382
271,20080209,3,8,9,27,29,40,6,40879633000,1000,40879633,5,20439844690
272,20080216,7,9,12,27,39,43,9,43310674000,1000,43310674,4,21655346728
273,20080223,1,8,24,31,34,44,3,42816211000,1000,42816211,4,21408110043
274,20080301,13,14,15,26,35,39,4,42631711000,1000,42631711,4,21315887777
275,20080308,14,19,20,35,38,40,1,42329813000,1000,42329813,3,21164930256
276,20080315,4,15,21,33,39,41,3,42567610000,1000,42567610,3,21283853797
277,20080322,10,12,13,15,25,29,3,41868708000,1000,41868708,6,20934378077
278,20080329,3,11,37,39,41,43,3,41088180000,1000,41088180,2,20544124135
279,20080405,7,16,31,36,37,38,5,41130542000,1000,41130542,3,20565294210
280,20080412,10,11,23,24,36,37,7,40673999000,1000,40673999,4,20337006236
281,20080419,1,3,4,6,14,41,6,40800514000,1000,40800514,5,20400303156
282,20080426,2,5,10,18,31,32,7,41051175000,1000,41051175,5,20525598068
283,20080503,6,8,18,31,38,45,3,40133316000,1000,40133316,4,20066701007
284,20080510,2,7,15,24,30,45,3,39773403000,1000,39773403,5,19886739840
285,20080517,13,33,37,40,41,45,3,40364871000,1000,40364871,1,20182483433
286,20080524,1,15,19,40,42,44,3,40944483000,1000,40944483,3,20472256211
287,20080531,6,12,24,27,35,37,7,40623489000,1000,40623489,4,20311748165
288,20080607,1,12,17,28,35,41,4,39970134000,1000,39970134,4,19985090526
289,20080614,3,14,33,37,38,42,0,39406643000,1000,39406643,2,19703321500
290,20080621,8,13,18,32,39,45,13,80362302000,1000,80362302,3,49362920581
291,20080628,3,7,8,18,20,42,7,44143418000,1000,44143418,5,22071714263
292,20080705,17,18,31,32,33,34,14,43394631000,1000,43394631,3,21697345728
293,20080712,1,9,17,21,29,33,6,42399708000,1000,42399708,5,21199876103
294,20080719,6,10,17,30,37,38,4,41563813000,1000,41563813,4,20781906500
295,20080726,1,4,12,16,18,38,0,42248135000,1000,42248135,5,21124067500
296,20080802,3,8,15,27,30,45,8,63377899000,1000,63377899,5,31688949500
297,20080809,6,11,19,20,28,32,2,43641475000,1000,43641475,5,21820737500
298,20080816,5,9,27,29,37,40,1,43151675000,1000,43151675,4,21575837500
299,20080823,1,3,20,25,36,45,7,44463909000,1000,44463909,4,22231954500
300,20080830,7,9,10,12,26,38,12,44465047000,1000,44465047,5,22232523500
301,20080906,7,11,13,33,37,43,7,44377177000,1000,44377177,3,22188588500
302,20080913,13,19,20,32,38,42,2,46382605000,1000,46382605,3,23191302500
303,20080920,2,14,17,30,38,45,6,42841760000,1000,42841760,4,21420880000
304,20080927,4,10,16,26,33,41,6,43158653000,1000,43158653,4,21579326500
305,20081004,7,8,18,21,23,39,5,43960659000,1000,43960659,5,21980329500
306,20081011,4,18,23,30,34,41,5,44421462000,1000,44421462,4,22210731000
307,20081018,5,15,21,23,25,45,4,43880990000,1000,43880990,5,21940495000
308,20081025,14,15,17,19,37,45,1,43339416000,1000,43339416,4,21669708000
309,20081101,1,2,5,11,18,36,11,44157528000,1000,44157528,5,22078764000
310,20081108,1,5,19,28,34,41,8,43718082000,1000,43718082,4,21859041000
311,20081115,4,12,24,27,28,32,8,43209215000,1000,43209215,5,21604607500
312,20081122,2,3,5,6,12,20,15,42255391000,1000,42255391,6,21127695500
313,20081129,9,17,34,35,43,45,6,43672096000,1000,43672096,2,21836048000
314,20081206,15,17,19,34,38,41,6,42328094000,1000,42328094,3,21164047000
315,20081213,1,13,33,35,43,45,8,44339180000,1000,44339180,2,22169590000
316,20081220,10,11,21,27,31,39,6,44073768000,1000,44073768,5,22036884000
317,20081227,3,10,11,22,36,39,4,44135114000,1000,44135114,4,22067557000
318,20090103,2,17,19,20,34,45,9,46663728000,1000,46663728,4,23331864000
319,20090110,5,8,22,28,33,42,5,45435183000,1000,45435183,4,22717591500
320,20090117,16,19,23,25,41,45,2,46659886000,1000,46659886,4,23329943000
321,20090124,12,18,20,21,25,34,6,50617982000,1000,50617982,5,25308991000
322,20090131,9,18,29,32,38,43,6,48948294000,1000,48948294,3,24474147000
323,20090207,10,14,15,32,36,42,8,49209477000,1000,49209477,3,24604738500
324,20090214,2,4,21,25,33,36,6,47988317000,1000,47988317,4,23994158500
325,20090221,7,17,20,32,44,45,6,46636979000,1000,46636979,3,23318489500
326,20090228,16,23,25,33,36,39,6,47224551000,1000,47224551,3,23612275500
327,20090307,6,12,13,17,32,44,12,45791560000,1000,45791560,4,22895780000
328,20090314,1,6,9,16,17,28,6,47316988000,1000,47316988,6,23658494000
329,20090321,9,17,19,30,35,42,6,47198504000,1000,47198504,4,23599252000
330,20090328,3,4,16,17,19,20,9,45859496000,1000,45859496,6,22929748000
331,20090404,4,9,14,26,31,44,5,46641467000,1000,46641467,5,23320733500
332,20090411,16,17,34,36,42,45,8,46042557000,1000,46042557,2,23021278500
333,20090418,5,14,27,30,39,43,7,46019070000,1000,46019070,4,23009535000
334,20090425,13,15,21,29,39,43,7,44439656000,1000,44439656,4,22219828000
335,20090502,5,9,16,23,26,45,5,43977478000,1000,43977478,5,21988739000
336,20090509,3,5,20,34,35,44,6,43069333000,1000,43069333,3,21534666500
337,20090516,1,5,14,18,32,37,8,43432467000,1000,43432467,4,21716233500
338,20090523,2,13,34,38,42,45,3,43136020000,1000,43136020,2,21568010000
339,20090530,6,8,14,21,30,37,9,42035640000,1000,42035640,5,21017820000
340,20090606,18,24,26,29,34,38,7,42892121000,1000,42892121,4,21446060500
341,20090613,1,8,19,34,39,43,7,44722448000,1000,44722448,3,22361224000
342,20090620,1,13,14,33,34,43,3,43782188000,1000,43782188,3,21891094000
343,20090627,1,10,17,29,31,43,6,43656460000,1000,43656460,5,21828230000
344,20090704,1,2,15,28,34,45,7,43838886000,1000,43838886,4,21919443000
345,20090711,15,20,23,29,39,42,2,43530937000,1000,43530937,4,21765468500
346,20090718,5,13,14,22,44,45,5,42862389000,1000,42862389,4,21431194500
347,20090725,3,8,13,27,32,42,7,44219740000,1000,44219740,4,22109870000
348,20090801,3,14,17,20,24,31,3,42786310000,1000,42786310,6,21393155000
349,20090808,5,13,14,20,24,25,3,43433870000,1000,43433870,6,21716935000
350,20090815,1,8,18,24,29,33,9,42681094000,1000,42681094,5,21340547000
351,20090822,5,25,27,29,34,36,4,43947492000,1000,43947492,4,21973746000
352,20090829,5,16,17,20,26,41,6,44719545000,1000,44719545,5,22359772500
353,20090905,11,16,19,22,29,36,2,44552925000,1000,44552925,5,22276462500
354,20090912,14,19,36,43,44,45,5,44709689000,1000,44709689,2,22354844500
355,20090919,5,8,29,30,35,44,5,45017050000,1000,45017050,4,22508525000
356,20090926,2,8,14,25,29,45,9,44684958000,1000,44684958,5,22342479000
357,20091003,10,14,18,21,36,37,2,45232409000,1000,45232409,4,22616204500
358,20091010,1,9,10,12,21,40,3,45651829000,1000,45651829,5,22825914500
359,20091017,1,10,19,20,24,40,8,45288256000,1000,45288256,5,22644128000
360,20091024,4,16,23,25,35,40,3,45719032000,1000,45719032,4,22859516000
361,20091031,5,10,16,24,27,35,7,45062676000,1000,45062676,5,22531338000
362,20091107,2,3,22,27,30,40,6,44336363000,1000,44336363,5,22168181500
363,20091114,11,12,14,21,32,38,4,44863948000,1000,44863948,4,22431974000
364,20091121,2,5,7,14,16,40,4,44192004000,1000,44192004,5,22096002000
365,20091128,5,15,21,25,26,30,1,45806066000,1000,45806066,6,22903033000
366,20091205,5,12,19,26,27,44,2,45962166000,1000,45962166,5,22981083000
367,20091212,3,22,25,29,32,44,7,46459307000,1000,46459307,4,23229653500
368,20091219,11,21,24,30,39,45,7,43746046000,1000,43746046,4,21873023000
369,20091226,17,20,35,36,41,43,6,46716275000,1000,46716275,2,23358137500
370,20100102,16,18,24,42,44,45,7,49762652000,1000,49762652,3,24881326000
371,20100109,7,9,15,26,27,42,7,45843166000,1000,45843166,5,22921583000
372,20100116,8,11,14,16,18,21,9,46167066000,1000,46167066,6,23083533000
373,20100123,15,26,37,42,43,45,4,47095065000,1000,47095065,2,23547532500
374,20100130,11,13,15,17,25,34,2,48081319000,1000,48081319,5,24040659500
375,20100206,4,8,19,25,27,45,7,47864938000,1000,47864938,5,23932469000
376,20100213,1,11,13,24,28,40,6,50657096000,1000,50657096,5,25328548000
377,20100220,6,22,29,37,43,45,3,49218434000,1000,49218434,3,24609217000
378,20100227,5,22,29,31,34,39,5,48866964000,1000,48866964,4,24433482000
379,20100306,6,10,22,31,35,40,7,47537685000,1000,47537685,4,23768842500
380,20100313,1,2,8,17,26,37,4,47164371000,1000,47164371,5,23582185500
381,20100320,1,5,10,12,16,20,19,47943113000,1000,47943113,6,23971556500
382,20100327,10,15,22,24,27,42,6,47401288000,1000,47401288,5,23700644000
383,20100403,4,15,28,33,37,40,3,46067051000,1000,46067051,3,23033525500
384,20100410,11,22,24,32,36,38,3,46888942000,1000,46888942,3,23444471000
385,20100417,7,12,19,21,29,32,7,46243483000,1000,46243483,5,23121741500
386,20100424,4,7,10,19,31,40,10,45907331000,1000,45907331,5,22953665500
387,20100501,1,26,31,34,40,43,4,45459960000,1000,45459960,3,22729980000
388,20100508,1,8,9,17,29,32,4,44308705000,1000,44308705,5,22154352500
389,20100515,7,16,18,20,23,26,5,45534027000,1000,45534027,6,22767013500
390,20100522,16,17,28,37,39,40,1,44189673000,1000,44189673,3,22094836500
391,20100529,10,11,18,22,28,39,1,45161516000,1000,45161516,5,22580758000
392,20100605,1,3,7,8,24,42,6,45528684000,1000,45528684,5,22764342000
393,20100612,9,16,28,40,41,43,8,45989116000,1000,45989116,3,22994558000
394,20100619,1,13,20,22,25,28,1,45192337000,1000,45192337,6,22596168500
395,20100626,11,15,20,26,31,35,7,46192580000,1000,46192580,5,23096290000
396,20100703,18,20,31,34,40,45,2,45463736000,1000,45463736,3,22731868000
397,20100710,12,13,17,22,25,33,3,45890007000,1000,45890007,5,22945003500
398,20100717,10,15,20,23,42,44,4,45427304000,1000,45427304,4,22713652000
399,20100724,1,2,9,17,19,42,8,45551786000,1000,45551786,5,22775893000
400,20100731,9,21,27,34,41,43,4,45379731000,1000,45379731,3,22689865500
401,20100807,6,12,18,31,38,43,9,43491965000,1000,43491965,4,21745982500
402,20100814,5,9,15,19,22,36,4,45002946000,1000,45002946,5,22501473000
403,20100821,10,14,22,24,28,37,5,44911335000,1000,44911335,5,22455667500
404,20100828,5,20,21,24,33,40,3,45389825000,1000,45389825,4,22694912500
405,20100904,1,2,10,25,26,44,3,45220904000,1000,45220904,5,22610452000
406,20100911,7,12,21,24,27,36,5,46062206000,1000,46062206,5,23031103000
407,20100918,6,7,13,16,24,25,7,48429586000,1000,48429586,6,24214793000
408,20100925,9,20,21,22,30,37,5,46406711000,1000,46406711,5,23203355500
409,20101002,6,9,21,31,32,40,4,47924584000,1000,47924584,4,23962292000
410,20101009,1,3,18,32,40,41,9,47467817000,1000,47467817,3,23733908500
411,20101016,11,14,22,35,37,39,12,47259122000,1000,47259122,3,23629561000
412,20101023,4,7,39,41,42,45,7,47066180000,1000,47066180,2,23533090000
413,20101030,2,9,15,23,34,40,4,46925724000,1000,46925724,4,23462862000
414,20101106,2,14,15,22,23,44,1,46910990000,1000,46910990,5,23455495000
415,20101113,7,17,20,26,30,40,8,46746048000,1000,46746048,5,23373024000
416,20101120,5,6,8,11,22,26,10,46854806000,1000,46854806,6,23427403000
417,20101127,4,5,14,20,22,43,4,45968256000,1000,45968256,5,22984128000
418,20101204,11,13,15,26,28,34,8,47058055000,1000,47058055,5,23529027500
419,20101211,2,11,13,14,28,30,3,46508296000,1000,46508296,6,23254148000
420,20101218,4,9,10,29,31,34,8,47345476000,1000,47345476,5,23672738000
421,20101225,6,11,26,27,28,44,5,47752021000,1000,47752021,5,23876010500
422,20110101,8,15,19,21,34,44,6,52730602000,1000,52730602,4,26365301000
423,20110108,1,17,27,28,29,40,3,49668311000,1000,49668311,5,24834155500
424,20110115,10,11,26,31,34,44,10,48728445000,1000,48728445,4,24364222500
425,20110122,8,10,14,27,33,38,8,50459694000,1000,50459694,4,25229847000
426,20110129,4,17,18,27,39,43,4,51466592000,1000,51466592,4,25733296000
427,20110205,6,7,15,24,28,30,1,52511055000,1000,52511055,6,26255527500
428,20110212,12,16,19,22,37,40,9,54685007000,1000,54685007,4,27342503500
429,20110219,3,23,28,34,39,42,9,53993833000,1000,53993833,3,26996916500
430,20110226,1,3,16,18,30,34,8,53194872000,1000,53194872,5,26597436000
431,20110305,18,22,25,31,38,45,10,51661947000,1000,51661947,4,25830973500
432,20110312,2,3,5,11,27,39,5,52348574000,1000,52348574,5,26174287000
433,20110319,19,23,29,33,35,43,11,52396606000,1000,52396606,3,26198303000
434,20110326,3,13,20,24,33,37,8,51579439000,1000,51579439,4,25789719500
435,20110402,8,16,26,30,38,45,10,52341267000,1000,52341267,4,26170633500
436,20110409,9,14,20,22,33,34,8,50869017000,1000,50869017,4,25434508500
437,20110416,11,16,29,38,41,44,6,50798417000,1000,50798417,3,25399208500
438,20110423,6,12,20,26,29,38,9,50370042000,1000,50370042,5,25185021000
439,20110430,17,20,30,31,37,40,6,49680708000,1000,49680708,4,24840354000
440,20110507,10,22,28,34,36,44,6,49810778000,1000,49810778,3,24905389000
441,20110514,1,23,28,30,34,35,4,50272122000,1000,50272122,4,25136061000
442,20110521,25,27,29,36,38,40,9,51219943000,1000,51219943,3,25609971500
443,20110528,4,6,10,19,20,44,9,51236072000,1000,51236072,5,25618036000
444,20110604,11,13,23,35,43,45,3,50673529000,1000,50673529,3,25336764500
445,20110611,13,20,21,30,39,45,7,50053080000,1000,50053080,4,25026540000
446,20110618,1,11,12,14,26,35,3,50595241000,1000,50595241,5,25297620500
447,20110625,2,7,8,9,17,33,4,49555042000,1000,49555042,5,24777521000
448,20110702,3,7,13,27,40,41,3,51341262000,1000,51341262,4,25670631000
449,20110709,3,10,20,26,35,43,3,50214272000,1000,50214272,4,25107136000
450,20110716,6,14,19,21,23,31,6,49732036000,1000,49732036,6,24866018000
451,20110723,12,15,20,24,30,38,13,49861167000,1000,49861167,5,24930583500
452,20110730,8,10,18,30,32,34,9,48456758000,1000,48456758,4,24228379000
453,20110806,12,24,33,38,40,42,5,48055125000,1000,48055125,2,24027562500
454,20110813,13,25,27,34,38,41,7,48389211000,1000,48389211,3,24194605500
455,20110820,4,19,20,26,30,35,7,48769851000,1000,48769851,5,24384925500
456,20110827,1,7,12,18,23,27,7,49420681000,1000,49420681,6,24710340500
457,20110903,8,10,18,23,27,40,10,49679052000,1000,49679052,5,24839526000
458,20110910,4,9,10,32,36,40,8,53778256000,1000,53778256,3,26889128000
459,20110917,4,6,10,14,25,40,7,49890095000,1000,49890095,5,24945047500
460,20110924,8,11,28,30,43,45,4,51917635000,1000,51917635,4,25958817500
461,20111001,11,18,26,31,37,40,6,50624588000,1000,50624588,4,25312294000
462,20111008,3,20,24,32,37,45,8,49325555000,1000,49325555,3,24662777500
463,20111015,23,29,31,33,34,44,0,49205151000,1000,49205151,3,24602575500
464,20111022,6,12,15,34,42,44,13,126772274000,1000,126772274,3,63386137000
465,20111029,1,8,11,13,22,38,7,57793294000,1000,57793294,5,28896647000
466,20111105,4,10,13,23,32,44,9,58314753000,1000,58314753,4,29157376500
467,20111112,2,12,14,17,24,40,9,57383906000,1000,57383906,5,28691953000
468,20111119,8,13,15,28,37,43,9,55598552000,1000,55598552,4,27799276000
469,20111126,4,21,22,34,37,38,4,53364940000,1000,53364940,3,26682470000
470,20111203,10,16,20,39,41,42,3,53912965000,1000,53912965,3,26956482500
471,20111210,6,13,29,37,39,41,7,53492340000,1000,53492340,3,26746170000
472,20111217,16,25,26,31,36,43,7,51929207000,1000,51929207,4,25964603500
473,20111224,8,13,20,22,23,36,4,52867236000,1000,52867236,5,26433618000
474,20111231,4,13,18,31,33,45,15,58978482000,1000,58978482,4,29489241000
475,20120107,1,9,14,16,21,29,8,56043275000,1000,56043275,6,28021637500
476,20120114,9,12,13,15,37,38,4,55591819000,1000,55591819,4,27795909500
477,20120121,14,25,29,32,33,45,8,60801409000,1000,60801409,3,30400704500
478,20120128,18,29,30,37,39,43,14,54975901000,1000,54975901,3,27487950500
479,20120204,8,23,25,27,35,44,6,54848834000,1000,54848834,4,27424417000
480,20120211,3,5,10,17,30,31,4,55415681000,1000,55415681,6,27707840500
481,20120218,3,4,23,29,40,41,3,55642616000,1000,55642616,4,27821308000
482,20120225,1,10,16,24,25,35,7,56201452000,1000,56201452,5,28100726000
483,20120303,12,15,19,22,28,34,5,55582659000,1000,55582659,5,27791329500
484,20120310,1,3,27,28,32,45,6,55885979000,1000,55885979,4,27942989500
485,20120317,17,22,26,27,36,39,9,55692878000,1000,55692878,4,27846439000
486,20120324,1,2,23,25,38,40,13,54540823000,1000,54540823,4,27270411500
487,20120331,4,8,25,27,37,41,8,55276503000,1000,55276503,4,27638251500
488,20120407,2,8,17,30,31,38,10,54213092000,1000,54213092,5,27106546000
489,20120414,2,4,8,15,20,27,6,53558490000,1000,53558490,6,26779245000
490,20120421,2,7,26,29,40,43,7,52590121000,1000,52590121,4,26295060500
491,20120428,8,17,35,36,39,42,4,53413874000,1000,53413874,2,26706937000
492,20120505,22,27,31,35,37,40,5,51693454000,1000,51693454,3,25846727000
493,20120512,20,22,26,33,36,37,9,53231838000,1000,53231838,3,26615919000
494,20120519,5,7,8,15,30,43,12,53321589000,1000,53321589,5,26660794500
495,20120526,4,13,22,27,34,44,6,53645960000,1000,53645960,4,26822980000
496,20120602,4,13,20,29,36,41,4,52915804000,1000,52915804,4,26457902000
497,20120609,19,20,23,24,43,44,6,52411585000,1000,52411585,4,26205792500
498,20120616,13,14,24,32,39,41,4,52851253000,1000,52851253,3,26425626500
499,20120623,5,20,23,27,35,40,3,52767632000,1000,52767632,4,26383816000
500,20120630,3,4,12,20,24,34,9,54012267000,1000,54012267,5,27006133500
501,20120707,1,4,10,17,31,42,4,52717711000,1000,52717711,5,26358855500
502,20120714,6,22,28,32,34,40,6,54000640000,1000,54000640,3,27000320000
503,20120721,1,5,27,30,34,36,7,53572205000,1000,53572205,4,26786102500
504,20120728,6,14,22,26,43,44,9,51787037000,1000,51787037,4,25893518500
505,20120804,7,20,22,25,38,40,6,49103223000,1000,49103223,4,24551611500
506,20120811,6,9,11,22,24,30,3,52363311000,1000,52363311,6,26181655500
507,20120818,12,13,32,33,40,41,9,53638773000,1000,53638773,2,26819386500
508,20120825,5,27,31,34,35,43,8,54010391000,1000,54010391,3,27005195500
509,20120901,12,25,29,35,42,43,5,53390358000,1000,53390358,3,26695179000
510,20120908,12,29,32,33,39,40,5,53964992000,1000,53964992,2,26982496000
511,20120915,3,7,14,23,26,42,6,53970308000,1000,53970308,5,26985154000
512,20120922,4,5,9,13,26,27,13,54017801000,1000,54017801,6,27008900500
513,20120929,5,8,21,23,27,33,3,58317548000,1000,58317548,5,29158774000
514,20121006,1,15,20,26,35,42,3,54452404000,1000,54452404,4,27226202000
515,20121013,2,11,12,15,23,37,1,55258935000,1000,55258935,5,27629467500
516,20121020,2,8,23,41,43,44,11,56385762000,1000,56385762,3,28192881000
517,20121027,1,9,12,28,36,41,5,54468223000,1000,54468223,4,27234111500
518,20121103,14,23,30,32,34,38,6,55321566000,1000,55321566,3,27660783000
519,20121110,6,8,13,16,30,43,7,55614206000,1000,55614206,5,27807103000
520,20121117,4,22,27,28,38,40,6,55003797000,1000,55003797,4,27501898500
521,20121124,3,7,18,29,32,36,8,56185373000,1000,56185373,4,28092686500
522,20121201,4,5,13,14,37,41,6,57053378000,1000,57053378,4,28526689000
523,20121208,1,4,37,38,40,45,7,53678449000,1000,53678449,2,26839224500
524,20121215,10,11,29,38,41,45,4,55662103000,1000,55662103,3,27831051500
525,20121222,11,23,26,29,39,44,9,55566007000,1000,55566007,4,27783003500
526,20121229,7,14,17,20,35,39,9,56527807000,1000,56527807,4,28263903500
527,20130105,1,12,22,32,33,42,13,56985634000,1000,56985634,3,28492817000
528,20130112,5,17,25,31,39,40,11,57548541000,1000,57548541,4,28774270500
529,20130119,18,20,24,27,31,42,8,57645779000,1000,57645779,5,28822889500
530,20130126,16,23,27,29,33,41,11,56241083000,1000,56241083,4,28120541500
531,20130202,1,5,9,21,27,35,9,57567064000,1000,57567064,5,28783532000
532,20130209,16,17,23,24,29,44,7,61687384000,1000,61687384,5,30843692000
533,20130216,9,14,15,17,31,33,8,59275357000,1000,59275357,5,29637678500
534,20130223,10,24,26,29,37,38,1,59227462000,1000,59227462,4,29613731000
535,20130302,11,12,14,15,18,39,3,60523884000,1000,60523884,5,30261942000
536,20130309,7,8,18,32,37,43,11,59763469000,1000,59763469,3,29881734500
537,20130316,12,23,26,30,36,43,7,59453323000,1000,59453323,4,29726661500
538,20130323,6,10,18,31,32,34,3,59233373000,1000,59233373,4,29616686500
539,20130330,3,19,22,31,42,43,9,59168870000,1000,59168870,4,29584435000
540,20130406,3,12,13,15,34,36,7,56739658000,1000,56739658,4,28369829000
541,20130413,8,13,26,28,32,34,11,57087047000,1000,57087047,4,28543523500
542,20130420,5,6,19,26,41,45,6,56949161000,1000,56949161,4,28474580500
543,20130427,13,18,26,31,34,44,12,56570245000,1000,56570245,4,28285122500
544,20130504,5,17,21,25,36,44,13,56056189000,1000,56056189,4,28028094500
545,20130511,4,24,25,27,34,35,11,55967171000,1000,55967171,4,27983585500
546,20130518,8,17,20,27,37,43,30,56713166000,1000,56713166,4,28356583000
547,20130525,6,7,15,22,34,39,5,57968466000,1000,57968466,4,28984233000
548,20130601,1,12,13,21,32,45,8,57771827000,1000,57771827,4,28885913500
549,20130608,29,31,35,38,40,44,8,56864611000,1000,56864611,2,28432305500
550,20130615,1,7,14,20,34,37,11,56441770000,1000,56441770,4,28220885000
551,20130622,3,6,20,24,27,44,1,56989370000,1000,56989370,5,28494685000
552,20130629,1,10,20,32,35,40,10,57602386000,1000,57602386,3,28801193000
553,20130706,2,7,17,28,29,39,6,56487483000,1000,56487483,5,28243741500
554,20130713,13,14,17,32,41,42,2,56124466000,1000,56124466,3,28062233000
555,20130720,11,17,21,24,26,36,8,57273817000,1000,57273817,5,28636908500
556,20130727,12,20,23,28,30,44,7,57374791000,1000,57374791,5,28687395500
557,20130803,4,20,26,28,35,40,7,55086560000,1000,55086560,4,27543280000
558,20130810,12,15,19,26,40,43,10,54939001000,1000,54939001,4,27469500500
559,20130817,11,12,25,32,44,45,7,55733418000,1000,55733418,3,27866709000
560,20130824,1,4,20,23,29,45,7,56565298000,1000,56565298,5,28282649000
561,20130831,5,7,18,37,42,45,5,56638383000,1000,56638383,3,28319191500
562,20130907,4,11,13,17,20,31,11,56288212000,1000,56288212,6,28144106000
563,20130914,5,10,16,17,31,32,7,57320132000,1000,57320132,5,28660066000
564,20130921,14,19,25,26,27,34,7,58012468000,1000,58012468,5,29006234000
565,20130928,4,10,18,27,40,45,8,59556622000,1000,59556622,4,29778311000
566,20131005,4,5,6,25,26,43,4,57666611000,1000,57666611,5,28833305500
567,20131012,1,10,15,16,32,41,6,57439471000,1000,57439471,4,28719735500
568,20131019,1,3,17,20,31,44,10,57681628000,1000,57681628,5,28840814000
569,20131026,3,6,13,23,24,35,4,58441902000,1000,58441902,5,29220951000
570,20131102,1,12,26,27,29,33,9,57654279000,1000,57654279,5,28827139500
571,20131109,11,18,21,26,38,43,7,56493528000,1000,56493528,4,28246764000
572,20131116,3,13,18,33,37,45,8,56473602000,1000,56473602,3,28236801000
573,20131123,2,4,20,34,35,43,8,56092721000,1000,56092721,3,28046360500
574,20131130,14,15,16,19,25,43,2,55882933000,1000,55882933,5,27941466500
575,20131207,2,8,20,30,33,34,8,56330738000,1000,56330738,4,28165369000
576,20131214,10,11,15,25,35,41,3,54691148000,1000,54691148,4,27345574000
577,20131221,16,17,22,31,34,37,3,57010827000,1000,57010827,4,28505413500
578,20131228,5,12,14,32,34,42,5,58584741000,1000,58584741,3,29292370500
579,20140104,5,7,20,22,37,42,11,63532871000,1000,63532871,4,31766435500
580,20140111,5,7,9,11,32,35,7,60514216000,1000,60514216,4,30257108000
581,20140118,3,5,14,20,42,44,8,60257457000,1000,60257457,4,30128728500
582,20140125,2,12,14,33,40,41,4,59306953000,1000,59306953,3,29653476500
583,20140201,8,17,27,33,40,44,11,62675295000,1000,62675295,3,31337647500
584,20140208,7,18,30,39,40,41,3,61343856000,1000,61343856,3,30671928000
585,20140215,6,7,10,16,38,41,9,60253002000,1000,60253002,4,30126501000
586,20140222,2,7,12,15,21,34,8,59502096000,1000,59502096,5,29751048000
587,20140301,14,21,29,31,32,37,3,59715499000,1000,59715499,4,29857749500
588,20140308,2,8,15,22,25,41,5,59533101000,1000,59533101,5,29766550500
589,20140315,6,8,28,33,38,39,7,60643729000,1000,60643729,3,30321864500
590,20140322,20,30,36,38,41,45,7,60003131000,1000,60003131,2,30001565500
591,20140329,8,13,14,30,38,39,5,59373946000,1000,59373946,4,29686973000
592,20140405,2,5,6,13,28,44,6,58097477000,1000,58097477,5,29048738500
593,20140412,9,10,13,24,33,38,9,59368204000,1000,59368204,4,29684102000
594,20140419,2,8,13,25,28,37,11,57764442000,1000,57764442,5,28882221000
595,20140426,8,24,28,35,38,40,8,57797288000,1000,57797288,3,28898644000
596,20140503,3,4,12,14,25,43,10,56561071000,1000,56561071,5,28280535500
597,20140510,8,10,23,24,35,43,13,56832361000,1000,56832361,4,28416180500
598,20140517,4,12,24,33,38,45,16,57518550000,1000,57518550,3,28759275000
599,20140524,5,12,17,29,34,35,8,57381791000,1000,57381791,4,28690895500
600,20140531,5,11,14,27,29,36,15,56372519000,1000,56372519,5,28186259500
601,20140607,2,16,19,31,34,35,9,55868455000,1000,55868455,4,27934227500
602,20140614,13,14,22,27,30,38,8,56262855000,1000,56262855,5,28131427500
603,20140621,2,19,25,26,27,43,4,56276650000,1000,56276650,5,28138325000
604,20140628,2,6,18,21,33,34,11,56266399000,1000,56266399,4,28133199500
605,20140705,1,2,7,9,10,38,9,56622924000,1000,56622924,5,28311462000
606,20140712,1,5,6,14,20,39,10,56928896000,1000,56928896,5,28464448000
607,20140719,8,14,23,36,38,39,4,56806213000,1000,56806213,3,28403106500
608,20140726,4,8,18,19,39,44,7,56146117000,1000,56146117,4,28073058500
609,20140802,4,8,27,34,39,40,2,54858201000,1000,54858201,3,27429100500
610,20140809,14,18,20,23,28,36,4,56862756000,1000,56862756,5,28431378000
611,20140816,2,22,27,33,36,37,4,57411079000,1000,57411079,3,28705539500
612,20140823,6,9,18,19,25,33,11,56931314000,1000,56931314,5,28465657000
613,20140830,7,8,11,16,41,44,9,57986249000,1000,57986249,4,28993124500
614,20140906,8,21,25,39,40,44,6,62301977000,1000,62301977,3,31150988500
615,20140913,10,17,18,19,23,27,9,59072378000,1000,59072378,6,29536189000
616,20140920,5,13,18,23,40,45,9,60303360000,1000,60303360,4,30151680000
617,20140927,4,5,11,12,24,27,8,58958123000,1000,58958123,6,29479061500
618,20141004,8,16,25,30,42,43,5,58550803000,1000,58550803,4,29275401500
619,20141011,6,8,13,30,35,40,3,58822925000,1000,58822925,4,29411462500
620,20141018,2,16,17,32,39,45,7,58342777000,1000,58342777,3,29171388500
621,20141025,1,2,6,16,19,42,6,59407216000,1000,59407216,5,29703608000
622,20141101,9,15,16,21,28,34,9,59601329000,1000,59601329,5,29800664500
623,20141108,7,13,30,39,41,45,8,58504142000,1000,58504142,3,29252071000
624,20141115,1,7,19,26,27,35,5,57832726000,1000,57832726,5,28916363000
625,20141122,3,6,7,20,21,39,5,58614979000,1000,58614979,5,29307489500
626,20141129,13,14,26,33,40,43,8,58986187000,1000,58986187,3,29493093500
627,20141206,2,9,22,25,31,45,10,55981334000,1000,55981334,5,27990667000
628,20141213,1,7,12,15,23,42,9,57253109000,1000,57253109,5,28626554500
629,20141220,19,28,31,38,43,44,5,57618701000,1000,57618701,3,28809350500
630,20141227,8,17,21,24,27,31,3,61335894000,1000,61335894,6,30667947000
631,20150103,1,2,4,23,31,34,4,65300621000,1000,65300621,5,32650310500
632,20150110,15,18,21,32,35,44,11,63066603000,1000,63066603,3,31533301500
633,20150117,9,12,19,20,39,41,12,62015797000,1000,62015797,4,31007898500
634,20150124,4,10,11,12,20,27,13,63149567000,1000,63149567,6,31574783500
635,20150131,11,13,25,26,29,33,8,62429621000,1000,62429621,5,31214810500
636,20150207,6,7,15,16,20,31,8,62786394000,1000,62786394,6,31393197000
637,20150214,3,16,22,37,38,44,4,63504865000,1000,63504865,3,31752432500
638,20150221,7,18,22,24,31,34,7,64319586000,1000,64319586,5,32159793000
639,20150228,6,15,22,23,25,32,4,66202599000,1000,66202599,5,33101299500
640,20150307,14,15,18,21,26,35,9,64080502000,1000,64080502,5,32040251000
641,20150314,11,18,21,36,37,43,8,63773134000,1000,63773134,3,31886567000
642,20150321,8,17,18,24,39,45,12,63544224000,1000,63544224,4,31772112000
643,20150328,15,24,31,32,33,40,6,63110068000,1000,63110068,3,31555034000
644,20150404,5,13,17,23,28,36,8,61846599000,1000,61846599,5,30923299500
645,20150411,1,4,16,26,40,41,4,62661756000,1000,62661756,4,31330878000
646,20150418,2,9,24,41,43,45,7,62308090000,1000,62308090,3,31154045000
647,20150425,5,16,21,23,24,30,7,62314338000,1000,62314338,6,31157169000
648,20150502,13,19,28,37,38,43,7,60874405000,1000,60874405,3,30437202500
649,20150509,3,21,22,33,41,42,5,60473178000,1000,60473178,3,30236589000
650,20150516,3,4,7,11,31,41,5,60991082000,1000,60991082,5,30495541000
651,20150523,11,12,16,26,29,44,8,61494891000,1000,61494891,5,30747445500
652,20150530,3,13,15,40,41,44,5,60426977000,1000,60426977,3,30213488500
653,20150606,5,6,26,27,38,39,14,59716037000,1000,59716037,4,29858018500
654,20150613,16,21,26,31,36,43,8,60697813000,1000,60697813,4,30348906500
655,20150620,7,37,38,39,40,44,9,60434801000,1000,60434801,1,30217400500
656,20150627,3,7,14,16,31,40,2,61328118000,1000,61328118,5,30664059000
657,20150704,10,14,19,39,40,43,9,61769837000,1000,61769837,3,30884918500
658,20150711,8,19,25,28,32,36,9,61131243000,1000,61131243,4,30565621500
659,20150718,7,18,19,27,29,42,11,61677747000,1000,61677747,5,30838873500
660,20150725,4,9,23,33,39,44,10,60813322000,1000,60813322,3,30406661000
661,20150801,2,3,12,20,27,38,8,59597375000,1000,59597375,5,29798687500
662,20150808,5,6,9,11,15,37,8,59164542000,1000,59164542,5,29582271000
663,20150815,3,5,8,19,38,42,7,61100704000,1000,61100704,4,30550352000
664,20150822,10,20,33,36,41,44,10,61921689000,1000,61921689,2,30960844500
665,20150829,5,6,11,17,38,44,4,61885874000,1000,61885874,4,30942937000
666,20150905,2,4,6,11,17,28,6,62652917000,1000,62652917,6,31326458500
667,20150912,15,17,25,37,42,43,7,63421632000,1000,63421632,3,31710816000
668,20150919,12,14,15,24,27,32,5,63346405000,1000,63346405,5,31673202500
669,20150926,7,8,20,29,33,38,6,67952211000,1000,67952211,4,33976105500
670,20151003,11,18,26,27,40,41,12,62242687000,1000,62242687,4,31121343500
671,20151010,7,9,10,13,31,35,4,63940807000,1000,63940807,5,31970403500
672,20151017,8,21,28,31,36,45,9,63542330000,1000,63542330,4,31771165000
673,20151024,7,10,17,29,33,44,10,63163578000,1000,63163578,4,31581789000
674,20151031,9,10,14,25,27,31,8,61386974000,1000,61386974,6,30693487000
675,20151107,1,8,11,15,18,45,4,60458623000,1000,60458623,5,30229311500
676,20151114,1,8,17,34,39,45,8,62147642000,1000,62147642,3,31073821000
677,20151121,12,15,24,36,41,44,8,62267624000,1000,62267624,3,31133812000
678,20151128,4,5,6,12,25,37,6,60887293000,1000,60887293,5,30443646500
679,20151205,3,5,7,14,26,34,5,62220918000,1000,62220918,5,31110459000
680,20151212,4,10,19,29,32,42,14,64245201000,1000,64245201,4,32122600500
681,20151219,21,24,27,29,43,44,6,63268253000,1000,63268253,4,31634126500
682,20151226,17,23,27,35,38,43,4,66757858000,1000,66757858,3,33378929000
683,20160102,6,13,20,27,28,40,16,71940091000,1000,71940091,5,35970045500
684,20160109,1,11,15,17,25,39,9,66623887000,1000,66623887,5,33311943500
685,20160116,6,7,12,28,38,40,11,69126675000,1000,69126675,4,34563337500
686,20160123,7,12,15,24,25,43,8,65274010000,1000,65274010,5,32637005000
687,20160130,1,8,10,13,28,42,6,68044669000,1000,68044669,5,34022334500
688,20160206,5,15,22,23,34,35,9,73095612000,1000,73095612,4,36547806000
689,20160213,7,17,19,30,36,38,7,67460147000,1000,67460147,4,33730073500
690,20160220,24,25,33,34,38,39,15,69142025000,1000,69142025,2,34571012500
691,20160227,15,27,33,35,43,45,6,68590328000,1000,68590328,2,34295164000
692,20160305,3,11,14,15,32,36,7,66390499000,1000,66390499,4,33195249500
693,20160312,1,6,11,28,34,42,10,67352935000,1000,67352935,4,33676467500
694,20160319,7,15,20,25,33,43,10,67533257000,1000,67533257,4,33766628500
695,20160326,4,18,26,33,34,38,11,67672085000,1000,67672085,3,33836042500
696,20160402,1,7,16,18,34,38,10,67542971000,1000,67542971,4,33771485500
697,20160409,2,5,8,11,33,39,10,66966141000,1000,66966141,4,33483070500
698,20160416,3,11,13,21,33,37,8,66283268000,1000,66283268,4,33141634000
699,20160423,4,5,8,16,21,29,8,66743146000,1000,66743146,6,33371573000
700,20160430,11,23,28,29,30,44,8,66846276000,1000,66846276,5,33423138000
701,20160507,3,10,14,16,36,38,10,64454138000,1000,64454138,4,32227069000
702,20160514,3,13,16,24,26,29,11,66219854000,1000,66219854,6,33109927000
703,20160521,10,28,31,33,41,44,5,65728988000,1000,65728988,3,32864494000
704,20160528,1,4,8,23,33,42,4,65930117000,1000,65930117,4,32965058500
705,20160604,1,6,17,22,28,45,4,65859843000,1000,65859843,5,32929921500
706,20160611,3,4,6,10,28,30,4,65723488000,1000,65723488,6,32861744000
707,20160618,2,12,19,24,39,44,12,66813924000,1000,66813924,4,33406962000
708,20160625,2,10,16,19,34,45,4,66806307000,1000,66806307,4,33403153500
709,20160702,10,18,30,36,39,44,14,65592504000,1000,65592504,3,32796252000
710,20160709,3,4,9,24,25,33,5,65083972000,1000,65083972,5,32541986000
711,20160716,11,15,24,35,37,45,7,66152746000,1000,66152746,3,33076373000
712,20160723,17,20,30,31,33,45,4,66136318000,1000,66136318,4,33068159000
713,20160730,2,5,15,18,19,23,9,64646552000,1000,64646552,6,32323276000
714,20160806,1,7,22,33,37,40,7,64099989000,1000,64099989,3,32049994500
715,20160813,2,7,27,33,41,44,6,65794607000,1000,65794607,3,32897303500
716,20160820,2,6,13,16,29,30,12,67040169000,1000,67040169,6,33520084500
717,20160827,2,11,19,25,28,32,6,68597839000,1000,68597839,5,34298919500
718,20160903,4,11,20,23,32,39,17,69400763000,1000,69400763,4,34700381500
719,20160910,4,8,13,19,20,43,9,71378392000,1000,71378392,5,35689196000
720,20160917,1,12,29,34,36,37,14,69939090000,1000,69939090,3,34969545000
721,20160924,1,28,35,41,43,44,8,71627567000,1000,71627567,2,35813783500
722,20161001,12,14,21,30,39,43,4,69446489000,1000,69446489,4,34723244500
723,20161008,20,30,33,35,36,44,8,67750231000,1000,67750231,2,33875115500
724,20161015,2,8,33,35,37,41,12,69987274000,1000,69987274,2,34993637000
725,20161022,6,7,19,21,41,43,11,70208676000,1000,70208676,4,35104338000
726,20161029,1,11,21,23,34,44,14,68799295000,1000,68799295,4,34399647500
727,20161105,7,8,10,19,21,31,14,67559139000,1000,67559139,6,33779569500
728,20161112,3,6,10,30,34,37,5,68306112000,1000,68306112,4,34153056000
729,20161119,11,17,21,26,36,45,4,68784161000,1000,68784161,4,34392080500
730,20161126,4,10,14,15,18,22,8,66934105000,1000,66934105,6,33467052500
731,20161203,2,7,13,25,42,45,7,69239673000,1000,69239673,4,34619836500
732,20161210,2,4,5,17,27,32,7,68645948000,1000,68645948,5,34322974000
733,20161217,11,24,32,33,35,40,4,69321488000,1000,69321488,2,34660744000
734,20161224,6,16,37,38,41,45,9,71457582000,1000,71457582,2,35728791000
735,20161231,5,10,13,27,37,41,10,77488209000,1000,77488209,4,38744104500
736,20170107,2,11,17,18,21,27,5,73510203000,1000,73510203,6,36755101500
737,20170114,13,15,18,24,27,41,4,70775944000,1000,70775944,5,35387972000
738,20170121,23,27,28,38,42,43,11,71768122000,1000,71768122,3,35884061000
739,20170128,7,22,29,33,34,35,4,77999661000,1000,77999661,3,38999830500
740,20170204,4,8,9,16,17,19,18,75186520000,1000,75186520,6,37593260000
741,20170211,5,21,27,34,44,45,6,74392585000,1000,74392585,3,37196292500
742,20170218,8,10,13,36,37,40,16,73857792000,1000,73857792,3,36928896000
743,20170225,15,19,21,34,41,44,7,73436852000,1000,73436852,3,36718426000
744,20170304,10,15,18,21,34,41,15,73507293000,1000,73507293,4,36753646500
745,20170311,1,2,3,9,12,23,20,73575119000,1000,73575119,6,36787559500
746,20170318,3,12,33,36,42,45,9,74239579000,1000,74239579,2,37119789500
747,20170325,7,9,12,14,23,28,9,73337880000,1000,73337880,6,36668940000
748,20170401,3,10,13,22,31,32,9,72750277000,1000,72750277,5,36375138500
749,20170408,12,14,24,26,34,45,13,72252889000,1000,72252889,4,36126444500
750,20170415,1,2,15,19,24,36,7,72248100000,1000,72248100,5,36124050000
751,20170422,3,4,16,20,28,44,8,71534233000,1000,71534233,5,35767116500
752,20170429,4,16,20,33,40,43,9,71600822000,1000,71600822,3,35800411000
753,20170506,2,17,19,24,37,41,6,68915001000,1000,68915001,4,34457500500
754,20170513,2,8,17,24,29,31,5,70765850000,1000,70765850,6,35382925000
755,20170520,13,14,26,28,30,36,8,71300635000,1000,71300635,5,35650317500
756,20170527,10,14,16,18,27,28,5,70992946000,1000,70992946,6,35496473000
757,20170603,6,7,11,17,33,44,21,71053002000,1000,71053002,4,35526501000
758,20170610,5,9,12,30,39,43,8,71764259000,1000,71764259,4,35882129500
759,20170617,9,33,36,40,42,43,6,72632208000,1000,72632208,1,36316104000
760,20170624,10,22,27,31,42,43,8,72200797000,1000,72200797,4,36100398500
761,20170701,4,7,11,24,42,45,7,71415903000,1000,71415903,4,35707951500
762,20170708,1,3,12,21,26,41,10,70558895000,1000,70558895,5,35279447500
763,20170715,3,8,16,32,34,43,8,70652100000,1000,70652100,3,35326050000
764,20170722,7,22,24,31,34,36,7,70318932000,1000,70318932,4,35159466000
765,20170729,1,3,8,12,42,43,15,70972360000,1000,70972360,4,35486180000
766,20170805,9,30,34,35,39,41,8,69500769000,1000,69500769,2,34750384500
767,20170812,5,15,20,31,34,42,15,71285599000,1000,71285599,4,35642799500
768,20170819,7,27,29,30,38,44,13,72306975000,1000,72306975,4,36153487500
769,20170826,5,7,11,16,41,45,9,72873431000,1000,72873431,4,36436715500
770,20170902,1,9,12,23,39,43,8,74166379000,1000,74166379,4,37083189500
771,20170909,6,10,17,18,21,29,4,73545939000,1000,73545939,6,36772969500
772,20170916,5,6,11,14,21,41,10,74375369000,1000,74375369,5,37187684500
773,20170923,8,12,19,21,31,35,11,74560597000,1000,74560597,5,37280298500
774,20170930,12,15,18,28,34,42,11,77347021000,1000,77347021,4,38673510500
775,20171007,11,12,29,33,38,42,5,70795452000,1000,70795452,3,35397726000
776,20171014,8,9,18,21,28,40,7,74826082000,1000,74826082,5,37413041000
777,20171021,6,12,17,21,34,37,21,75534360000,1000,75534360,4,37767180000
778,20171028,6,21,35,36,37,41,3,75075606000,1000,75075606,2,37537803000
779,20171104,6,12,19,24,34,41,11,73773676000,1000,73773676,4,36886838000
780,20171111,15,17,19,21,27,45,11,74232084000,1000,74232084,5,37116042000
781,20171118,11,16,18,19,24,39,9,72483157000,1000,72483157,5,36241578500
782,20171125,6,18,31,34,38,45,9,72253973000,1000,72253973,3,36126986500
783,20171202,14,15,16,17,38,45,4,73525256000,1000,73525256,4,36762628000
784,20171209,3,10,23,24,31,39,9,74311382000,1000,74311382,5,37155691000
785,20171216,4,6,15,25,26,33,6,72974563000,1000,72974563,5,36487281500
786,20171223,12,15,16,20,24,30,4,75930156000,1000,75930156,6,37965078000
787,20171230,5,6,13,16,27,28,6,79593923000,1000,79593923,6,39796961500
788,20180106,2,10,11,19,35,39,13,78121882000,1000,78121882,4,39060941000
789,20180113,2,6,7,12,19,45,15,76136603000,1000,76136603,5,38068301500
790,20180120,3,8,19,27,30,41,16,78978881000,1000,78978881,5,39489440500
791,20180127,2,10,12,31,33,42,14,74205844000,1000,74205844,4,37102922000
792,20180203,2,7,19,25,29,36,7,76339003000,1000,76339003,5,38169501500
793,20180210,10,15,21,35,38,43,5,76177477000,1000,76177477,3,38088738500
794,20180217,6,7,18,19,30,38,7,79941579000,1000,79941579,5,39970789500
795,20180224,3,10,13,26,34,38,11,79661342000,1000,79661342,4,39830671000
796,20180303,1,21,26,36,40,41,7,77685943000,1000,77685943,3,38842971500
797,20180310,5,22,31,32,39,45,8,77339940000,1000,77339940,3,38669970000
798,20180317,2,10,14,22,32,36,7,77038759000,1000,77038759,4,38519379500
799,20180324,12,17,23,34,42,45,10,76708986000,1000,76708986,3,38354493000
800,20180331,1,4,10,12,28,45,11,76994062000,1000,76994062,5,38497031000
801,20180407,17,25,28,37,43,44,8,74034792000,1000,74034792,3,37017396000
802,20180414,10,11,12,18,24,42,16,75146781000,1000,75146781,5,37573390500
803,20180421,5,9,14,26,30,43,5,75670793000,1000,75670793,5,37835396500
804,20180428,1,10,13,26,32,36,11,74557028000,1000,74557028,4,37278514000
805,20180505,3,12,13,18,31,32,4,73065981000,1000,73065981,5,36532990500
806,20180512,14,20,23,31,37,38,7,74030583000,1000,74030583,4,37015291500
807,20180519,6,10,18,25,34,35,7,73831580000,1000,73831580,4,36915790000
808,20180526,15,21,31,32,41,43,6,74911438000,1000,74911438,3,37455719000
809,20180602,6,11,15,17,23,40,6,74214104000,1000,74214104,5,37107052000
810,20180609,5,10,13,21,39,43,8,74388355000,1000,74388355,4,37194177500
811,20180616,8,11,19,21,36,45,7,74570813000,1000,74570813,4,37285406500
812,20180623,1,3,12,14,16,43,6,74147816000,1000,74147816,5,37073908000
813,20180630,11,30,34,35,42,44,4,73394947000,1000,73394947,2,36697473500
814,20180707,2,21,28,38,42,45,6,74316543000,1000,74316543,3,37158271500
815,20180714,17,21,25,26,27,36,7,73416400000,1000,73416400,5,36708200000
816,20180721,12,18,19,29,31,39,8,72397826000,1000,72397826,5,36198913000
817,20180728,3,9,12,13,25,43,9,72552766000,1000,72552766,5,36276383000
818,20180804,14,15,25,28,29,30,13,71793353000,1000,71793353,6,35896676500
819,20180811,16,25,33,38,40,45,7,74578907000,1000,74578907,2,37289453500
820,20180818,10,21,22,30,35,42,4,75744571000,1000,75744571,4,37872285500
821,20180825,1,12,13,24,29,44,14,76118239000,1000,76118239,5,38059119500
822,20180901,9,18,20,24,27,36,3,75681739000,1000,75681739,5,37840869500
823,20180908,12,18,24,26,39,40,9,77400124000,1000,77400124,4,38700062000
824,20180915,7,9,24,29,34,38,15,78257422000,1000,78257422,4,39128711000
825,20180922,8,15,21,31,33,38,12,82890578000,1000,82890578,4,41445289000
826,20180929,13,16,24,25,33,36,9,78218740000,1000,78218740,4,39109370000
827,20181006,5,11,12,29,33,44,15,76490125000,1000,76490125,4,38245062500
828,20181013,4,7,13,29,31,39,13,77552827000,1000,77552827,5,38776413500
829,20181020,4,5,31,35,43,45,8,77998807000,1000,77998807,3,38999403500
830,20181027,5,6,16,18,37,38,9,77714000000,1000,77714000,4,38857000000
831,20181103,3,10,16,19,31,39,16,77622753000,1000,77622753,5,38811376500
832,20181110,13,14,19,26,40,43,9,77411900000,1000,77411900,4,38705950000
833,20181117,12,18,30,39,41,42,8,77738402000,1000,77738402,3,38869201000
834,20181124,6,8,18,35,42,43,11,75941791000,1000,75941791,3,37970895500
835,20181201,9,10,13,28,38,45,15,77694435000,1000,77694435,4,38847217500
836,20181208,1,9,11,14,26,28,14,74536697000,1000,74536697,6,37268348500
837,20181215,2,25,28,30,33,45,6,76614176000,1000,76614176,4,38307088000
838,20181222,9,14,17,33,36,38,5,79414484000,1000,79414484,3,39707242000
839,20181229,3,9,11,12,13,19,13,79219710000,1000,79219710,6,39609855000
840,20190105,2,4,11,28,29,43,10,84057771000,1000,84057771,5,42028885500
841,20190112,5,11,14,30,33,38,17,81580789000,1000,81580789,4,40790394500
842,20190119,14,26,32,36,39,42,10,81957444000,1000,81957444,2,40978722000
843,20190126,19,21,30,33,34,42,5,81857498000,1000,81857498,3,40928749000
844,20190202,7,8,13,15,33,45,18,87805610000,1000,87805610,4,43902805000
845,20190209,1,16,29,33,40,45,11,83884034000,1000,83884034,3,41942017000
846,20190216,5,18,30,41,43,45,13,83936839000,1000,83936839,3,41968419500
847,20190223,12,16,26,28,30,42,8,83782512000,1000,83782512,5,41891256000
848,20190302,1,2,16,22,38,39,7,84523266000,1000,84523266,4,42261633000
849,20190309,5,13,17,29,34,39,17,82333674000,1000,82333674,4,41166837000
850,20190316,16,20,24,28,36,39,6,81474176000,1000,81474176,4,40737088000
851,20190323,14,18,22,26,31,44,8,81099116000,1000,81099116,5,40549558000
852,20190330,11,17,28,30,33,35,4,81470793000,1000,81470793,4,40735396500
853,20190406,2,8,23,26,27,44,7,82244370000,1000,82244370,5,41122185000
854,20190413,20,25,31,32,36,43,6,81823338000,1000,81823338,3,40911669000
855,20190420,8,15,17,19,43,44,9,82374732000,1000,82374732,4,41187366000
856,20190427,10,24,40,41,43,44,5,80496424000,1000,80496424,2,40248212000
857,20190504,6,10,16,28,34,38,15,80933117000,1000,80933117,4,40466558500
858,20190511,9,13,32,38,39,43,9,81366889000,1000,81366889,2,40683444500
859,20190518,8,22,35,38,39,41,11,80944223000,1000,80944223,2,40472111500
860,20190525,4,8,18,25,27,32,10,81846672000,1000,81846672,5,40923336000
861,20190601,11,17,19,21,22,25,4,81032551000,1000,81032551,6,40516275500
862,20190608,10,34,38,40,42,43,9,80609005000,1000,80609005,1,40304502500
863,20190615,16,21,28,35,39,43,7,81288540000,1000,81288540,3,40644270000
864,20190622,3,7,10,13,25,36,11,82220290000,1000,82220290,5,41110145000
865,20190629,3,15,22,32,33,45,13,81748217000,1000,81748217,3,40874108500
866,20190706,9,15,29,34,37,39,9,81961886000,1000,81961886,3,40980943000
867,20190713,14,17,19,22,24,40,5,81607190000,1000,81607190,5,40803595000
868,20190720,12,17,28,41,43,44,6,80549078000,1000,80549078,3,40274539000
869,20190727,2,6,20,27,37,39,10,80268389000,1000,80268389,4,40134194500
870,20190803,21,25,30,32,40,42,10,78688663000,1000,78688663,3,39344331500
871,20190810,2,6,12,26,30,34,7,79527502000,1000,79527502,5,39763751000
872,20190817,2,4,30,32,33,43,16,81002518000,1000,81002518,3,40501259000
873,20190824,3,5,12,13,33,39,10,82375586000,1000,82375586,4,41187793000
874,20190831,1,15,19,23,28,42,18,82990138000,1000,82990138,5,41495069000
875,20190907,19,22,30,34,39,44,14,80635281000,1000,80635281,3,40317640500
876,20190914,5,16,21,26,34,42,19,85088368000,1000,85088368,4,42544184000
877,20190921,5,17,18,22,23,43,12,84584730000,1000,84584730,5,42292365000
878,20190928,2,6,11,16,25,31,6,84183676000,1000,84183676,6,42091838000
879,20191005,1,4,10,14,15,35,6,83174251000,1000,83174251,5,41587125500
880,20191012,7,17,19,23,24,45,7,83862502000,1000,83862502,5,41931251000
881,20191019,4,18,20,26,27,32,8,84495552000,1000,84495552,5,42247776000
882,20191026,18,34,39,43,44,45,5,84351602000,1000,84351602,1,42175801000
883,20191102,9,18,32,33,37,44,15,85624171000,1000,85624171,2,42812085500
884,20191109,4,14,23,28,37,45,12,86554613000,1000,86554613,4,43277306500
885,20191116,1,3,24,27,39,45,13,83396319000,1000,83396319,4,41698159500
886,20191123,19,23,28,37,42,45,7,84186094000,1000,84186094,3,42093047000
887,20191130,8,14,17,27,36,45,8,84416872000,1000,84416872,4,42208436000
888,20191207,3,7,12,31,34,38,8,82777313000,1000,82777313,4,41388656500
889,20191214,3,13,29,38,39,42,10,86734222000,1000,86734222,3,43367111000
890,20191221,1,4,14,18,29,37,9,86693498000,1000,86693498,5,43346749000
891,20191228,9,13,28,31,39,41,7,89742677000,1000,89742677,4,44871338500
892,20200104,4,9,17,18,26,42,17,93091115000,1000,93091115,5,46545557500
893,20200111,1,15,17,23,25,41,9,87661567000,1000,87661567,5,43830783500
894,20200118,19,32,37,40,41,43,9,88465183000,1000,88465183,1,44232591500
895,20200125,16,26,31,38,39,41,12,96962255000,1000,96962255,3,48481127500
896,20200201,5,12,25,26,38,45,7,90461998000,1000,90461998,4,45230999000
897,20200208,6,7,12,22,26,36,13,88231474000,1000,88231474,5,44115737000
898,20200215,18,21,28,35,37,42,8,90067839000,1000,90067839,3,45033919500
899,20200222,8,19,20,21,33,39,6,85877347000,1000,85877347,4,42938673500
900,20200229,7,13,16,18,35,38,6,83639372000,1000,83639372,4,41819686000
901,20200307,5,18,20,23,30,34,9,84783962000,1000,84783962,5,42391981000
902,20200314,7,19,23,24,36,39,13,87501981000,1000,87501981,4,43750990500
903,20200321,2,15,16,21,22,28,13,88625160000,1000,88625160,6,44312580000
904,20200328,2,6,8,26,43,45,8,88938220000,1000,88938220,4,44469110000
905,20200404,3,4,16,27,38,40,7,90357634000,1000,90357634,4,45178817000
906,20200411,2,5,14,28,31,32,9,90948274000,1000,90948274,5,45474137000
907,20200418,21,27,29,38,40,44,7,89331282000,1000,89331282,3,44665641000
908,20200425,3,16,21,22,23,44,8,89923601000,1000,89923601,5,44961800500
909,20200502,7,24,29,30,34,35,11,89543261000,1000,89543261,4,44771630500
910,20200509,1,11,17,27,35,39,21,86308857000,1000,86308857,4,43154428500
911,20200516,4,5,12,14,32,42,10,89332410000,1000,89332410,4,44666205000
912,20200523,5,8,18,21,22,38,14,88599155000,1000,88599155,5,44299577500
913,20200530,6,14,16,21,27,37,16,89336949000,1000,89336949,5,44668474500
914,20200606,16,19,24,33,42,44,11,89558503000,1000,89558503,3,44779251500
915,20200613,2,6,11,13,22,37,6,87862418000,1000,87862418,5,43931209000
916,20200620,6,21,22,32,35,36,11,89133044000,1000,89133044,3,44566522000
917,20200627,1,3,23,24,27,43,10,88950867000,1000,88950867,5,44475433500
918,20200704,7,11,12,31,33,38,18,89200857000,1000,89200857,4,44600428500
919,20200711,9,14,17,18,42,44,5,90218056000,1000,90218056,4,45109028000
920,20200718,2,3,26,33,34,43,7,89805177000,1000,89805177,3,44902588500
921,20200725,5,7,12,22,28,41,17,89888341000,1000,89888341,5,44944170500
922,20200801,2,6,13,17,27,43,6,89266682000,1000,89266682,5,44633341000
923,20200808,3,17,18,23,36,41,8,87867402000,1000,87867402,4,43933701000
924,20200815,3,11,34,42,43,44,9,87708256000,1000,87708256,2,43854128000
925,20200822,13,24,32,34,39,42,12,87901067000,1000,87901067,2,43950533500
926,20200829,10,16,18,20,25,31,10,88372251000,1000,88372251,6,44186125500
927,20200905,4,15,22,38,41,43,6,91067752000,1000,91067752,3,45533876000
928,20200912,3,4,10,20,28,44,7,90818982000,1000,90818982,5,45409491000
929,20200919,7,9,12,15,19,23,16,92344620000,1000,92344620,6,46172310000
930,20200926,8,21,25,38,39,44,8,94518415000,1000,94518415,3,47259207500
931,20201003,14,15,23,25,35,43,8,95695802000,1000,95695802,4,47847901000
932,20201010,1,6,15,36,37,38,7,96049289000,1000,96049289,3,48024644500
933,20201017,23,27,29,31,36,45,8,93484851000,1000,93484851,4,46742425500
934,20201024,1,3,30,33,36,39,4,93028347000,1000,93028347,3,46514173500
935,20201031,4,10,20,32,38,44,13,93934898000,1000,93934898,3,46967449000
936,20201107,7,11,13,17,18,29,14,92246146000,1000,92246146,6,46123073000
937,20201114,2,10,13,22,29,40,11,93720454000,1000,93720454,5,46860227000
938,20201121,4,8,10,16,31,36,10,93452425000,1000,93452425,5,46726212500
939,20201128,4,11,28,39,42,45,13,93340002000,1000,93340002,3,46670001000
940,20201205,3,15,20,22,24,41,8,93920183000,1000,93920183,5,46960091500
941,20201212,12,14,25,27,39,40,16,94867600000,1000,94867600,4,47433800000
942,20201219,10,12,18,35,42,43,6,92731965000,1000,92731965,3,46365982500
943,20201226,1,8,13,36,44,45,7,100081432000,1000,100081432,3,50040716000
944,20210102,2,13,16,19,32,33,13,107181377000,1000,107181377,4,53590688500
945,20210109,9,10,15,30,33,37,13,94837109000,1000,94837109,4,47418554500
946,20210116,9,18,19,30,34,40,11,99380178000,1000,99380178,4,49690089000
947,20210123,3,8,17,20,27,35,18,99449916000,1000,99449916,5,49724958000
948,20210130,13,18,30,31,38,41,11,100519459000,1000,100519459,4,50259729500
949,20210206,14,21,35,36,40,44,10,100518909000,1000,100518909,2,50259454500
950,20210213,3,4,15,22,28,40,8,108870714000,1000,108870714,5,54435357000
951,20210220,2,12,30,31,39,43,14,102937006000,1000,102937006,4,51468503000
952,20210227,4,12,22,24,33,41,9,102355646000,1000,102355646,4,51177823000
953,20210306,7,9,22,27,37,42,14,99180891000,1000,99180891,4,49590445500
954,20210313,1,9,26,28,30,41,10,101455314000,1000,101455314,5,50727657000
955,20210320,4,9,23,26,29,33,12,99784736000,1000,99784736,5,49892368000
956,20210327,10,11,20,21,25,41,11,97065255000,1000,97065255,5,48532627500
957,20210403,4,15,24,35,36,40,11,96654698000,1000,96654698,3,48327349000
958,20210410,2,9,10,16,35,37,15,98635947000,1000,98635947,4,49317973500
959,20210417,1,14,15,24,40,41,8,97435835000,1000,97435835,4,48717917500
960,20210424,2,18,24,30,32,45,10,98784879000,1000,98784879,4,49392439500
961,20210501,11,20,29,31,33,42,9,97153309000,1000,97153309,4,48576654500
962,20210508,1,18,28,31,34,43,12,95956365000,1000,95956365,4,47978182500
963,20210515,6,12,19,23,34,42,15,95452215000,1000,95452215,4,47726107500
964,20210522,6,21,36,38,39,43,10,95549895000,1000,95549895,2,47774947500
965,20210529,2,13,25,28,29,36,7,96174650000,1000,96174650,5,48087325000
966,20210605,1,21,25,29,34,37,10,95640447000,1000,95640447,4,47820223500
967,20210612,1,6,13,37,38,40,4,94515565000,1000,94515565,3,47257782500
968,20210619,2,5,12,14,24,39,13,95924229000,1000,95924229,5,47962114500
969,20210626,3,9,10,29,40,45,20,96728751000,1000,96728751,4,48364375500
970,20210703,9,11,16,21,28,36,14,93268371000,1000,93268371,5,46634185500
971,20210710,2,6,17,18,21,26,6,94471924000,1000,94471924,6,47235962000
972,20210717,3,6,17,23,37,39,20,93916813000,1000,93916813,4,46958406500
973,20210724,22,26,31,37,41,42,8,93953872000,1000,93953872,3,46976936000
974,20210731,1,2,11,16,39,44,17,94146055000,1000,94146055,4,47073027500
975,20210807,7,8,9,17,22,24,9,94253719000,1000,94253719,6,47126859500
976,20210814,4,12,14,25,35,37,7,97492178000,1000,97492178,4,48746089000
977,20210821,2,9,10,14,22,44,14,95895844000,1000,95895844,5,47947922000
978,20210828,1,7,15,32,34,42,10,98855197000,1000,98855197,3,49427598500
979,20210904,7,11,16,21,27,33,14,99507886000,1000,99507886,5,49753943000
980,20210911,3,13,16,23,24,35,7,99593380000,1000,99593380,5,49796690000
981,20210918,27,36,37,41,43,45,13,105645424000,1000,105645424,1,52822712000
982,20210925,5,7,13,20,21,44,8,101344251000,1000,101344251,5,50672125500
983,20211002,13,23,26,31,35,43,10,101899006000,1000,101899006,4,50949503000
984,20211009,3,10,23,35,36,37,7,98762367000,1000,98762367,3,49381183500
985,20211016,17,21,23,30,34,44,10,98811446000,1000,98811446,4,49405723000
986,20211023,7,10,16,28,41,42,10,99041240000,1000,99041240,4,49520620000
987,20211030,2,4,15,23,29,38,10,100269530000,1000,100269530,5,50134765000
988,20211106,2,13,20,30,31,41,9,98606195000,1000,98606195,5,49303097500
989,20211113,17,18,21,27,29,33,4,96525658000,1000,96525658,5,48262829000
990,20211120,2,4,25,26,36,37,14,99567047000,1000,99567047,4,49783523500
991,20211127,13,18,25,31,33,44,8,98026282000,1000,98026282,4,49013141000
992,20211204,12,20,26,33,44,45,12,97066498000,1000,97066498,3,48533249000
993,20211211,6,14,16,18,24,42,6,99323653000,1000,99323653,5,49661826500
994,20211218,1,3,8,24,27,35,12,95530936000,1000,95530936,5,47765468000
995,20211225,1,4,13,29,38,39,7,100878455000,1000,100878455,4,50439227500
996,20220101,6,11,15,24,32,39,18,112624327000,1000,112624327,4,56312163500
997,20220108,4,7,14,16,24,44,19,102431961000,1000,102431961,5,51215980500
998,20220115,13,17,18,20,42,45,12,101681869000,1000,101681869,4,50840934500
999,20220122,1,3,9,14,18,28,16,102581351000,1000,102581351,6,51290675500
1000,20220129,2,8,19,22,32,42,22,118628811000,1000,118628811,4,59314405500
1001,20220205,6,10,12,14,20,42,12,103967487000,1000,103967487,5,51983743500
1002,20220212,17,25,33,35,38,45,8,105795484000,1000,105795484,2,52897742000
1003,20220219,1,4,29,39,43,45,14,103479378000,1000,103479378,3,51739689000
1004,20220226,7,15,30,37,39,44,10,106112471000,1000,106112471,3,53056235500
1005,20220305,8,13,18,24,27,29,12,103755249000,1000,103755249,6,51877624500
1006,20220312,8,11,15,16,17,37,9,104542431000,1000,104542431,5,52271215500
1007,20220319,8,11,16,19,21,25,9,101530003000,1000,101530003,6,50765001500
1008,20220326,9,11,30,31,41,44,11,103727042000,1000,103727042,4,51863521000
1009,20220402,15,23,29,34,40,44,15,103771363000,1000,103771363,3,51885681500
1010,20220409,9,12,15,25,34,36,8,103011505000,1000,103011505,4,51505752500
1011,20220416,1,9,12,26,35,38,11,101799373000,1000,101799373,4,50899686500
1012,20220423,5,11,18,20,35,45,13,101948323000,1000,101948323,4,50974161500
1013,20220430,21,22,26,34,36,41,5,101747653000,1000,101747653,3,50873826500
1014,20220507,3,11,14,18,26,27,10,102396369000,1000,102396369,6,51198184500
1015,20220514,14,23,31,33,37,40,8,102562683000,1000,102562683,3,51281341500
1016,20220521,15,26,28,34,41,42,11,101583153000,1000,101583153,3,50791576500
1017,20220528,12,18,22,23,30,34,7,101382790000,1000,101382790,5,50691395000
1018,20220604,3,19,21,25,37,45,2,101151805000,1000,101151805,4,50575902500
1019,20220611,1,4,13,17,34,39,50,102804882000,1000,102804882,4,51402441000
1020,20220618,12,27,29,38,41,45,13,104996396000,1000,104996396,3,52498198000
1021,20220625,12,15,17,24,29,45,12,101960162000,1000,101960162,5,50980081000
1022,20220702,5,6,11,29,42,45,5,99233031000,1000,99233031,4,49616515500
1023,20220709,10,14,16,18,29,35,9,100399659000,1000,100399659,5,50199829500
1024,20220716,9,18,20,22,38,44,8,100081038000,1000,100081038,4,50040519000
1025,20220723,8,9,20,25,29,33,4,101318529000,1000,101318529,5,50659264500
1026,20220730,5,12,13,31,32,41,15,101556379000,1000,101556379,4,50778189500
1027,20220806,14,16,27,35,39,45,10,101195159000,1000,101195159,3,50597579500
1028,20220813,5,7,12,13,18,35,20,100613537000,1000,100613537,5,50306768500
1029,20220820,12,30,32,37,39,41,10,101336312000,1000,101336312,2,50668156000
1030,20220827,2,5,11,17,24,29,19,104899923000,1000,104899923,6,52449961500
1031,20220903,6,7,22,32,35,36,8,104316078000,1000,104316078,3,52158039000
1032,20220910,1,6,12,19,36,42,10,110907011000,1000,110907011,4,55453505500
1033,20220917,3,11,15,20,35,44,13,104642258000,1000,104642258,4,52321129000
1034,20220924,26,31,32,33,38,40,9,107150089000,1000,107150089,2,53575044500
1035,20221001,9,14,34,35,41,42,8,106759523000,1000,106759523,2,53379761500
1036,20221008,2,5,22,32,34,45,9,103753936000,1000,103753936,3,51876968000
1037,20221015,2,14,15,22,27,33,15,104840173000,1000,104840173,5,52420086500
1038,20221022,7,16,24,27,37,44,15,104932409000,1000,104932409,4,52466204500
1039,20221029,2,3,6,19,36,39,16,105259066000,1000,105259066,4,52629533000
1040,20221105,8,16,26,29,31,36,7,104007239000,1000,104007239,5,52003619500
1041,20221112,6,7,9,11,17,18,25,105301601000,1000,105301601,6,52650800500
1042,20221119,5,14,15,23,34,43,20,106510259000,1000,106510259,4,53255129500
1043,20221126,3,5,12,22,26,31,17,107045942000,1000,107045942,6,53522971000
1044,20221203,12,17,20,26,28,36,8,102891973000,1000,102891973,5,51445986500
1045,20221210,6,14,15,19,21,41,13,105380282000,1000,105380282,5,52690141000
1046,20221217,7,16,25,29,35,36,12,100923993000,1000,100923993,4,50461996500
1047,20221224,2,20,33,40,42,44,9,103058179000,1000,103058179,2,51529089500
1048,20221231,6,12,17,21,32,39,17,117323901000,1000,117323901,4,58661950500
1049,20230107,3,5,13,20,21,37,15,108444724000,1000,108444724,5,54222362000
1050,20230114,6,12,31,35,38,43,17,108072602000,1000,108072602,3,54036301000
1051,20230121,21,26,30,32,33,35,18,119243907000,1000,119243907,3,59621953500
1052,20230128,5,17,26,27,35,38,11,107565461000,1000,107565461,4,53782730500
1053,20230204,22,26,29,30,34,45,7,113721665000,1000,113721665,4,56860832500
1054,20230211,14,19,27,28,30,45,9,113660567000,1000,113660567,5,56830283500
1055,20230218,4,7,12,14,22,33,11,112488256000,1000,112488256,5,56244128000
1056,20230225,13,20,24,32,36,45,14,113279615000,1000,113279615,3,56639807500
1057,20230304,8,13,19,27,40,45,17,112523887000,1000,112523887,4,56261943500
1058,20230311,11,23,25,30,32,40,13,112041382000,1000,112041382,4,56020691000
1059,20230318,7,10,22,25,34,40,13,110846824000,1000,110846824,4,55423412000
1060,20230325,3,10,24,33,38,45,28,110677185000,1000,110677185,3,55338592500
1061,20230401,4,24,27,35,37,45,11,109909344000,1000,109909344,3,54954672000
1062,20230408,20,31,32,40,41,45,7,107109911000,1000,107109911,2,53554955500
1063,20230415,3,6,22,23,24,38,7,108347135000,1000,108347135,5,54173567500
1064,20230422,3,6,9,18,22,35,19,109427584000,1000,109427584,5,54713792000
1065,20230429,3,18,19,23,32,45,14,108181727000,1000,108181727,4,54090863500
1066,20230506,6,11,16,19,21,32,15,106440950000,1000,106440950,5,53220475000
1067,20230513,7,10,19,23,28,33,13,110703299000,1000,110703299,5,55351649500
1068,20230520,4,7,19,26,33,35,19,108988932000,1000,108988932,4,54494466000
1069,20230527,1,10,18,22,28,31,14,108388892000,1000,108388892,6,54194446000
1070,20230603,3,6,14,22,30,41,14,107222802000,1000,107222802,5,53611401000
1071,20230610,1,2,11,21,30,35,5,107362630000,1000,107362630,5,53681315000
1072,20230617,16,18,20,23,32,43,12,108156654000,1000,108156654,4,54078327000
1073,20230624,6,18,28,30,32,38,11,107352123000,1000,107352123,4,53676061500
1074,20230701,1,6,20,27,28,41,12,105744157000,1000,105744157,5,52872078500
1075,20230708,1,23,24,35,44,45,9,105635232000,1000,105635232,3,52817616000
1076,20230715,3,7,9,33,36,37,9,103168694000,1000,103168694,3,51584347000
1077,20230722,4,8,17,30,40,43,7,105927489000,1000,105927489,4,52963744500
1078,20230729,6,10,11,14,36,38,12,105407618000,1000,105407618,4,52703809000
1079,20230805,4,8,18,24,37,45,9,103120206000,1000,103120206,4,51560103000
1080,20230812,13,16,23,31,36,44,7,104111986000,1000,104111986,4,52055993000
1081,20230819,1,9,16,23,24,38,11,106974323000,1000,106974323,5,53487161500
1082,20230826,21,26,27,32,34,42,7,107566880000,1000,107566880,3,53783440000
1083,20230902,3,7,14,15,22,38,15,108995141000,1000,108995141,5,54497570500
1084,20230909,8,12,13,29,33,42,15,109818924000,1000,109818924,4,54909462000
1085,20230916,4,7,17,18,38,44,23,106249975000,1000,106249975,4,53124987500
1086,20230923,11,16,25,27,35,36,17,109250306000,1000,109250306,4,54625153000
1087,20230930,13,14,18,21,34,44,16,113960897000,1000,113960897,4,56980448500
1088,20231007,11,21,22,30,39,44,11,109089305000,1000,109089305,4,54544652500
1089,20231014,4,18,31,37,42,43,9,108725932000,1000,108725932,3,54362966000
1090,20231021,12,19,21,29,40,45,11,108364862000,1000,108364862,4,54182431000
1091,20231028,6,20,23,24,28,30,9,109335581000,1000,109335581,6,54667790500
1092,20231104,7,18,19,26,33,45,16,108970510000,1000,108970510,4,54485255000
1093,20231111,10,17,22,30,35,43,13,105589036000,1000,105589036,4,52794518000
1094,20231118,6,7,15,22,26,40,12,104078823000,1000,104078823,5,52039411500
1095,20231125,8,14,28,29,34,40,10,106160572000,1000,106160572,4,53080286000
1096,20231202,1,12,16,19,23,43,10,105753078000,1000,105753078,5,52876539000
1097,20231209,14,33,34,35,37,40,7,108873101000,1000,108873101,1,54436550500
1098,20231216,12,16,21,24,41,43,13,103850339000,1000,103850339,4,51925169500
1099,20231223,3,20,28,38,40,43,9,107510729000,1000,107510729,3,53755364500
1100,20231230,17,26,29,30,31,43,13,116187023000,1000,116187023,5,58093511500
1101,20240106,6,7,13,28,36,42,13,114758876000,1000,114758876,4,57379438000
1102,20240113,13,14,22,26,37,38,20,113178102000,1000,113178102,4,56589051000
1103,20240120,10,12,29,31,40,44,17,110195070000,1000,110195070,4,55097535000
1104,20240127,1,7,21,30,35,38,15,112449384000,1000,112449384,4,56224692000
1105,20240203,6,16,34,37,39,40,15,113295292000,1000,113295292,2,56647646000
1106,20240210,1,3,4,29,42,45,11,126617296000,1000,126617296,4,63308648000
1107,20240217,6,14,30,31,40,41,14,117664962000,1000,117664962,4,58832481000
1108,20240224,7,19,26,37,39,44,14,114578905000,1000,114578905,3,57289452500
1109,20240302,10,12,13,19,33,40,17,117196327000,1000,117196327,4,58598163500
1110,20240309,3,7,11,20,22,41,16,115083786000,1000,115083786,5,57541893000
1111,20240316,3,13,30,33,43,45,16,116382835000,1000,116382835,3,58191417500
1112,20240323,16,20,26,36,42,44,10,114216084000,1000,114216084,3,57108042000
1113,20240330,11,13,20,21,32,44,14,113342318000,1000,113342318,4,56671159000
1114,20240406,10,16,19,32,33,38,17,113597890000,1000,113597890,3,56798945000
1115,20240413,7,12,23,32,34,36,12,113939215000,1000,113939215,3,56969607500
1116,20240420,15,16,17,25,30,31,10,110862553000,1000,110862553,6,55431276500
1117,20240427,3,4,9,30,33,36,9,113895333000,1000,113895333,4,56947666500
1118,20240504,11,13,14,15,16,45,19,113727120000,1000,113727120,5,56863560000
1119,20240511,1,9,12,13,20,45,19,111840714000,1000,111840714,5,55920357000
1120,20240518,2,19,26,31,38,41,11,114804359000,1000,114804359,4,57402179500
1121,20240525,6,24,31,32,38,44,11,113898519000,1000,113898519,3,56949259500
1122,20240601,3,6,21,30,34,35,11,115540004000,1000,115540004,4,57770002000
1123,20240608,13,19,21,24,34,35,16,113142957000,1000,113142957,4,56571478500
1124,20240615,3,8,17,30,33,34,10,112014841000,1000,112014841,4,56007420500
1125,20240622,6,14,25,33,40,44,12,109407294000,1000,109407294,3,54703647000
1126,20240629,4,5,9,11,37,40,11,111998191000,1000,111998191,4,55999095500
1127,20240706,10,15,24,30,31,37,12,111571373000,1000,111571373,5,55785686500
1128,20240713,1,5,8,16,28,33,63,111364194000,1000,111364194,5,55682097000
1129,20240720,5,10,11,17,28,34,11,110363498000,1000,110363498,5,55181749000
1130,20240727,15,19,21,25,27,28,12,109515089000,1000,109515089,6,54757544500
1131,20240803,1,2,6,14,27,38,17,109120798000,1000,109120798,5,54560399000
1132,20240810,6,7,19,28,34,41,11,110018123000,1000,110018123,4,55009061500
1133,20240817,13,14,20,28,29,34,13,111210839000,1000,111210839,5,55605419500
1134,20240824,3,7,9,13,19,24,14,111660087000,1000,111660087,6,55830043500
1135,20240831,1,6,13,19,21,33,9,113817137000,1000,113817137,5,56908568500
1136,20240907,21,33,35,38,42,44,12,113031911000,1000,113031911,1,56515955500
1137,20240914,4,9,12,15,33,45,14,119250007000,1000,119250007,4,59625003500
1138,20240921,14,16,19,20,29,34,14,109651510000,1000,109651510,5,54825755000
1139,20240928,5,12,15,30,37,40,13,117915887000,1000,117915887,4,58957943500
1140,20241005,7,10,22,29,31,38,12,115238556000,1000,115238556,5,57619278000
1141,20241012,7,11,12,21,26,35,11,115803173000,1000,115803173,5,57901586500
1142,20241019,2,8,28,30,37,41,9,114254355000,1000,114254355,4,57127177500
1143,20241026,10,16,17,27,28,36,11,116432896000,1000,116432896,5,58216448000
1144,20241102,3,4,12,15,26,34,18,116378514000,1000,116378514,5,58189257000
1145,20241109,2,11,31,33,37,44,9,116115162000,1000,116115162,3,58057581000
1146,20241116,6,11,17,19,40,43,11,116694743000,1000,116694743,4,58347371500
1147,20241123,7,11,24,26,27,37,8,115707061000,1000,115707061,5,57853530500
1148,20241130,3,6,13,15,16,22,13,113188640000,1000,113188640,6,56594320000
1149,20241207,8,15,19,21,32,36,17,112146718000,1000,112146718,4,56073359000
1150,20241214,8,9,18,35,39,45,17,114152034000,1000,114152034,3,57076017000
1151,20241221,2,3,9,15,27,29,17,116118444000,1000,116118444,6,58059222000
1152,20241228,30,31,32,35,36,37,35,120703009000,1000,120703009,2,60351504500
1153,20250104,1,9,10,13,35,44,15,126343367000,1000,126343367,4,63171683500
1154,20250111,4,8,22,26,32,38,15,115268257000,1000,115268257,4,57634128500
1155,20250118,10,16,19,27,37,38,7,118482730000,1000,118482730,4,59241365000
1156,20250125,30,31,34,39,41,45,21,127643987000,1000,127643987,2,63821993500
1157,20250201,5,7,12,20,25,26,12,123443439000,1000,123443439,6,61721719500
1158,20250208,21,25,27,32,37,38,21,119706159000,1000,119706159,3,59853079500
1159,20250215,3,9,27,28,38,39,23,124802304000,1000,124802304,4,62401152000
1160,20250222,7,13,18,36,39,45,12,123177536000,1000,123177536,3,61588768000
1161,20250301,2,12,20,24,34,42,16,123230590000,1000,123230590,4,61615295000
1162,20250308,20,21,22,25,28,29,36,120578328000,1000,120578328,6,60289164000
1163,20250315,2,13,15,16,33,43,15,122246316000,1000,122246316,4,61123158000
1164,20250322,17,18,23,25,38,39,13,121102645000,1000,121102645,4,60551322500
1165,20250329,6,7,27,29,38,45,13,118112106000,1000,118112106,4,59056053000
1166,20250405,14,23,25,27,29,42,14,116717661000,1000,116717661,5,58358830500
1167,20250412,8,23,31,35,39,40,10,118762131000,1000,118762131,3,59381065500
1168,20250419,9,21,24,30,33,37,13,117811795000,1000,117811795,4,58905897500
1169,20250426,5,12,24,26,39,42,10,118803195000,1000,118803195,4,59401597500
1170,20250503,3,13,28,34,38,42,20,116709995000,1000,116709995,3,58354997500
1171,20250510,3,6,7,11,12,17,21,115285696000,1000,115285696,6,57642848000
1172,20250517,7,9,24,40,42,44,13,117565241000,1000,117565241,3,58782620500
1173,20250524,1,5,18,20,30,35,24,118782668000,1000,118782668,5,59391334000
1174,20250531,8,11,14,17,36,39,15,119020467000,1000,119020467,4,59510233500
1175,20250607,3,4,6,8,32,42,20,117488305000,1000,117488305,4,58744152500
1176,20250614,7,9,11,21,30,35,13,115765450000,1000,115765450,5,57882725000
1177,20250621,3,7,15,16,19,43,6,115411832000,1000,115411832,5,57705916000
1178,20250628,5,6,11,27,43,44,12,118774279000,1000,118774279,4,59387139500
1179,20250705,3,16,18,24,40,44,13,115024678000,1000,115024678,4,57512339000
1180,20250712,6,12,18,37,40,41,11,115377965000,1000,115377965,3,57688982500
1181,20250719,8,10,14,20,33,41,17,113802682000,1000,113802682,4,56901341000
1182,20250726,1,13,21,25,28,31,13,115431308000,1000,115431308,6,57715654000
1183,20250802,4,15,17,23,27,36,13,115605968000,1000,115605968,5,57802984000
1184,20250809,14,16,23,25,31,37,15,117748924000,1000,117748924,5,58874462000
1185,20250816,6,17,22,28,29,32,12,117480804000,1000,117480804,5,58740402000
1186,20250823,2,8,13,16,23,28,14,116690738000,1000,116690738,6,58345369000
1187,20250830,5,13,26,29,37,40,11,117650847000,1000,117650847,4,58825423500
1188,20250906,3,4,12,19,22,27,24,116617971000,1000,116617971,6,58308985500
1189,20250913,9,19,29,35,37,38,13,119484685000,1000,119484685,3,59742342500
1190,20250920,7,9,19,23,26,45,6,118368861000,1000,118368861,5,59184430500
1191,20250927,1,4,11,12,20,41,18,121272809000,1000,121272809,5,60636404500
1192,20251004,10,16,23,36,39,40,29,129050196000,1000,129050196,3,64525098000
1193,20251011,6,9,16,19,24,28,16,118676603000,1000,118676603,6,59338301500
1194,20251018,3,13,15,24,33,37,28,121085706000,1000,121085706,4,60542853000
1195,20251025,3,15,27,33,34,36,10,122918013000,1000,122918013,3,61459006500
1196,20251101,8,12,15,29,40,45,15,121645432000,1000,121645432,4,60822716000
1197,20251108,1,5,7,26,28,43,13,120244434000,1000,120244434,5,60122217000
1198,20251115,26,30,33,38,39,41,10,120207517000,1000,120207517,2,60103758500
1199,20251122,16,24,25,30,31,32,17,118624796000,1000,118624796,5,59312398000
1200,20251129,1,2,4,16,20,32,12,118339596000,1000,118339596,5,59169798000
1201,20251206,7,9,24,27,35,36,19,115389593000,1000,115389593,4,57694796500
1202,20251213,5,12,21,33,37,40,14,116954237000,1000,116954237,3,58477118500
1203,20251220,3,6,18,29,35,39,21,121655631000,1000,121655631,4,60827815500
1204,20251227,8,16,28,30,31,44,18,123758619000,1000,123758619,5,61879309500
1205,20260103,1,4,16,23,31,41,10,132670747000,1000,132670747,5,66335375027
1206,20260110,1,3,17,26,27,42,15,121012690000,1000,121012690,5,60506345998
1207,20260117,10,22,24,27,38,45,17,122934287000,1000,122934287,4,61467144896
1208,20260124,6,27,30,36,38,42,6,120408668000,1000,120408668,3,60204336826
1209,20260131,2,17,20,35,37,39,22,124040394000,1000,124040394,3,62020198406
1210,20260207,1,7,9,17,27,38,24,123111058000,1000,123111058,5,61555530677
1211,20260214,23,26,27,35,38,40,14,134945802000,1000,134945802,3,67472903182
1212,20260221,5,8,25,31,41,44,12,131727929000,1000,131727929,4,65863966662
1213,20260228,5,11,25,27,36,38,18,131111079000,1000,131111079,4,65555539740
1214,20260307,10,15,19,27,30,33,12,124815860000,1000,124815860,5,62407932092
1215,20260314,13,15,19,21,44,45,16,126977101000,1000,126977101,4,63488551584
1216,20260321,3,10,14,15,23,24,14,125556526000,1000,125556526,6,62778263417
1217,20260328,8,10,15,20,29,31,14,125155256000,1000,125155256,6,62577629462
1218,20260404,3,28,31,32,42,45,18,123335928000,1000,123335928,3,61667966400
1219,20260411,1,2,15,28,39,45,12,120945801000,1000,120945801,4,60472901798
1220,20260418,2,22,25,28,34,43,14,121958822000,1000,121958822,4,60979412665
1221,20260425,6,13,18,28,30,36,16,122979623000,1000,122979623,5,61489811578
1222,20260502,4,11,17,22,32,41,24,124243558000,1000,124243558,4,62121779581
1223,20260509,16,18,20,32,33,39,16,122621163000,1000,122621163,3,61310584284
1224,20260516,9,18,21,27,44,45,12,121110408000,1000,121110408,4,60555204552
1225,20260523,8,9,19,25,41,42,13,120402887000,1000,120402887,4,60201445675
1226,20260530,4,6,13,17,26,28,10,120259943000,1000,120259943,6,60129974308
1227,20260606,1,14,16,34,41,44,11,118882558000,1000,118882558,3,59441280119
1228,20260613,24,29,30,31,35,44,11,119052273000,1000,119052273,4,59526138366
1229,20260620,12,13,29,34,37,42,8,116155532000,1000,116155532,3,58077767333
1230,20260627,3,8,9,22,28,42,16,120177677000,1000,120177677,5,60088838564
1231,20260704,4,13,14,18,31,38,17,118084580000,1000,118084580,5,59042291693
1232,20260711,12,15,19,22,24,36,11,114636304000,1000,114636304,5,57318153053
1233,20260718,2,7,20,25,37,40,31,116159776000,1000,116159776,4,58079891072
1234,20260725,1,15,19,31,35,43,18,115990429000,1000,115990429,4,57995216655
1235,20260801,6,7,11,15,39,43,9,115445069000,1000,115445069,4,57722535226
1236,20260808,12,18,21,29,34,38,11,114070835000,1000,114070835,4,57035418544
1237,20260815,10,20,23,34,37,40,23,118363161000,1000,118363161,3,59181583190
