target_round,source_round_R_minus_2,bonus_state_round_R_minus_1,bonus_rank,bonus_score,lag2_overlap,centered_bonus_score,centered_overlap,covariance_contribution,future_leakage_flag
3,1,2,1,3,0,2.8988673139158574,-0.8414239482200647,-2.4391763806411744,0
4,2,3,6,-2,1,-2.1011326860841426,0.15857605177993528,-0.3331893256249935,0
5,3,4,1,3,1,2.8988673139158574,0.15857605177993528,0.4596909332746829,0
6,4,5,1,3,4,2.8988673139158574,3.158576051779935,9.156292875022254,0
7,5,6,5,-1,2,-1.1011326860841424,1.1585760517799353,-1.2757459599292005,0
8,6,7,7,-3,0,-3.1011326860841426,-0.8414239482200647,2.609367308679214,0
9,7,8,2,2,2,1.8988673139158576,1.1585760517799353,2.1999821954106054,0
10,8,9,3,1,1,0.8988673139158576,0.15857605177993528,0.14253882971481238,0
11,9,10,1,3,1,2.8988673139158574,0.15857605177993528,0.4596909332746829,0
12,10,11,3,1,1,0.8988673139158576,0.15857605177993528,0.14253882971481238,0
13,11,12,6,-2,2,-2.1011326860841426,1.1585760517799353,-2.434322011709136,0
14,12,13,4,0,1,-0.1011326860841424,0.15857605177993528,-0.016037222065122904,0
15,13,14,4,0,1,-0.1011326860841424,0.15857605177993528,-0.016037222065122904,0
16,14,15,3,1,2,0.8988673139158576,1.1585760517799353,1.04140614363067,0
17,15,16,4,0,3,-0.1011326860841424,2.158576051779935,-0.21830259423340767,0
18,16,17,1,3,0,2.8988673139158574,-0.8414239482200647,-2.4391763806411744,0
19,17,18,5,-1,0,-1.1011326860841424,-0.8414239482200647,0.9265194122390842,0
20,18,19,2,2,0,1.8988673139158576,-0.8414239482200647,-1.5977524324211099,0
21,19,20,7,-3,1,-3.1011326860841426,0.15857605177993528,-0.49176537740492876,0
22,20,21,5,-1,0,-1.1011326860841424,-0.8414239482200647,0.9265194122390842,0
23,21,22,6,-2,2,-2.1011326860841426,1.1585760517799353,-2.434322011709136,0
24,22,23,7,-3,1,-3.1011326860841426,0.15857605177993528,-0.49176537740492876,0
25,23,24,1,3,0,2.8988673139158574,-0.8414239482200647,-2.4391763806411744,0
26,24,25,3,1,1,0.8988673139158576,0.15857605177993528,0.14253882971481238,0
27,25,26,7,-3,2,-3.1011326860841426,1.1585760517799353,-3.5928980634890713,0
28,26,27,4,0,2,-0.1011326860841424,1.1585760517799353,-0.11716990814926531,0
29,27,28,1,3,1,2.8988673139158574,0.15857605177993528,0.4596909332746829,0
30,28,29,3,1,1,0.8988673139158576,0.15857605177993528,0.14253882971481238,0
31,29,30,1,3,0,2.8988673139158574,-0.8414239482200647,-2.4391763806411744,0
32,30,31,6,-2,1,-2.1011326860841426,0.15857605177993528,-0.3331893256249935,0
33,31,32,2,2,1,1.8988673139158576,0.15857605177993528,0.30111488149474763,0
34,32,33,3,1,0,0.8988673139158576,-0.8414239482200647,-0.7563284842010453,0
35,33,34,1,3,0,2.8988673139158574,-0.8414239482200647,-2.4391763806411744,0
36,34,35,6,-2,2,-2.1011326860841426,1.1585760517799353,-2.434322011709136,0
37,35,36,6,-2,1,-2.1011326860841426,0.15857605177993528,-0.3331893256249935,0
38,36,37,7,-3,0,-3.1011326860841426,-0.8414239482200647,2.609367308679214,0
39,37,38,5,-1,1,-1.1011326860841424,0.15857605177993528,-0.17461327384505818,0
40,38,39,3,1,0,0.8988673139158576,-0.8414239482200647,-0.7563284842010453,0
41,39,40,1,3,2,2.8988673139158574,1.1585760517799353,3.3585582471905404,0
42,40,41,4,0,2,-0.1011326860841424,1.1585760517799353,-0.11716990814926531,0
43,41,42,1,3,2,2.8988673139158574,1.1585760517799353,3.3585582471905404,0
44,42,43,1,3,1,2.8988673139158574,0.15857605177993528,0.4596909332746829,0
45,43,44,6,-2,1,-2.1011326860841426,0.15857605177993528,-0.3331893256249935,0
46,44,45,3,1,1,0.8988673139158576,0.15857605177993528,0.14253882971481238,0
47,45,46,7,-3,0,-3.1011326860841426,-0.8414239482200647,2.609367308679214,0
48,46,47,4,0,1,-0.1011326860841424,0.15857605177993528,-0.016037222065122904,0
49,47,48,1,3,0,2.8988673139158574,-0.8414239482200647,-2.4391763806411744,0
50,48,49,5,-1,1,-1.1011326860841424,0.15857605177993528,-0.17461327384505818,0
51,49,50,1,3,1,2.8988673139158574,0.15857605177993528,0.4596909332746829,0
52,50,51,6,-2,2,-2.1011326860841426,1.1585760517799353,-2.434322011709136,0
53,51,52,1,3,0,2.8988673139158574,-0.8414239482200647,-2.4391763806411744,0
54,52,53,7,-3,0,-3.1011326860841426,-0.8414239482200647,2.609367308679214,0
55,53,54,6,-2,0,-2.1011326860841426,-0.8414239482200647,1.767943360459149,0
56,54,55,1,3,0,2.8988673139158574,-0.8414239482200647,-2.4391763806411744,0
57,55,56,3,1,1,0.8988673139158576,0.15857605177993528,0.14253882971481238,0
58,56,57,1,3,2,2.8988673139158574,1.1585760517799353,3.3585582471905404,0
59,57,58,1,3,1,2.8988673139158574,0.15857605177993528,0.4596909332746829,0
60,58,59,2,2,1,1.8988673139158576,0.15857605177993528,0.30111488149474763,0
61,59,60,3,1,0,0.8988673139158576,-0.8414239482200647,-0.7563284842010453,0
62,60,61,1,3,1,2.8988673139158574,0.15857605177993528,0.4596909332746829,0
63,61,62,4,0,1,-0.1011326860841424,0.15857605177993528,-0.016037222065122904,0
64,62,63,2,2,1,1.8988673139158576,0.15857605177993528,0.30111488149474763,0
65,63,64,7,-3,2,-3.1011326860841426,1.1585760517799353,-3.5928980634890713,0
66,64,65,5,-1,0,-1.1011326860841424,-0.8414239482200647,0.9265194122390842,0
67,65,66,7,-3,1,-3.1011326860841426,0.15857605177993528,-0.49176537740492876,0
68,66,67,5,-1,0,-1.1011326860841424,-0.8414239482200647,0.9265194122390842,0
69,67,68,6,-2,1,-2.1011326860841426,0.15857605177993528,-0.3331893256249935,0
70,68,69,6,-2,0,-2.1011326860841426,-0.8414239482200647,1.767943360459149,0
71,69,70,5,-1,1,-1.1011326860841424,0.15857605177993528,-0.17461327384505818,0
72,70,71,5,-1,0,-1.1011326860841424,-0.8414239482200647,0.9265194122390842,0
73,71,72,1,3,1,2.8988673139158574,0.15857605177993528,0.4596909332746829,0
74,72,73,5,-1,1,-1.1011326860841424,0.15857605177993528,-0.17461327384505818,0
75,73,74,5,-1,1,-1.1011326860841424,0.15857605177993528,-0.17461327384505818,0
76,74,75,4,0,1,-0.1011326860841424,0.15857605177993528,-0.016037222065122904,0
77,75,76,7,-3,3,-3.1011326860841426,2.158576051779935,-6.694030749573213,0
78,76,77,5,-1,1,-1.1011326860841424,0.15857605177993528,-0.17461327384505818,0
79,77,78,7,-3,1,-3.1011326860841426,0.15857605177993528,-0.49176537740492876,0
80,78,79,3,1,1,0.8988673139158576,0.15857605177993528,0.14253882971481238,0
81,79,80,1,3,0,2.8988673139158574,-0.8414239482200647,-2.4391763806411744,0
82,80,81,2,2,0,1.8988673139158576,-0.8414239482200647,-1.5977524324211099,0
83,81,82,6,-2,0,-2.1011326860841426,-0.8414239482200647,1.767943360459149,0
84,82,83,3,1,2,0.8988673139158576,1.1585760517799353,1.04140614363067,0
85,83,84,1,3,1,2.8988673139158574,0.15857605177993528,0.4596909332746829,0
86,84,85,4,0,1,-0.1011326860841424,0.15857605177993528,-0.016037222065122904,0
87,85,86,3,1,1,0.8988673139158576,0.15857605177993528,0.14253882971481238,0
88,86,87,5,-1,1,-1.1011326860841424,0.15857605177993528,-0.17461327384505818,0
89,87,88,5,-1,1,-1.1011326860841424,0.15857605177993528,-0.17461327384505818,0
90,88,89,6,-2,2,-2.1011326860841426,1.1585760517799353,-2.434322011709136,0
91,89,90,1,3,2,2.8988673139158574,1.1585760517799353,3.3585582471905404,0
92,90,91,5,-1,1,-1.1011326860841424,0.15857605177993528,-0.17461327384505818,0
93,91,92,3,1,1,0.8988673139158576,0.15857605177993528,0.14253882971481238,0
94,92,93,2,2,0,1.8988673139158576,-0.8414239482200647,-1.5977524324211099,0
95,93,94,2,2,0,1.8988673139158576,-0.8414239482200647,-1.5977524324211099,0
96,94,95,2,2,0,1.8988673139158576,-0.8414239482200647,-1.5977524324211099,0
97,95,96,4,0,0,-0.1011326860841424,-0.8414239482200647,0.08509546401901949,0
98,96,97,1,3,0,2.8988673139158574,-0.8414239482200647,-2.4391763806411744,0
99,97,98,7,-3,0,-3.1011326860841426,-0.8414239482200647,2.609367308679214,0
100,98,99,4,0,1,-0.1011326860841424,0.15857605177993528,-0.016037222065122904,0
101,99,100,2,2,2,1.8988673139158576,1.1585760517799353,2.1999821954106054,0
102,100,101,3,1,0,0.8988673139158576,-0.8414239482200647,-0.7563284842010453,0
103,101,102,7,-3,1,-3.1011326860841426,0.15857605177993528,-0.49176537740492876,0
104,102,103,2,2,1,1.8988673139158576,0.15857605177993528,0.30111488149474763,0
105,103,104,5,-1,1,-1.1011326860841424,0.15857605177993528,-0.17461327384505818,0
106,104,105,4,0,1,-0.1011326860841424,0.15857605177993528,-0.016037222065122904,0
107,105,106,6,-2,0,-2.1011326860841426,-0.8414239482200647,1.767943360459149,0
108,106,107,6,-2,1,-2.1011326860841426,0.15857605177993528,-0.3331893256249935,0
109,107,108,2,2,2,1.8988673139158576,1.1585760517799353,2.1999821954106054,0
110,108,109,3,1,4,0.8988673139158576,3.158576051779935,2.839140771462385,0
111,109,110,1,3,1,2.8988673139158574,0.15857605177993528,0.4596909332746829,0
112,110,111,3,1,1,0.8988673139158576,0.15857605177993528,0.14253882971481238,0
113,111,112,7,-3,2,-3.1011326860841426,1.1585760517799353,-3.5928980634890713,0
114,112,113,3,1,2,0.8988673139158576,1.1585760517799353,1.04140614363067,0
115,113,114,1,3,2,2.8988673139158574,1.1585760517799353,3.3585582471905404,0
116,114,115,7,-3,0,-3.1011326860841426,-0.8414239482200647,2.609367308679214,0
117,115,116,3,1,0,0.8988673139158576,-0.8414239482200647,-0.7563284842010453,0
118,116,117,5,-1,1,-1.1011326860841424,0.15857605177993528,-0.17461327384505818,0
119,117,118,7,-3,0,-3.1011326860841426,-0.8414239482200647,2.609367308679214,0
120,118,119,7,-3,2,-3.1011326860841426,1.1585760517799353,-3.5928980634890713,0
121,119,120,5,-1,0,-1.1011326860841424,-0.8414239482200647,0.9265194122390842,0
122,120,121,1,3,1,2.8988673139158574,0.15857605177993528,0.4596909332746829,0
123,121,122,2,2,2,1.8988673139158576,1.1585760517799353,2.1999821954106054,0
124,122,123,4,0,1,-0.1011326860841424,0.15857605177993528,-0.016037222065122904,0
125,123,124,1,3,0,2.8988673139158574,-0.8414239482200647,-2.4391763806411744,0
126,124,125,3,1,0,0.8988673139158576,-0.8414239482200647,-0.7563284842010453,0
127,125,126,1,3,1,2.8988673139158574,0.15857605177993528,0.4596909332746829,0
128,126,127,6,-2,0,-2.1011326860841426,-0.8414239482200647,1.767943360459149,0
129,127,128,6,-2,0,-2.1011326860841426,-0.8414239482200647,1.767943360459149,0
130,128,129,1,3,1,2.8988673139158574,0.15857605177993528,0.4596909332746829,0
131,129,130,5,-1,0,-1.1011326860841424,-0.8414239482200647,0.9265194122390842,0
132,130,131,7,-3,1,-3.1011326860841426,0.15857605177993528,-0.49176537740492876,0
133,131,132,6,-2,1,-2.1011326860841426,0.15857605177993528,-0.3331893256249935,0
134,132,133,3,1,2,0.8988673139158576,1.1585760517799353,1.04140614363067,0
135,133,134,7,-3,0,-3.1011326860841426,-0.8414239482200647,2.609367308679214,0
136,134,135,3,1,0,0.8988673139158576,-0.8414239482200647,-0.7563284842010453,0
137,135,136,2,2,1,1.8988673139158576,0.15857605177993528,0.30111488149474763,0
138,136,137,3,1,0,0.8988673139158576,-0.8414239482200647,-0.7563284842010453,0
139,137,138,3,1,2,0.8988673139158576,1.1585760517799353,1.04140614363067,0
140,138,139,3,1,1,0.8988673139158576,0.15857605177993528,0.14253882971481238,0
141,139,140,2,2,1,1.8988673139158576,0.15857605177993528,0.30111488149474763,0
142,140,141,1,3,0,2.8988673139158574,-0.8414239482200647,-2.4391763806411744,0
143,141,142,3,1,2,0.8988673139158576,1.1585760517799353,1.04140614363067,0
144,142,143,1,3,0,2.8988673139158574,-0.8414239482200647,-2.4391763806411744,0
145,143,144,7,-3,1,-3.1011326860841426,0.15857605177993528,-0.49176537740492876,0
146,144,145,3,1,0,0.8988673139158576,-0.8414239482200647,-0.7563284842010453,0
147,145,146,3,1,1,0.8988673139158576,0.15857605177993528,0.14253882971481238,0
148,146,147,5,-1,1,-1.1011326860841424,0.15857605177993528,-0.17461327384505818,0
149,147,148,1,3,2,2.8988673139158574,1.1585760517799353,3.3585582471905404,0
150,148,149,4,0,1,-0.1011326860841424,0.15857605177993528,-0.016037222065122904,0
151,149,150,2,2,1,1.8988673139158576,0.15857605177993528,0.30111488149474763,0
152,150,151,5,-1,0,-1.1011326860841424,-0.8414239482200647,0.9265194122390842,0
153,151,152,7,-3,1,-3.1011326860841426,0.15857605177993528,-0.49176537740492876,0
154,152,153,6,-2,0,-2.1011326860841426,-0.8414239482200647,1.767943360459149,0
155,153,154,3,1,0,0.8988673139158576,-0.8414239482200647,-0.7563284842010453,0
156,154,155,1,3,1,2.8988673139158574,0.15857605177993528,0.4596909332746829,0
157,155,156,1,3,2,2.8988673139158574,1.1585760517799353,3.3585582471905404,0
158,156,157,6,-2,1,-2.1011326860841426,0.15857605177993528,-0.3331893256249935,0
159,157,158,2,2,1,1.8988673139158576,0.15857605177993528,0.30111488149474763,0
160,158,159,4,0,1,-0.1011326860841424,0.15857605177993528,-0.016037222065122904,0
161,159,160,1,3,1,2.8988673139158574,0.15857605177993528,0.4596909332746829,0
162,160,161,6,-2,1,-2.1011326860841426,0.15857605177993528,-0.3331893256249935,0
163,161,162,4,0,0,-0.1011326860841424,-0.8414239482200647,0.08509546401901949,0
164,162,163,3,1,1,0.8988673139158576,0.15857605177993528,0.14253882971481238,0
165,163,164,5,-1,0,-1.1011326860841424,-0.8414239482200647,0.9265194122390842,0
166,164,165,6,-2,2,-2.1011326860841426,1.1585760517799353,-2.434322011709136,0
167,165,166,3,1,0,0.8988673139158576,-0.8414239482200647,-0.7563284842010453,0
168,166,167,1,3,0,2.8988673139158574,-0.8414239482200647,-2.4391763806411744,0
169,167,168,3,1,1,0.8988673139158576,0.15857605177993528,0.14253882971481238,0
170,168,169,2,2,2,1.8988673139158576,1.1585760517799353,2.1999821954106054,0
171,169,170,2,2,2,1.8988673139158576,1.1585760517799353,2.1999821954106054,0
172,170,171,1,3,0,2.8988673139158574,-0.8414239482200647,-2.4391763806411744,0
173,171,172,6,-2,1,-2.1011326860841426,0.15857605177993528,-0.3331893256249935,0
174,172,173,3,1,0,0.8988673139158576,-0.8414239482200647,-0.7563284842010453,0
175,173,174,3,1,1,0.8988673139158576,0.15857605177993528,0.14253882971481238,0
176,174,175,1,3,0,2.8988673139158574,-0.8414239482200647,-2.4391763806411744,0
177,175,176,2,2,0,1.8988673139158576,-0.8414239482200647,-1.5977524324211099,0
178,176,177,2,2,0,1.8988673139158576,-0.8414239482200647,-1.5977524324211099,0
179,177,178,3,1,1,0.8988673139158576,0.15857605177993528,0.14253882971481238,0
180,178,179,5,-1,0,-1.1011326860841424,-0.8414239482200647,0.9265194122390842,0
181,179,180,5,-1,0,-1.1011326860841424,-0.8414239482200647,0.9265194122390842,0
182,180,181,6,-2,3,-2.1011326860841426,2.158576051779935,-4.535454697793278,0
183,181,182,6,-2,1,-2.1011326860841426,0.15857605177993528,-0.3331893256249935,0
184,182,183,2,2,0,1.8988673139158576,-0.8414239482200647,-1.5977524324211099,0
185,183,184,7,-3,1,-3.1011326860841426,0.15857605177993528,-0.49176537740492876,0
186,184,185,5,-1,0,-1.1011326860841424,-0.8414239482200647,0.9265194122390842,0
187,185,186,2,2,4,1.8988673139158576,3.158576051779935,5.99771682324232,0
188,186,187,7,-3,1,-3.1011326860841426,0.15857605177993528,-0.49176537740492876,0
189,187,188,7,-3,1,-3.1011326860841426,0.15857605177993528,-0.49176537740492876,0
190,188,189,3,1,2,0.8988673139158576,1.1585760517799353,1.04140614363067,0
191,189,190,3,1,2,0.8988673139158576,1.1585760517799353,1.04140614363067,0
192,190,191,3,1,2,0.8988673139158576,1.1585760517799353,1.04140614363067,0
193,191,192,5,-1,1,-1.1011326860841424,0.15857605177993528,-0.17461327384505818,0
194,192,193,2,2,0,1.8988673139158576,-0.8414239482200647,-1.5977524324211099,0
195,193,194,5,-1,0,-1.1011326860841424,-0.8414239482200647,0.9265194122390842,0
196,194,195,5,-1,1,-1.1011326860841424,0.15857605177993528,-0.17461327384505818,0
197,195,196,1,3,1,2.8988673139158574,0.15857605177993528,0.4596909332746829,0
198,196,197,1,3,2,2.8988673139158574,1.1585760517799353,3.3585582471905404,0
199,197,198,1,3,0,2.8988673139158574,-0.8414239482200647,-2.4391763806411744,0
200,198,199,7,-3,1,-3.1011326860841426,0.15857605177993528,-0.49176537740492876,0
201,199,200,3,1,0,0.8988673139158576,-0.8414239482200647,-0.7563284842010453,0
202,200,201,4,0,1,-0.1011326860841424,0.15857605177993528,-0.016037222065122904,0
203,201,202,3,1,3,0.8988673139158576,2.158576051779935,1.9402734575465275,0
204,202,203,3,1,2,0.8988673139158576,1.1585760517799353,1.04140614363067,0
205,203,204,2,2,2,1.8988673139158576,1.1585760517799353,2.1999821954106054,0
206,204,205,5,-1,1,-1.1011326860841424,0.15857605177993528,-0.17461327384505818,0
207,205,206,7,-3,2,-3.1011326860841426,1.1585760517799353,-3.5928980634890713,0
208,206,207,7,-3,1,-3.1011326860841426,0.15857605177993528,-0.49176537740492876,0
209,207,208,2,2,0,1.8988673139158576,-0.8414239482200647,-1.5977524324211099,0
210,208,209,7,-3,1,-3.1011326860841426,0.15857605177993528,-0.49176537740492876,0
211,209,210,7,-3,2,-3.1011326860841426,1.1585760517799353,-3.5928980634890713,0
212,210,211,1,3,0,2.8988673139158574,-0.8414239482200647,-2.4391763806411744,0
213,211,212,1,3,1,2.8988673139158574,0.15857605177993528,0.4596909332746829,0
214,212,213,7,-3,0,-3.1011326860841426,-0.8414239482200647,2.609367308679214,0
215,213,214,6,-2,2,-2.1011326860841426,1.1585760517799353,-2.434322011709136,0
216,214,215,3,1,1,0.8988673139158576,0.15857605177993528,0.14253882971481238,0
217,215,216,1,3,0,2.8988673139158574,-0.8414239482200647,-2.4391763806411744,0
218,216,217,6,-2,0,-2.1011326860841426,-0.8414239482200647,1.767943360459149,0
219,217,218,5,-1,2,-1.1011326860841424,1.1585760517799353,-1.2757459599292005,0
220,218,219,3,1,0,0.8988673139158576,-0.8414239482200647,-0.7563284842010453,0
221,219,220,5,-1,3,-1.1011326860841424,2.158576051779935,-2.376878646013343,0
222,220,221,2,2,2,1.8988673139158576,1.1585760517799353,2.1999821954106054,0
223,221,222,7,-3,1,-3.1011326860841426,0.15857605177993528,-0.49176537740492876,0
224,222,223,7,-3,0,-3.1011326860841426,-0.8414239482200647,2.609367308679214,0
225,223,224,2,2,0,1.8988673139158576,-0.8414239482200647,-1.5977524324211099,0
226,224,225,2,2,0,1.8988673139158576,-0.8414239482200647,-1.5977524324211099,0
227,225,226,7,-3,1,-3.1011326860841426,0.15857605177993528,-0.49176537740492876,0
228,226,227,1,3,0,2.8988673139158574,-0.8414239482200647,-2.4391763806411744,0
229,227,228,2,2,2,1.8988673139158576,1.1585760517799353,2.1999821954106054,0
230,228,229,6,-2,0,-2.1011326860841426,-0.8414239482200647,1.767943360459149,0
231,229,230,3,1,1,0.8988673139158576,0.15857605177993528,0.14253882971481238,0
232,230,231,4,0,0,-0.1011326860841424,-0.8414239482200647,0.08509546401901949,0
233,231,232,6,-2,0,-2.1011326860841426,-0.8414239482200647,1.767943360459149,0
234,232,233,6,-2,1,-2.1011326860841426,0.15857605177993528,-0.3331893256249935,0
235,233,234,1,3,0,2.8988673139158574,-0.8414239482200647,-2.4391763806411744,0
236,234,235,1,3,2,2.8988673139158574,1.1585760517799353,3.3585582471905404,0
237,235,236,3,1,1,0.8988673139158576,0.15857605177993528,0.14253882971481238,0
238,236,237,6,-2,1,-2.1011326860841426,0.15857605177993528,-0.3331893256249935,0
239,237,238,7,-3,3,-3.1011326860841426,2.158576051779935,-6.694030749573213,0
240,238,239,1,3,0,2.8988673139158574,-0.8414239482200647,-2.4391763806411744,0
241,239,240,4,0,1,-0.1011326860841424,0.15857605177993528,-0.016037222065122904,0
242,240,241,3,1,0,0.8988673139158576,-0.8414239482200647,-0.7563284842010453,0
243,241,242,7,-3,2,-3.1011326860841426,1.1585760517799353,-3.5928980634890713,0
244,242,243,6,-2,0,-2.1011326860841426,-0.8414239482200647,1.767943360459149,0
245,243,244,3,1,0,0.8988673139158576,-0.8414239482200647,-0.7563284842010453,0
246,244,245,3,1,1,0.8988673139158576,0.15857605177993528,0.14253882971481238,0
247,245,246,2,2,0,1.8988673139158576,-0.8414239482200647,-1.5977524324211099,0
248,246,247,2,2,1,1.8988673139158576,0.15857605177993528,0.30111488149474763,0
249,247,248,3,1,0,0.8988673139158576,-0.8414239482200647,-0.7563284842010453,0
250,248,249,3,1,2,0.8988673139158576,1.1585760517799353,1.04140614363067,0
251,249,250,5,-1,0,-1.1011326860841424,-0.8414239482200647,0.9265194122390842,0
252,250,251,7,-3,2,-3.1011326860841426,1.1585760517799353,-3.5928980634890713,0
253,251,252,4,0,2,-0.1011326860841424,1.1585760517799353,-0.11716990814926531,0
254,252,253,5,-1,0,-1.1011326860841424,-0.8414239482200647,0.9265194122390842,0
255,253,254,6,-2,0,-2.1011326860841426,-0.8414239482200647,1.767943360459149,0
256,254,255,6,-2,0,-2.1011326860841426,-0.8414239482200647,1.767943360459149,0
257,255,256,6,-2,2,-2.1011326860841426,1.1585760517799353,-2.434322011709136,0
258,256,257,1,3,1,2.8988673139158574,0.15857605177993528,0.4596909332746829,0
259,257,258,2,2,0,1.8988673139158576,-0.8414239482200647,-1.5977524324211099,0
260,258,259,4,0,1,-0.1011326860841424,0.15857605177993528,-0.016037222065122904,0
261,259,260,7,-3,0,-3.1011326860841426,-0.8414239482200647,2.609367308679214,0
262,260,261,1,3,2,2.8988673139158574,1.1585760517799353,3.3585582471905404,0
263,261,262,7,-3,0,-3.1011326860841426,-0.8414239482200647,2.609367308679214,0
264,262,263,2,2,1,1.8988673139158576,0.15857605177993528,0.30111488149474763,0
265,263,264,1,3,1,2.8988673139158574,0.15857605177993528,0.4596909332746829,0
266,264,265,3,1,1,0.8988673139158576,0.15857605177993528,0.14253882971481238,0
267,265,266,6,-2,1,-2.1011326860841426,0.15857605177993528,-0.3331893256249935,0
268,266,267,1,3,1,2.8988673139158574,0.15857605177993528,0.4596909332746829,0
269,267,268,3,1,1,0.8988673139158576,0.15857605177993528,0.14253882971481238,0
270,268,269,4,0,0,-0.1011326860841424,-0.8414239482200647,0.08509546401901949,0
271,269,270,7,-3,0,-3.1011326860841426,-0.8414239482200647,2.609367308679214,0
272,270,271,6,-2,2,-2.1011326860841426,1.1585760517799353,-2.434322011709136,0
273,271,272,5,-1,1,-1.1011326860841424,0.15857605177993528,-0.17461327384505818,0
274,272,273,2,2,1,1.8988673139158576,0.15857605177993528,0.30111488149474763,0
275,273,274,4,0,0,-0.1011326860841424,-0.8414239482200647,0.08509546401901949,0
276,274,275,4,0,2,-0.1011326860841424,1.1585760517799353,-0.11716990814926531,0
277,275,276,4,0,0,-0.1011326860841424,-0.8414239482200647,0.08509546401901949,0
278,276,277,5,-1,2,-1.1011326860841424,1.1585760517799353,-1.2757459599292005,0
279,277,278,3,1,0,0.8988673139158576,-0.8414239482200647,-0.7563284842010453,0
280,278,279,2,2,2,1.8988673139158576,1.1585760517799353,2.1999821954106054,0
281,279,280,5,-1,0,-1.1011326860841424,-0.8414239482200647,0.9265194122390842,0
282,280,281,5,-1,1,-1.1011326860841424,0.15857605177993528,-0.17461327384505818,0
283,281,282,5,-1,1,-1.1011326860841424,0.15857605177993528,-0.17461327384505818,0
284,282,283,6,-2,1,-2.1011326860841426,0.15857605177993528,-0.3331893256249935,0
285,283,284,5,-1,1,-1.1011326860841424,0.15857605177993528,-0.17461327384505818,0
286,284,285,1,3,1,2.8988673139158574,0.15857605177993528,0.4596909332746829,0
287,285,286,3,1,1,0.8988673139158576,0.15857605177993528,0.14253882971481238,0
288,286,287,7,-3,1,-3.1011326860841426,0.15857605177993528,-0.49176537740492876,0
289,287,288,2,2,1,1.8988673139158576,0.15857605177993528,0.30111488149474763,0
290,288,289,2,2,0,1.8988673139158576,-0.8414239482200647,-1.5977524324211099,0
291,289,290,1,3,2,2.8988673139158574,1.1585760517799353,3.3585582471905404,0
292,290,291,7,-3,2,-3.1011326860841426,1.1585760517799353,-3.5928980634890713,0
293,291,292,1,3,0,2.8988673139158574,-0.8414239482200647,-2.4391763806411744,0
294,292,293,5,-1,1,-1.1011326860841424,0.15857605177993528,-0.17461327384505818,0
295,293,294,7,-3,1,-3.1011326860841426,0.15857605177993528,-0.49176537740492876,0
296,294,295,3,1,1,0.8988673139158576,0.15857605177993528,0.14253882971481238,0
297,295,296,6,-2,0,-2.1011326860841426,-0.8414239482200647,1.767943360459149,0
298,296,297,7,-3,1,-3.1011326860841426,0.15857605177993528,-0.49176537740492876,0
299,297,298,3,1,1,0.8988673139158576,0.15857605177993528,0.14253882971481238,0
300,298,299,4,0,1,-0.1011326860841424,0.15857605177993528,-0.016037222065122904,0
301,299,300,7,-3,0,-3.1011326860841426,-0.8414239482200647,2.609367308679214,0
302,300,301,4,0,1,-0.1011326860841424,0.15857605177993528,-0.016037222065122904,0
303,301,302,1,3,0,2.8988673139158574,-0.8414239482200647,-2.4391763806411744,0
304,302,303,6,-2,0,-2.1011326860841426,-0.8414239482200647,1.767943360459149,0
305,303,304,6,-2,0,-2.1011326860841426,-0.8414239482200647,1.767943360459149,0
306,304,305,3,1,2,0.8988673139158576,1.1585760517799353,1.04140614363067,0
307,305,306,3,1,2,0.8988673139158576,1.1585760517799353,1.04140614363067,0
308,306,307,2,2,0,1.8988673139158576,-0.8414239482200647,-1.5977524324211099,0
309,307,308,6,-2,1,-2.1011326860841426,0.15857605177993528,-0.3331893256249935,0
310,308,309,6,-2,1,-2.1011326860841426,0.15857605177993528,-0.3331893256249935,0
311,309,310,3,1,0,0.8988673139158576,-0.8414239482200647,-0.7563284842010453,0
312,310,311,2,2,1,1.8988673139158576,0.15857605177993528,0.30111488149474763,0
313,311,312,7,-3,0,-3.1011326860841426,-0.8414239482200647,2.609367308679214,0
314,312,313,1,3,0,2.8988673139158574,-0.8414239482200647,-2.4391763806411744,0
315,313,314,1,3,3,2.8988673139158574,2.158576051779935,6.257425561106397,0
316,314,315,3,1,0,0.8988673139158576,-0.8414239482200647,-0.7563284842010453,0
317,315,316,7,-3,0,-3.1011326860841426,-0.8414239482200647,2.609367308679214,0
318,316,317,2,2,0,1.8988673139158576,-0.8414239482200647,-1.5977524324211099,0
319,317,318,5,-1,1,-1.1011326860841424,0.15857605177993528,-0.17461327384505818,0
320,318,319,6,-2,2,-2.1011326860841426,1.1585760517799353,-2.434322011709136,0
321,319,320,1,3,0,2.8988673139158574,-0.8414239482200647,-2.4391763806411744,0
322,320,321,7,-3,0,-3.1011326860841426,-0.8414239482200647,2.609367308679214,0
323,321,322,3,1,0,0.8988673139158576,-0.8414239482200647,-0.7563284842010453,0
324,322,323,1,3,0,2.8988673139158574,-0.8414239482200647,-2.4391763806411744,0
325,323,324,3,1,1,0.8988673139158576,0.15857605177993528,0.14253882971481238,0
326,324,325,5,-1,3,-1.1011326860841424,2.158576051779935,-2.376878646013343,0
327,325,326,7,-3,3,-3.1011326860841426,2.158576051779935,-6.694030749573213,0
328,326,327,5,-1,1,-1.1011326860841424,0.15857605177993528,-0.17461327384505818,0
329,327,328,6,-2,1,-2.1011326860841426,0.15857605177993528,-0.3331893256249935,0
330,328,329,1,3,2,2.8988673139158574,1.1585760517799353,3.3585582471905404,0
331,329,330,7,-3,1,-3.1011326860841426,0.15857605177993528,-0.49176537740492876,0
332,330,331,6,-2,2,-2.1011326860841426,1.1585760517799353,-2.434322011709136,0
333,331,332,1,3,1,2.8988673139158574,0.15857605177993528,0.4596909332746829,0
334,332,333,5,-1,0,-1.1011326860841424,-0.8414239482200647,0.9265194122390842,0
335,333,334,5,-1,1,-1.1011326860841424,0.15857605177993528,-0.17461327384505818,0
336,334,335,4,0,0,-0.1011326860841424,-0.8414239482200647,0.08509546401901949,0
337,335,336,3,1,1,0.8988673139158576,0.15857605177993528,0.14253882971481238,0
338,336,337,2,2,1,1.8988673139158576,0.15857605177993528,0.30111488149474763,0
339,337,338,3,1,2,0.8988673139158576,1.1585760517799353,1.04140614363067,0
340,338,339,7,-3,2,-3.1011326860841426,1.1585760517799353,-3.5928980634890713,0
341,339,340,5,-1,1,-1.1011326860841424,0.15857605177993528,-0.17461327384505818,0
342,340,341,6,-2,1,-2.1011326860841426,0.15857605177993528,-0.3331893256249935,0
343,341,342,4,0,2,-0.1011326860841424,1.1585760517799353,-0.11716990814926531,0
344,342,343,3,1,2,0.8988673139158576,1.1585760517799353,1.04140614363067,0
345,343,344,6,-2,1,-2.1011326860841426,0.15857605177993528,-0.3331893256249935,0
346,344,345,1,3,1,2.8988673139158574,0.15857605177993528,0.4596909332746829,0
347,345,346,5,-1,1,-1.1011326860841424,0.15857605177993528,-0.17461327384505818,0
348,346,347,3,1,1,0.8988673139158576,0.15857605177993528,0.14253882971481238,0
349,347,348,7,-3,1,-3.1011326860841426,0.15857605177993528,-0.49176537740492876,0
350,348,349,7,-3,1,-3.1011326860841426,0.15857605177993528,-0.49176537740492876,0
351,349,350,7,-3,2,-3.1011326860841426,1.1585760517799353,-3.5928980634890713,0
352,350,351,5,-1,0,-1.1011326860841424,-0.8414239482200647,0.9265194122390842,0
353,351,352,5,-1,2,-1.1011326860841424,1.1585760517799353,-1.2757459599292005,0
354,352,353,5,-1,0,-1.1011326860841424,-0.8414239482200647,0.9265194122390842,0
355,353,354,1,3,1,2.8988673139158574,0.15857605177993528,0.4596909332746829,0
356,354,355,6,-2,2,-2.1011326860841426,1.1585760517799353,-2.434322011709136,0
357,355,356,4,0,0,-0.1011326860841424,-0.8414239482200647,0.08509546401901949,0
358,356,357,1,3,0,2.8988673139158574,-0.8414239482200647,-2.4391763806411744,0
359,357,358,6,-2,1,-2.1011326860841426,0.15857605177993528,-0.3331893256249935,0
360,358,359,5,-1,1,-1.1011326860841424,0.15857605177993528,-0.17461327384505818,0
361,359,360,5,-1,2,-1.1011326860841424,1.1585760517799353,-1.2757459599292005,0
362,360,361,6,-2,1,-2.1011326860841426,0.15857605177993528,-0.3331893256249935,0
363,361,362,5,-1,0,-1.1011326860841424,-0.8414239482200647,0.9265194122390842,0
364,362,363,1,3,2,2.8988673139158574,1.1585760517799353,3.3585582471905404,0
365,363,364,2,2,1,1.8988673139158576,0.15857605177993528,0.30111488149474763,0
366,364,365,7,-3,1,-3.1011326860841426,0.15857605177993528,-0.49176537740492876,0
367,365,366,6,-2,1,-2.1011326860841426,0.15857605177993528,-0.3331893256249935,0
368,366,367,2,2,0,1.8988673139158576,-0.8414239482200647,-1.5977524324211099,0
369,367,368,4,0,0,-0.1011326860841424,-0.8414239482200647,0.08509546401901949,0
370,368,369,3,1,2,0.8988673139158576,1.1585760517799353,1.04140614363067,0
371,369,370,2,2,0,1.8988673139158576,-0.8414239482200647,-1.5977524324211099,0
372,370,371,4,0,2,-0.1011326860841424,1.1585760517799353,-0.11716990814926531,0
373,371,372,3,1,3,0.8988673139158576,2.158576051779935,1.9402734575465275,0
374,372,373,1,3,1,2.8988673139158574,0.15857605177993528,0.4596909332746829,0
375,373,374,6,-2,1,-2.1011326860841426,0.15857605177993528,-0.3331893256249935,0
376,374,375,2,2,2,1.8988673139158576,1.1585760517799353,2.1999821954106054,0
377,375,376,2,2,1,1.8988673139158576,0.15857605177993528,0.30111488149474763,0
378,376,377,3,1,0,0.8988673139158576,-0.8414239482200647,-0.7563284842010453,0
379,377,378,7,-3,2,-3.1011326860841426,1.1585760517799353,-3.5928980634890713,0
380,378,379,3,1,0,0.8988673139158576,-0.8414239482200647,-0.7563284842010453,0
381,379,380,6,-2,1,-2.1011326860841426,0.15857605177993528,-0.3331893256249935,0
382,380,381,4,0,0,-0.1011326860841424,-0.8414239482200647,0.08509546401901949,0
383,381,382,3,1,0,0.8988673139158576,-0.8414239482200647,-0.7563284842010453,0
384,382,383,3,1,2,0.8988673139158576,1.1585760517799353,1.04140614363067,0
385,383,384,1,3,0,2.8988673139158574,-0.8414239482200647,-2.4391763806411744,0
386,384,385,2,2,0,1.8988673139158576,-0.8414239482200647,-1.5977524324211099,0
387,385,386,5,-1,0,-1.1011326860841424,-0.8414239482200647,0.9265194122390842,0
388,386,387,2,2,0,1.8988673139158576,-0.8414239482200647,-1.5977524324211099,0
389,387,388,7,-3,1,-3.1011326860841426,0.15857605177993528,-0.49176537740492876,0
390,388,389,1,3,1,2.8988673139158574,0.15857605177993528,0.4596909332746829,0
391,389,390,1,3,1,2.8988673139158574,0.15857605177993528,0.4596909332746829,0
392,390,391,6,-2,0,-2.1011326860841426,-0.8414239482200647,1.767943360459149,0
393,391,392,7,-3,1,-3.1011326860841426,0.15857605177993528,-0.49176537740492876,0
394,392,393,3,1,1,0.8988673139158576,0.15857605177993528,0.14253882971481238,0
395,393,394,3,1,0,0.8988673139158576,-0.8414239482200647,-0.7563284842010453,0
396,394,395,1,3,1,2.8988673139158574,0.15857605177993528,0.4596909332746829,0
397,395,396,3,1,0,0.8988673139158576,-0.8414239482200647,-0.7563284842010453,0
398,396,397,1,3,1,2.8988673139158574,0.15857605177993528,0.4596909332746829,0
399,397,398,1,3,1,2.8988673139158574,0.15857605177993528,0.4596909332746829,0
400,398,399,6,-2,0,-2.1011326860841426,-0.8414239482200647,1.767943360459149,0
401,399,400,1,3,0,2.8988673139158574,-0.8414239482200647,-2.4391763806411744,0
402,400,401,2,2,1,1.8988673139158576,0.15857605177993528,0.30111488149474763,0
403,401,402,6,-2,0,-2.1011326860841426,-0.8414239482200647,1.767943360459149,0
404,402,403,5,-1,1,-1.1011326860841424,0.15857605177993528,-0.17461327384505818,0
405,403,404,6,-2,1,-2.1011326860841426,0.15857605177993528,-0.3331893256249935,0
406,404,405,3,1,2,0.8988673139158576,1.1585760517799353,1.04140614363067,0
407,405,406,7,-3,1,-3.1011326860841426,0.15857605177993528,-0.49176537740492876,0
408,406,407,1,3,1,2.8988673139158574,0.15857605177993528,0.4596909332746829,0
409,407,408,2,2,1,1.8988673139158576,0.15857605177993528,0.30111488149474763,0
410,408,409,6,-2,0,-2.1011326860841426,-0.8414239482200647,1.767943360459149,0
411,409,410,3,1,0,0.8988673139158576,-0.8414239482200647,-0.7563284842010453,0
412,410,411,1,3,1,2.8988673139158574,0.15857605177993528,0.4596909332746829,0
413,411,412,4,0,0,-0.1011326860841424,-0.8414239482200647,0.08509546401901949,0
414,412,413,2,2,0,1.8988673139158576,-0.8414239482200647,-1.5977524324211099,0
415,413,414,6,-2,1,-2.1011326860841426,0.15857605177993528,-0.3331893256249935,0
416,414,415,4,0,1,-0.1011326860841424,0.15857605177993528,-0.016037222065122904,0
417,415,416,7,-3,1,-3.1011326860841426,0.15857605177993528,-0.49176537740492876,0
418,416,417,7,-3,2,-3.1011326860841426,1.1585760517799353,-3.5928980634890713,0
419,417,418,6,-2,1,-2.1011326860841426,0.15857605177993528,-0.3331893256249935,0
420,418,419,2,2,1,1.8988673139158576,0.15857605177993528,0.30111488149474763,0
421,419,420,4,0,2,-0.1011326860841424,1.1585760517799353,-0.11716990814926531,0
422,420,421,6,-2,1,-2.1011326860841426,0.15857605177993528,-0.3331893256249935,0
423,421,422,2,2,2,1.8988673139158576,1.1585760517799353,2.1999821954106054,0
424,422,423,2,2,2,1.8988673139158576,1.1585760517799353,2.1999821954106054,0
425,423,424,4,0,1,-0.1011326860841424,0.15857605177993528,-0.016037222065122904,0
426,424,425,1,3,0,2.8988673139158574,-0.8414239482200647,-2.4391763806411744,0
427,425,426,4,0,0,-0.1011326860841424,-0.8414239482200647,0.08509546401901949,0
428,426,427,4,0,0,-0.1011326860841424,-0.8414239482200647,0.08509546401901949,0
429,427,428,1,3,1,2.8988673139158574,0.15857605177993528,0.4596909332746829,0
430,428,429,2,2,1,1.8988673139158576,0.15857605177993528,0.30111488149474763,0
431,429,430,7,-3,0,-3.1011326860841426,-0.8414239482200647,2.609367308679214,0
432,430,431,1,3,1,2.8988673139158574,0.15857605177993528,0.4596909332746829,0
433,431,432,6,-2,0,-2.1011326860841426,-0.8414239482200647,1.767943360459149,0
434,432,433,3,1,1,0.8988673139158576,0.15857605177993528,0.14253882971481238,0
435,433,434,6,-2,0,-2.1011326860841426,-0.8414239482200647,1.767943360459149,0
436,434,435,6,-2,2,-2.1011326860841426,1.1585760517799353,-2.434322011709136,0
437,435,436,5,-1,2,-1.1011326860841424,1.1585760517799353,-1.2757459599292005,0
438,436,437,3,1,1,0.8988673139158576,0.15857605177993528,0.14253882971481238,0
439,437,438,7,-3,0,-3.1011326860841426,-0.8414239482200647,2.609367308679214,0
440,438,439,3,1,0,0.8988673139158576,-0.8414239482200647,-0.7563284842010453,0
441,439,440,1,3,1,2.8988673139158574,0.15857605177993528,0.4596909332746829,0
442,440,441,2,2,1,1.8988673139158576,0.15857605177993528,0.30111488149474763,0
443,441,442,7,-3,0,-3.1011326860841426,-0.8414239482200647,2.609367308679214,0
444,442,443,4,0,0,-0.1011326860841424,-0.8414239482200647,0.08509546401901949,0
445,443,444,3,1,1,0.8988673139158576,0.15857605177993528,0.14253882971481238,0
446,444,445,5,-1,2,-1.1011326860841424,1.1585760517799353,-1.2757459599292005,0
447,445,446,2,2,0,1.8988673139158576,-0.8414239482200647,-1.5977524324211099,0
448,446,447,7,-3,0,-3.1011326860841426,-0.8414239482200647,2.609367308679214,0
449,447,448,5,-1,0,-1.1011326860841424,-0.8414239482200647,0.9265194122390842,0
450,448,449,6,-2,0,-2.1011326860841426,-0.8414239482200647,1.767943360459149,0
451,449,450,2,2,1,1.8988673139158576,0.15857605177993528,0.30111488149474763,0
452,450,451,5,-1,0,-1.1011326860841424,-0.8414239482200647,0.9265194122390842,0
453,451,452,4,0,3,-0.1011326860841424,2.158576051779935,-0.21830259423340767,0
454,452,453,3,1,1,0.8988673139158576,0.15857605177993528,0.14253882971481238,0
455,453,454,1,3,0,2.8988673139158574,-0.8414239482200647,-2.4391763806411744,0
456,454,455,4,0,1,-0.1011326860841424,0.15857605177993528,-0.016037222065122904,0
457,455,456,7,-3,0,-3.1011326860841426,-0.8414239482200647,2.609367308679214,0
458,456,457,6,-2,0,-2.1011326860841426,-0.8414239482200647,1.767943360459149,0
459,457,458,4,0,2,-0.1011326860841424,1.1585760517799353,-0.11716990814926531,0
460,458,459,4,0,0,-0.1011326860841424,-0.8414239482200647,0.08509546401901949,0
461,459,460,5,-1,1,-1.1011326860841424,0.15857605177993528,-0.17461327384505818,0
462,460,461,7,-3,1,-3.1011326860841426,0.15857605177993528,-0.49176537740492876,0
463,461,462,2,2,1,1.8988673139158576,0.15857605177993528,0.30111488149474763,0
464,462,463,6,-2,0,-2.1011326860841426,-0.8414239482200647,1.767943360459149,0
465,463,464,1,3,0,2.8988673139158574,-0.8414239482200647,-2.4391763806411744,0
466,464,465,6,-2,1,-2.1011326860841426,0.15857605177993528,-0.3331893256249935,0
467,465,466,4,0,0,-0.1011326860841424,-0.8414239482200647,0.08509546401901949,0
468,466,467,6,-2,1,-2.1011326860841426,0.15857605177993528,-0.3331893256249935,0
469,467,468,4,0,0,-0.1011326860841424,-0.8414239482200647,0.08509546401901949,0
470,468,469,4,0,0,-0.1011326860841424,-0.8414239482200647,0.08509546401901949,0
471,469,470,4,0,1,-0.1011326860841424,0.15857605177993528,-0.016037222065122904,0
472,470,471,7,-3,1,-3.1011326860841426,0.15857605177993528,-0.49176537740492876,0
473,471,472,7,-3,1,-3.1011326860841426,0.15857605177993528,-0.49176537740492876,0
474,472,473,6,-2,1,-2.1011326860841426,0.15857605177993528,-0.3331893256249935,0
475,473,474,6,-2,0,-2.1011326860841426,-0.8414239482200647,1.767943360459149,0
476,474,475,2,2,1,1.8988673139158576,0.15857605177993528,0.30111488149474763,0
477,475,476,5,-1,2,-1.1011326860841424,1.1585760517799353,-1.2757459599292005,0
478,476,477,6,-2,1,-2.1011326860841426,0.15857605177993528,-0.3331893256249935,0
479,477,478,1,3,1,2.8988673139158574,0.15857605177993528,0.4596909332746829,0
480,478,479,3,1,1,0.8988673139158576,0.15857605177993528,0.14253882971481238,0
481,479,480,4,0,1,-0.1011326860841424,0.15857605177993528,-0.016037222065122904,0
482,480,481,3,1,1,0.8988673139158576,0.15857605177993528,0.14253882971481238,0
483,481,482,7,-3,0,-3.1011326860841426,-0.8414239482200647,2.609367308679214,0
484,482,483,1,3,1,2.8988673139158574,0.15857605177993528,0.4596909332746829,0
485,483,484,3,1,1,0.8988673139158576,0.15857605177993528,0.14253882971481238,0
486,484,485,2,2,1,1.8988673139158576,0.15857605177993528,0.30111488149474763,0
487,485,486,7,-3,1,-3.1011326860841426,0.15857605177993528,-0.49176537740492876,0
488,486,487,3,1,2,0.8988673139158576,1.1585760517799353,1.04140614363067,0
489,487,488,4,0,3,-0.1011326860841424,2.158576051779935,-0.21830259423340767,0
490,488,489,4,0,1,-0.1011326860841424,0.15857605177993528,-0.016037222065122904,0
491,489,490,6,-2,1,-2.1011326860841426,0.15857605177993528,-0.3331893256249935,0
492,490,491,1,3,1,2.8988673139158574,0.15857605177993528,0.4596909332746829,0
493,491,492,7,-3,1,-3.1011326860841426,0.15857605177993528,-0.49176537740492876,0
494,492,493,3,1,0,0.8988673139158576,-0.8414239482200647,-0.7563284842010453,0
495,493,494,5,-1,1,-1.1011326860841424,0.15857605177993528,-0.17461327384505818,0
496,494,495,2,2,0,1.8988673139158576,-0.8414239482200647,-1.5977524324211099,0
497,495,496,6,-2,1,-2.1011326860841426,0.15857605177993528,-0.3331893256249935,0
498,496,497,1,3,2,2.8988673139158574,1.1585760517799353,3.3585582471905404,0
499,497,498,1,3,2,2.8988673139158574,1.1585760517799353,3.3585582471905404,0
500,498,499,7,-3,1,-3.1011326860841426,0.15857605177993528,-0.49176537740492876,0
501,499,500,7,-3,0,-3.1011326860841426,-0.8414239482200647,2.609367308679214,0
502,500,501,2,2,1,1.8988673139158576,0.15857605177993528,0.30111488149474763,0
503,501,502,3,1,1,0.8988673139158576,0.15857605177993528,0.14253882971481238,0
504,502,503,7,-3,2,-3.1011326860841426,1.1585760517799353,-3.5928980634890713,0
505,503,504,5,-1,0,-1.1011326860841424,-0.8414239482200647,0.9265194122390842,0
506,504,505,7,-3,2,-3.1011326860841426,1.1585760517799353,-3.5928980634890713,0
507,505,506,7,-3,1,-3.1011326860841426,0.15857605177993528,-0.49176537740492876,0
508,506,507,1,3,0,2.8988673139158574,-0.8414239482200647,-2.4391763806411744,0
509,507,508,6,-2,1,-2.1011326860841426,0.15857605177993528,-0.3331893256249935,0
510,508,509,2,2,0,1.8988673139158576,-0.8414239482200647,-1.5977524324211099,0
511,509,510,7,-3,1,-3.1011326860841426,0.15857605177993528,-0.49176537740492876,0
512,510,511,5,-1,0,-1.1011326860841424,-0.8414239482200647,0.9265194122390842,0
513,511,512,1,3,1,2.8988673139158574,0.15857605177993528,0.4596909332746829,0
514,512,513,3,1,1,0.8988673139158576,0.15857605177993528,0.14253882971481238,0
515,513,514,2,2,1,1.8988673139158576,0.15857605177993528,0.30111488149474763,0
516,514,515,2,2,0,1.8988673139158576,-0.8414239482200647,-1.5977524324211099,0
517,515,516,4,0,1,-0.1011326860841424,0.15857605177993528,-0.016037222065122904,0
518,516,517,3,1,1,0.8988673139158576,0.15857605177993528,0.14253882971481238,0
519,517,518,1,3,0,2.8988673139158574,-0.8414239482200647,-2.4391763806411744,0
520,518,519,1,3,1,2.8988673139158574,0.15857605177993528,0.4596909332746829,0
521,519,520,1,3,0,2.8988673139158574,-0.8414239482200647,-2.4391763806411744,0
522,520,521,4,0,1,-0.1011326860841424,0.15857605177993528,-0.016037222065122904,0
523,521,522,3,1,0,0.8988673139158576,-0.8414239482200647,-0.7563284842010453,0
524,522,523,3,1,1,0.8988673139158576,0.15857605177993528,0.14253882971481238,0
525,523,524,3,1,0,0.8988673139158576,-0.8414239482200647,-0.7563284842010453,0
526,524,525,2,2,0,1.8988673139158576,-0.8414239482200647,-1.5977524324211099,0
527,525,526,5,-1,0,-1.1011326860841424,-0.8414239482200647,0.9265194122390842,0
528,526,527,6,-2,2,-2.1011326860841426,1.1585760517799353,-2.434322011709136,0
529,527,528,2,2,1,1.8988673139158576,0.15857605177993528,0.30111488149474763,0
530,528,529,6,-2,0,-2.1011326860841426,-0.8414239482200647,1.767943360459149,0
531,529,530,2,2,1,1.8988673139158576,0.15857605177993528,0.30111488149474763,0
532,530,531,7,-3,3,-3.1011326860841426,2.158576051779935,-6.694030749573213,0
533,531,532,1,3,1,2.8988673139158574,0.15857605177993528,0.4596909332746829,0
534,532,533,5,-1,2,-1.1011326860841424,1.1585760517799353,-1.2757459599292005,0
535,533,534,5,-1,2,-1.1011326860841424,1.1585760517799353,-1.2757459599292005,0
536,534,535,6,-2,1,-2.1011326860841426,0.15857605177993528,-0.3331893256249935,0
537,535,536,3,1,1,0.8988673139158576,0.15857605177993528,0.14253882971481238,0
538,536,537,1,3,2,2.8988673139158574,1.1585760517799353,3.3585582471905404,0
539,537,538,3,1,1,0.8988673139158576,0.15857605177993528,0.14253882971481238,0
540,538,539,4,0,1,-0.1011326860841424,0.15857605177993528,-0.016037222065122904,0
541,539,540,4,0,0,-0.1011326860841424,-0.8414239482200647,0.08509546401901949,0
542,540,541,7,-3,0,-3.1011326860841426,-0.8414239482200647,2.609367308679214,0
543,541,542,5,-1,3,-1.1011326860841424,2.158576051779935,-2.376878646013343,0
544,542,543,1,3,1,2.8988673139158574,0.15857605177993528,0.4596909332746829,0
545,543,544,2,2,1,1.8988673139158576,0.15857605177993528,0.30111488149474763,0
546,544,545,1,3,1,2.8988673139158574,0.15857605177993528,0.4596909332746829,0
547,545,546,1,3,1,2.8988673139158574,0.15857605177993528,0.4596909332746829,0
548,546,547,5,-1,0,-1.1011326860841424,-0.8414239482200647,0.9265194122390842,0
549,547,548,4,0,0,-0.1011326860841424,-0.8414239482200647,0.08509546401901949,0
550,548,549,1,3,1,2.8988673139158574,0.15857605177993528,0.4596909332746829,0
551,549,550,7,-3,1,-3.1011326860841426,0.15857605177993528,-0.49176537740492876,0
552,550,551,5,-1,2,-1.1011326860841424,1.1585760517799353,-1.2757459599292005,0
553,551,552,7,-3,0,-3.1011326860841426,-0.8414239482200647,2.609367308679214,0
554,552,553,6,-2,1,-2.1011326860841426,0.15857605177993528,-0.3331893256249935,0
555,553,554,1,3,1,2.8988673139158574,0.15857605177993528,0.4596909332746829,0
556,554,555,2,2,0,1.8988673139158576,-0.8414239482200647,-1.5977524324211099,0
557,555,556,6,-2,1,-2.1011326860841426,0.15857605177993528,-0.3331893256249935,0
558,556,557,5,-1,1,-1.1011326860841424,0.15857605177993528,-0.17461327384505818,0
559,557,558,5,-1,0,-1.1011326860841424,-0.8414239482200647,0.9265194122390842,0
560,558,559,3,1,0,0.8988673139158576,-0.8414239482200647,-0.7563284842010453,0
561,559,560,5,-1,1,-1.1011326860841424,0.15857605177993528,-0.17461327384505818,0
562,560,561,4,0,2,-0.1011326860841424,1.1585760517799353,-0.11716990814926531,0
563,561,562,7,-3,1,-3.1011326860841426,0.15857605177993528,-0.49176537740492876,0
564,562,563,5,-1,0,-1.1011326860841424,-0.8414239482200647,0.9265194122390842,0
565,563,564,1,3,1,2.8988673139158574,0.15857605177993528,0.4596909332746829,0
566,564,565,5,-1,2,-1.1011326860841424,1.1585760517799353,-1.2757459599292005,0
567,565,566,6,-2,1,-2.1011326860841426,0.15857605177993528,-0.3331893256249935,0
568,566,567,5,-1,0,-1.1011326860841424,-0.8414239482200647,0.9265194122390842,0
569,567,568,6,-2,0,-2.1011326860841426,-0.8414239482200647,1.767943360459149,0
570,568,569,1,3,1,2.8988673139158574,0.15857605177993528,0.4596909332746829,0
571,569,570,7,-3,0,-3.1011326860841426,-0.8414239482200647,2.609367308679214,0
572,570,571,5,-1,1,-1.1011326860841424,0.15857605177993528,-0.17461327384505818,0
573,571,572,1,3,1,2.8988673139158574,0.15857605177993528,0.4596909332746829,0
574,572,573,3,1,0,0.8988673139158576,-0.8414239482200647,-0.7563284842010453,0
575,573,574,1,3,3,2.8988673139158574,2.158576051779935,6.257425561106397,0
576,574,575,2,2,2,1.8988673139158576,1.1585760517799353,2.1999821954106054,0
577,575,576,3,1,1,0.8988673139158576,0.15857605177993528,0.14253882971481238,0
578,576,577,5,-1,0,-1.1011326860841424,-0.8414239482200647,0.9265194122390842,0
579,577,578,4,0,2,-0.1011326860841424,1.1585760517799353,-0.11716990814926531,0
580,578,579,6,-2,2,-2.1011326860841426,1.1585760517799353,-2.434322011709136,0
581,579,580,6,-2,3,-2.1011326860841426,2.158576051779935,-4.535454697793278,0
582,580,581,5,-1,0,-1.1011326860841424,-0.8414239482200647,0.9265194122390842,0
583,581,582,4,0,1,-0.1011326860841424,0.15857605177993528,-0.016037222065122904,0
584,582,583,3,1,2,0.8988673139158576,1.1585760517799353,1.04140614363067,0
585,583,584,4,0,0,-0.1011326860841424,-0.8414239482200647,0.08509546401901949,0
586,584,585,1,3,1,2.8988673139158574,0.15857605177993528,0.4596909332746829,0
587,585,586,2,2,0,1.8988673139158576,-0.8414239482200647,-1.5977524324211099,0
588,586,587,2,2,2,1.8988673139158576,1.1585760517799353,2.1999821954106054,0
589,587,588,6,-2,0,-2.1011326860841426,-0.8414239482200647,1.767943360459149,0
590,588,589,3,1,1,0.8988673139158576,0.15857605177993528,0.14253882971481238,0
591,589,590,2,2,3,1.8988673139158576,2.158576051779935,4.098849509326462,0
592,590,591,1,3,0,2.8988673139158574,-0.8414239482200647,-2.4391763806411744,0
593,591,592,6,-2,2,-2.1011326860841426,1.1585760517799353,-2.434322011709136,0
594,592,593,5,-1,3,-1.1011326860841424,2.158576051779935,-2.376878646013343,0
595,593,594,2,2,2,1.8988673139158576,1.1585760517799353,2.1999821954106054,0
596,594,595,1,3,1,2.8988673139158574,0.15857605177993528,0.4596909332746829,0
597,595,596,5,-1,3,-1.1011326860841424,2.158576051779935,-2.376878646013343,0
598,596,597,6,-2,2,-2.1011326860841426,1.1585760517799353,-2.434322011709136,0
599,597,598,3,1,1,0.8988673139158576,0.15857605177993528,0.14253882971481238,0
600,598,599,4,0,0,-0.1011326860841424,-0.8414239482200647,0.08509546401901949,0
601,599,600,7,-3,2,-3.1011326860841426,1.1585760517799353,-3.5928980634890713,0
602,600,601,7,-3,2,-3.1011326860841426,1.1585760517799353,-3.5928980634890713,0
603,601,602,1,3,2,2.8988673139158574,1.1585760517799353,3.3585582471905404,0
604,602,603,6,-2,0,-2.1011326860841426,-0.8414239482200647,1.767943360459149,0
605,603,604,5,-1,1,-1.1011326860841424,0.15857605177993528,-0.17461327384505818,0
606,604,605,7,-3,1,-3.1011326860841426,0.15857605177993528,-0.49176537740492876,0
607,605,606,6,-2,1,-2.1011326860841426,0.15857605177993528,-0.3331893256249935,0
608,606,607,2,2,1,1.8988673139158576,0.15857605177993528,0.30111488149474763,0
609,607,608,6,-2,2,-2.1011326860841426,1.1585760517799353,-2.434322011709136,0
610,608,609,3,1,1,0.8988673139158576,0.15857605177993528,0.14253882971481238,0
611,609,610,6,-2,1,-2.1011326860841426,0.15857605177993528,-0.3331893256249935,0
612,610,611,2,2,1,1.8988673139158576,0.15857605177993528,0.30111488149474763,0
613,611,612,7,-3,0,-3.1011326860841426,-0.8414239482200647,2.609367308679214,0
614,612,613,5,-1,1,-1.1011326860841424,0.15857605177993528,-0.17461327384505818,0
615,613,614,2,2,0,1.8988673139158576,-0.8414239482200647,-1.5977524324211099,0
616,614,615,7,-3,1,-3.1011326860841426,0.15857605177993528,-0.49176537740492876,0
617,615,616,1,3,1,2.8988673139158574,0.15857605177993528,0.4596909332746829,0
618,616,617,7,-3,0,-3.1011326860841426,-0.8414239482200647,2.609367308679214,0
619,617,618,2,2,0,1.8988673139158576,-0.8414239482200647,-1.5977524324211099,0
620,618,619,4,0,1,-0.1011326860841424,0.15857605177993528,-0.016037222065122904,0
621,619,620,6,-2,1,-2.1011326860841426,0.15857605177993528,-0.3331893256249935,0
622,620,621,4,0,1,-0.1011326860841424,0.15857605177993528,-0.016037222065122904,0
623,621,622,5,-1,0,-1.1011326860841424,-0.8414239482200647,0.9265194122390842,0
624,622,623,3,1,0,0.8988673139158576,-0.8414239482200647,-0.7563284842010453,0
625,623,624,3,1,2,0.8988673139158576,1.1585760517799353,1.04140614363067,0
626,624,625,4,0,1,-0.1011326860841424,0.15857605177993528,-0.016037222065122904,0
627,625,626,3,1,0,0.8988673139158576,-0.8414239482200647,-0.7563284842010453,0
628,626,627,3,1,0,0.8988673139158576,-0.8414239482200647,-0.7563284842010453,0
629,627,628,3,1,1,0.8988673139158576,0.15857605177993528,0.14253882971481238,0
630,628,629,1,3,0,2.8988673139158574,-0.8414239482200647,-2.4391763806411744,0
631,629,630,2,2,1,1.8988673139158576,0.15857605177993528,0.30111488149474763,0
632,630,631,4,0,1,-0.1011326860841424,0.15857605177993528,-0.016037222065122904,0
633,631,632,1,3,0,2.8988673139158574,-0.8414239482200647,-2.4391763806411744,0
634,632,633,3,1,0,0.8988673139158576,-0.8414239482200647,-0.7563284842010453,0
635,633,634,7,-3,0,-3.1011326860841426,-0.8414239482200647,2.609367308679214,0
636,634,635,6,-2,1,-2.1011326860841426,0.15857605177993528,-0.3331893256249935,0
637,635,636,6,-2,0,-2.1011326860841426,-0.8414239482200647,1.767943360459149,0
638,636,637,4,0,2,-0.1011326860841424,1.1585760517799353,-0.11716990814926531,0
639,637,638,1,3,1,2.8988673139158574,0.15857605177993528,0.4596909332746829,0
640,638,639,7,-3,1,-3.1011326860841426,0.15857605177993528,-0.49176537740492876,0
641,639,640,5,-1,0,-1.1011326860841424,-0.8414239482200647,0.9265194122390842,0
642,640,641,2,2,1,1.8988673139158576,0.15857605177993528,0.30111488149474763,0
643,641,642,5,-1,0,-1.1011326860841424,-0.8414239482200647,0.9265194122390842,0
644,642,643,1,3,1,2.8988673139158574,0.15857605177993528,0.4596909332746829,0
645,643,644,2,2,1,1.8988673139158576,0.15857605177993528,0.30111488149474763,0
646,644,645,5,-1,0,-1.1011326860841424,-0.8414239482200647,0.9265194122390842,0
647,645,646,4,0,1,-0.1011326860841424,0.15857605177993528,-0.016037222065122904,0
648,646,647,6,-2,1,-2.1011326860841426,0.15857605177993528,-0.3331893256249935,0
649,647,648,1,3,1,2.8988673139158574,0.15857605177993528,0.4596909332746829,0
650,648,649,2,2,0,1.8988673139158576,-0.8414239482200647,-1.5977524324211099,0
651,649,650,6,-2,0,-2.1011326860841426,-0.8414239482200647,1.767943360459149,0
652,650,651,4,0,2,-0.1011326860841424,1.1585760517799353,-0.11716990814926531,0
653,651,652,4,0,1,-0.1011326860841424,0.15857605177993528,-0.016037222065122904,0
654,652,653,1,3,0,2.8988673139158574,-0.8414239482200647,-2.4391763806411744,0
655,653,654,1,3,2,2.8988673139158574,1.1585760517799353,3.3585582471905404,0
656,654,655,2,2,2,1.8988673139158576,1.1585760517799353,2.1999821954106054,0
657,655,656,6,-2,2,-2.1011326860841426,1.1585760517799353,-2.434322011709136,0
658,656,657,4,0,0,-0.1011326860841424,-0.8414239482200647,0.08509546401901949,0
659,657,658,7,-3,1,-3.1011326860841426,0.15857605177993528,-0.49176537740492876,0
660,658,659,7,-3,0,-3.1011326860841426,-0.8414239482200647,2.609367308679214,0
661,659,660,3,1,1,0.8988673139158576,0.15857605177993528,0.14253882971481238,0
662,660,661,7,-3,1,-3.1011326860841426,0.15857605177993528,-0.49176537740492876,0
663,661,662,6,-2,2,-2.1011326860841426,1.1585760517799353,-2.434322011709136,0
664,662,663,5,-1,0,-1.1011326860841424,-0.8414239482200647,0.9265194122390842,0
665,663,664,1,3,2,2.8988673139158574,1.1585760517799353,3.3585582471905404,0
666,664,665,4,0,0,-0.1011326860841424,-0.8414239482200647,0.08509546401901949,0
667,665,666,5,-1,1,-1.1011326860841424,0.15857605177993528,-0.17461327384505818,0
668,666,667,1,3,0,2.8988673139158574,-0.8414239482200647,-2.4391763806411744,0
669,667,668,1,3,0,2.8988673139158574,-0.8414239482200647,-2.4391763806411744,0
670,668,669,3,1,1,0.8988673139158576,0.15857605177993528,0.14253882971481238,0
671,669,670,3,1,1,0.8988673139158576,0.15857605177993528,0.14253882971481238,0
672,670,671,5,-1,0,-1.1011326860841424,-0.8414239482200647,0.9265194122390842,0
673,671,672,6,-2,2,-2.1011326860841426,1.1585760517799353,-2.434322011709136,0
674,672,673,1,3,1,2.8988673139158574,0.15857605177993528,0.4596909332746829,0
675,673,674,3,1,0,0.8988673139158576,-0.8414239482200647,-0.7563284842010453,0
676,674,675,2,2,0,1.8988673139158576,-0.8414239482200647,-1.5977524324211099,0
677,675,676,4,0,1,-0.1011326860841424,0.15857605177993528,-0.016037222065122904,0
678,676,677,6,-2,0,-2.1011326860841426,-0.8414239482200647,1.767943360459149,0
679,677,678,7,-3,0,-3.1011326860841426,-0.8414239482200647,2.609367308679214,0
680,678,679,7,-3,1,-3.1011326860841426,0.15857605177993528,-0.49176537740492876,0
681,679,680,5,-1,0,-1.1011326860841424,-0.8414239482200647,0.9265194122390842,0
682,680,681,1,3,0,2.8988673139158574,-0.8414239482200647,-2.4391763806411744,0
683,681,682,1,3,1,2.8988673139158574,0.15857605177993528,0.4596909332746829,0
684,682,683,3,1,1,0.8988673139158576,0.15857605177993528,0.14253882971481238,0
685,683,684,7,-3,3,-3.1011326860841426,2.158576051779935,-6.694030749573213,0
686,684,685,4,0,2,-0.1011326860841424,1.1585760517799353,-0.11716990814926531,0
687,685,686,3,1,1,0.8988673139158576,0.15857605177993528,0.14253882971481238,0
688,686,687,7,-3,1,-3.1011326860841426,0.15857605177993528,-0.49176537740492876,0
689,687,688,1,3,0,2.8988673139158574,-0.8414239482200647,-2.4391763806411744,0
690,688,689,5,-1,1,-1.1011326860841424,0.15857605177993528,-0.17461327384505818,0
691,689,690,7,-3,0,-3.1011326860841426,-0.8414239482200647,2.609367308679214,0
692,690,691,2,2,0,1.8988673139158576,-0.8414239482200647,-1.5977524324211099,0
693,691,692,7,-3,0,-3.1011326860841426,-0.8414239482200647,2.609367308679214,0
694,692,693,5,-1,1,-1.1011326860841424,0.15857605177993528,-0.17461327384505818,0
695,693,694,2,2,1,1.8988673139158576,0.15857605177993528,0.30111488149474763,0
696,694,695,2,2,1,1.8988673139158576,0.15857605177993528,0.30111488149474763,0
697,695,696,5,-1,1,-1.1011326860841424,0.15857605177993528,-0.17461327384505818,0
698,696,697,5,-1,0,-1.1011326860841424,-0.8414239482200647,0.9265194122390842,0
699,697,698,4,0,2,-0.1011326860841424,1.1585760517799353,-0.11716990814926531,0
700,698,699,1,3,1,2.8988673139158574,0.15857605177993528,0.4596909332746829,0
701,699,700,2,2,1,1.8988673139158576,0.15857605177993528,0.30111488149474763,0
702,700,701,5,-1,1,-1.1011326860841424,0.15857605177993528,-0.17461327384505818,0
703,701,702,2,2,1,1.8988673139158576,0.15857605177993528,0.30111488149474763,0
704,702,703,2,2,0,1.8988673139158576,-0.8414239482200647,-1.5977524324211099,0
705,703,704,7,-3,1,-3.1011326860841426,0.15857605177993528,-0.49176537740492876,0
706,704,705,5,-1,1,-1.1011326860841424,0.15857605177993528,-0.17461327384505818,0
707,705,706,7,-3,0,-3.1011326860841426,-0.8414239482200647,2.609367308679214,0
708,706,707,5,-1,1,-1.1011326860841424,0.15857605177993528,-0.17461327384505818,0
709,707,708,1,3,2,2.8988673139158574,1.1585760517799353,3.3585582471905404,0
710,708,709,4,0,0,-0.1011326860841424,-0.8414239482200647,0.08509546401901949,0
711,709,710,4,0,0,-0.1011326860841424,-0.8414239482200647,0.08509546401901949,0
712,710,711,6,-2,1,-2.1011326860841426,0.15857605177993528,-0.3331893256249935,0
713,711,712,2,2,1,1.8988673139158576,0.15857605177993528,0.30111488149474763,0
714,712,713,7,-3,1,-3.1011326860841426,0.15857605177993528,-0.49176537740492876,0
715,713,714,3,1,1,0.8988673139158576,0.15857605177993528,0.14253882971481238,0
716,714,715,3,1,0,0.8988673139158576,-0.8414239482200647,-0.7563284842010453,0
717,715,716,5,-1,1,-1.1011326860841424,0.15857605177993528,-0.17461327384505818,0
718,716,717,7,-3,0,-3.1011326860841426,-0.8414239482200647,2.609367308679214,0
719,717,718,7,-3,1,-3.1011326860841426,0.15857605177993528,-0.49176537740492876,0
720,718,719,6,-2,0,-2.1011326860841426,-0.8414239482200647,1.767943360459149,0
721,719,720,7,-3,1,-3.1011326860841426,0.15857605177993528,-0.49176537740492876,0
722,720,721,3,1,1,0.8988673139158576,0.15857605177993528,0.14253882971481238,0
723,721,722,7,-3,2,-3.1011326860841426,1.1585760517799353,-3.5928980634890713,0
724,722,723,2,2,0,1.8988673139158576,-0.8414239482200647,-1.5977524324211099,0
725,723,724,3,1,0,0.8988673139158576,-0.8414239482200647,-0.7563284842010453,0
726,724,725,5,-1,0,-1.1011326860841424,-0.8414239482200647,0.9265194122390842,0
727,725,726,5,-1,3,-1.1011326860841424,2.158576051779935,-2.376878646013343,0
728,726,727,5,-1,1,-1.1011326860841424,0.15857605177993528,-0.17461327384505818,0
729,727,728,6,-2,1,-2.1011326860841426,0.15857605177993528,-0.3331893256249935,0
730,728,729,2,2,1,1.8988673139158576,0.15857605177993528,0.30111488149474763,0
731,729,730,7,-3,1,-3.1011326860841426,0.15857605177993528,-0.49176537740492876,0
732,730,731,5,-1,1,-1.1011326860841424,0.15857605177993528,-0.17461327384505818,0
733,731,732,7,-3,0,-3.1011326860841426,-0.8414239482200647,2.609367308679214,0
734,732,733,2,2,0,1.8988673139158576,-0.8414239482200647,-1.5977524324211099,0
735,733,734,3,1,0,0.8988673139158576,-0.8414239482200647,-0.7563284842010453,0
736,734,735,1,3,0,2.8988673139158574,-0.8414239482200647,-2.4391763806411744,0
737,735,736,2,2,3,1.8988673139158576,2.158576051779935,4.098849509326462,0
738,736,737,1,3,1,2.8988673139158574,0.15857605177993528,0.4596909332746829,0
739,737,738,4,0,0,-0.1011326860841424,-0.8414239482200647,0.08509546401901949,0
740,738,739,4,0,0,-0.1011326860841424,-0.8414239482200647,0.08509546401901949,0
741,739,740,7,-3,1,-3.1011326860841426,0.15857605177993528,-0.49176537740492876,0
742,740,741,2,2,1,1.8988673139158576,0.15857605177993528,0.30111488149474763,0
743,741,742,1,3,3,2.8988673139158574,2.158576051779935,6.257425561106397,0
744,742,743,1,3,1,2.8988673139158574,0.15857605177993528,0.4596909332746829,0
745,743,744,7,-3,0,-3.1011326860841426,-0.8414239482200647,2.609367308679214,0
746,744,745,5,-1,0,-1.1011326860841424,-0.8414239482200647,0.9265194122390842,0
747,745,746,3,1,3,0.8988673139158576,2.158576051779935,1.9402734575465275,0
748,746,747,5,-1,1,-1.1011326860841424,0.15857605177993528,-0.17461327384505818,0
749,747,748,5,-1,2,-1.1011326860841424,1.1585760517799353,-1.2757459599292005,0
750,748,749,6,-2,0,-2.1011326860841426,-0.8414239482200647,1.767943360459149,0
751,749,750,3,1,0,0.8988673139158576,-0.8414239482200647,-0.7563284842010453,0
752,750,751,4,0,0,-0.1011326860841424,-0.8414239482200647,0.08509546401901949,0
753,751,752,2,2,0,1.8988673139158576,-0.8414239482200647,-1.5977524324211099,0
754,752,753,2,2,0,1.8988673139158576,-0.8414239482200647,-1.5977524324211099,0
755,753,754,7,-3,0,-3.1011326860841426,-0.8414239482200647,2.609367308679214,0
756,754,755,7,-3,0,-3.1011326860841426,-0.8414239482200647,2.609367308679214,0
757,755,756,1,3,0,2.8988673139158574,-0.8414239482200647,-2.4391763806411744,0
758,756,757,1,3,0,2.8988673139158574,-0.8414239482200647,-2.4391763806411744,0
759,757,758,4,0,1,-0.1011326860841424,0.15857605177993528,-0.016037222065122904,0
760,758,759,2,2,1,1.8988673139158576,0.15857605177993528,0.30111488149474763,0
761,759,760,2,2,1,1.8988673139158576,0.15857605177993528,0.30111488149474763,0
762,760,761,5,-1,0,-1.1011326860841424,-0.8414239482200647,0.9265194122390842,0
763,761,762,4,0,0,-0.1011326860841424,-0.8414239482200647,0.08509546401901949,0
764,762,763,3,1,0,0.8988673139158576,-0.8414239482200647,-0.7563284842010453,0
765,763,764,2,2,3,1.8988673139158576,2.158576051779935,4.098849509326462,0
766,764,765,5,-1,1,-1.1011326860841424,0.15857605177993528,-0.17461327384505818,0
767,765,766,2,2,1,1.8988673139158576,0.15857605177993528,0.30111488149474763,0
768,766,767,4,0,1,-0.1011326860841424,0.15857605177993528,-0.016037222065122904,0
769,767,768,1,3,1,2.8988673139158574,0.15857605177993528,0.4596909332746829,0
770,768,769,1,3,0,2.8988673139158574,-0.8414239482200647,-2.4391763806411744,0
771,769,770,5,-1,0,-1.1011326860841424,-0.8414239482200647,0.9265194122390842,0
772,770,771,7,-3,0,-3.1011326860841426,-0.8414239482200647,2.609367308679214,0
773,771,772,6,-2,1,-2.1011326860841426,0.15857605177993528,-0.3331893256249935,0
774,772,773,7,-3,0,-3.1011326860841426,-0.8414239482200647,2.609367308679214,0
775,773,774,1,3,1,2.8988673139158574,0.15857605177993528,0.4596909332746829,0
776,774,775,3,1,2,0.8988673139158576,1.1585760517799353,1.04140614363067,0
777,775,776,4,0,1,-0.1011326860841424,0.15857605177993528,-0.016037222065122904,0
778,776,777,4,0,1,-0.1011326860841424,0.15857605177993528,-0.016037222065122904,0
779,777,778,2,2,3,1.8988673139158576,2.158576051779935,4.098849509326462,0
780,778,779,1,3,1,2.8988673139158574,0.15857605177993528,0.4596909332746829,0
781,779,780,2,2,2,1.8988673139158576,1.1585760517799353,2.1999821954106054,0
782,780,781,7,-3,1,-3.1011326860841426,0.15857605177993528,-0.49176537740492876,0
783,781,782,3,1,1,0.8988673139158576,0.15857605177993528,0.14253882971481238,0
784,782,783,5,-1,1,-1.1011326860841424,0.15857605177993528,-0.17461327384505818,0
785,783,784,3,1,1,0.8988673139158576,0.15857605177993528,0.14253882971481238,0
786,784,785,7,-3,1,-3.1011326860841426,0.15857605177993528,-0.49176537740492876,0
787,785,786,7,-3,1,-3.1011326860841426,0.15857605177993528,-0.49176537740492876,0
788,786,787,3,1,0,0.8988673139158576,-0.8414239482200647,-0.7563284842010453,0
789,787,788,5,-1,1,-1.1011326860841424,0.15857605177993528,-0.17461327384505818,0
790,788,789,6,-2,1,-2.1011326860841426,0.15857605177993528,-0.3331893256249935,0
791,789,790,3,1,2,0.8988673139158576,1.1585760517799353,1.04140614363067,0
792,790,791,5,-1,1,-1.1011326860841424,0.15857605177993528,-0.17461327384505818,0
793,791,792,3,1,1,0.8988673139158576,0.15857605177993528,0.14253882971481238,0
794,792,793,4,0,2,-0.1011326860841424,1.1585760517799353,-0.11716990814926531,0
795,793,794,3,1,2,0.8988673139158576,1.1585760517799353,1.04140614363067,0
796,794,795,6,-2,0,-2.1011326860841426,-0.8414239482200647,1.767943360459149,0
797,795,796,2,2,0,1.8988673139158576,-0.8414239482200647,-1.5977524324211099,0
798,796,797,5,-1,1,-1.1011326860841424,0.15857605177993528,-0.17461327384505818,0
799,797,798,7,-3,1,-3.1011326860841426,0.15857605177993528,-0.49176537740492876,0
800,798,799,4,0,1,-0.1011326860841424,0.15857605177993528,-0.016037222065122904,0
801,799,800,5,-1,1,-1.1011326860841424,0.15857605177993528,-0.17461327384505818,0
802,800,801,1,3,2,2.8988673139158574,1.1585760517799353,3.3585582471905404,0
803,801,802,6,-2,1,-2.1011326860841426,0.15857605177993528,-0.3331893256249935,0
804,802,803,1,3,1,2.8988673139158574,0.15857605177993528,0.4596909332746829,0
805,803,804,2,2,0,1.8988673139158576,-0.8414239482200647,-1.5977524324211099,0
806,804,805,7,-3,0,-3.1011326860841426,-0.8414239482200647,2.609367308679214,0
807,805,806,4,0,1,-0.1011326860841424,0.15857605177993528,-0.016037222065122904,0
808,806,807,5,-1,1,-1.1011326860841424,0.15857605177993528,-0.17461327384505818,0
809,807,808,3,1,1,0.8988673139158576,0.15857605177993528,0.14253882971481238,0
810,808,809,6,-2,2,-2.1011326860841426,1.1585760517799353,-2.434322011709136,0
811,809,810,3,1,1,0.8988673139158576,0.15857605177993528,0.14253882971481238,0
812,810,811,5,-1,1,-1.1011326860841424,0.15857605177993528,-0.17461327384505818,0
813,811,812,3,1,1,0.8988673139158576,0.15857605177993528,0.14253882971481238,0
814,812,813,2,2,0,1.8988673139158576,-0.8414239482200647,-1.5977524324211099,0
815,813,814,4,0,0,-0.1011326860841424,-0.8414239482200647,0.08509546401901949,0
816,814,815,1,3,0,2.8988673139158574,-0.8414239482200647,-2.4391763806411744,0
817,815,816,1,3,1,2.8988673139158574,0.15857605177993528,0.4596909332746829,0
818,816,817,6,-2,1,-2.1011326860841426,0.15857605177993528,-0.3331893256249935,0
819,817,818,1,3,1,2.8988673139158574,0.15857605177993528,0.4596909332746829,0
820,818,819,1,3,1,2.8988673139158574,0.15857605177993528,0.4596909332746829,0
821,819,820,1,3,0,2.8988673139158574,-0.8414239482200647,-2.4391763806411744,0
822,820,821,4,0,0,-0.1011326860841424,-0.8414239482200647,0.08509546401901949,0
823,821,822,2,2,2,1.8988673139158576,1.1585760517799353,2.1999821954106054,0
824,822,823,2,2,2,1.8988673139158576,1.1585760517799353,2.1999821954106054,0
825,823,824,4,0,0,-0.1011326860841424,-0.8414239482200647,0.08509546401901949,0
826,824,825,7,-3,1,-3.1011326860841426,0.15857605177993528,-0.49176537740492876,0
827,825,826,7,-3,1,-3.1011326860841426,0.15857605177993528,-0.49176537740492876,0
828,826,827,4,0,1,-0.1011326860841424,0.15857605177993528,-0.016037222065122904,0
829,827,828,4,0,1,-0.1011326860841424,0.15857605177993528,-0.016037222065122904,0
830,828,829,3,1,0,0.8988673139158576,-0.8414239482200647,-0.7563284842010453,0
831,829,830,4,0,1,-0.1011326860841424,0.15857605177993528,-0.016037222065122904,0
832,830,831,2,2,0,1.8988673139158576,-0.8414239482200647,-1.5977524324211099,0
833,831,832,5,-1,1,-1.1011326860841424,0.15857605177993528,-0.17461327384505818,0
834,832,833,3,1,1,0.8988673139158576,0.15857605177993528,0.14253882971481238,0
835,833,834,1,3,0,2.8988673139158574,-0.8414239482200647,-2.4391763806411744,0
836,834,835,5,-1,0,-1.1011326860841424,-0.8414239482200647,0.9265194122390842,0
837,835,836,5,-1,2,-1.1011326860841424,1.1585760517799353,-1.2757459599292005,0
838,836,837,2,2,2,1.8988673139158576,1.1585760517799353,2.1999821954106054,0
839,837,838,4,0,0,-0.1011326860841424,-0.8414239482200647,0.08509546401901949,0
840,838,839,7,-3,0,-3.1011326860841426,-0.8414239482200647,2.609367308679214,0
841,839,840,4,0,1,-0.1011326860841424,0.15857605177993528,-0.016037222065122904,0
842,840,841,4,0,0,-0.1011326860841424,-0.8414239482200647,0.08509546401901949,0
843,841,842,5,-1,2,-1.1011326860841424,1.1585760517799353,-1.2757459599292005,0
844,842,843,1,3,0,2.8988673139158574,-0.8414239482200647,-2.4391763806411744,0
845,843,844,5,-1,1,-1.1011326860841424,0.15857605177993528,-0.17461327384505818,0
846,844,845,2,2,1,1.8988673139158576,0.15857605177993528,0.30111488149474763,0
847,845,846,2,2,1,1.8988673139158576,0.15857605177993528,0.30111488149474763,0
848,846,847,3,1,0,0.8988673139158576,-0.8414239482200647,-0.7563284842010453,0
849,847,848,5,-1,0,-1.1011326860841424,-0.8414239482200647,0.9265194122390842,0
850,848,849,1,3,2,2.8988673139158574,1.1585760517799353,3.3585582471905404,0
851,849,850,1,3,0,2.8988673139158574,-0.8414239482200647,-2.4391763806411744,0
852,850,851,6,-2,1,-2.1011326860841426,0.15857605177993528,-0.3331893256249935,0
853,851,852,1,3,2,2.8988673139158574,1.1585760517799353,3.3585582471905404,0
854,852,853,3,1,0,0.8988673139158576,-0.8414239482200647,-0.7563284842010453,0
855,853,854,1,3,2,2.8988673139158574,1.1585760517799353,3.3585582471905404,0
856,854,855,1,3,1,2.8988673139158574,0.15857605177993528,0.4596909332746829,0
857,855,856,2,2,0,1.8988673139158576,-0.8414239482200647,-1.5977524324211099,0
858,856,857,7,-3,1,-3.1011326860841426,0.15857605177993528,-0.49176537740492876,0
859,857,858,3,1,1,0.8988673139158576,0.15857605177993528,0.14253882971481238,0
860,858,859,3,1,1,0.8988673139158576,0.15857605177993528,0.14253882971481238,0
861,859,860,7,-3,1,-3.1011326860841426,0.15857605177993528,-0.49176537740492876,0
862,860,861,6,-2,0,-2.1011326860841426,-0.8414239482200647,1.767943360459149,0
863,861,862,2,2,1,1.8988673139158576,0.15857605177993528,0.30111488149474763,0
864,862,863,1,3,1,2.8988673139158574,0.15857605177993528,0.4596909332746829,0
865,863,864,6,-2,0,-2.1011326860841426,-0.8414239482200647,1.767943360459149,0
866,864,865,1,3,0,2.8988673139158574,-0.8414239482200647,-2.4391763806411744,0
867,865,866,2,2,1,1.8988673139158576,0.15857605177993528,0.30111488149474763,0
868,866,867,7,-3,0,-3.1011326860841426,-0.8414239482200647,2.609367308679214,0
869,867,868,3,1,0,0.8988673139158576,-0.8414239482200647,-0.7563284842010453,0
870,868,869,2,2,0,1.8988673139158576,-0.8414239482200647,-1.5977524324211099,0
871,869,870,4,0,2,-0.1011326860841424,1.1585760517799353,-0.11716990814926531,0
872,870,871,7,-3,2,-3.1011326860841426,1.1585760517799353,-3.5928980634890713,0
873,871,872,3,1,1,0.8988673139158576,0.15857605177993528,0.14253882971481238,0
874,872,873,6,-2,0,-2.1011326860841426,-0.8414239482200647,1.767943360459149,0
875,873,874,6,-2,1,-2.1011326860841426,0.15857605177993528,-0.3331893256249935,0
876,874,875,5,-1,1,-1.1011326860841424,0.15857605177993528,-0.17461327384505818,0
877,875,876,4,0,1,-0.1011326860841424,0.15857605177993528,-0.016037222065122904,0
878,876,877,2,2,1,1.8988673139158576,0.15857605177993528,0.30111488149474763,0
879,877,878,2,2,0,1.8988673139158576,-0.8414239482200647,-1.5977524324211099,0
880,878,879,6,-2,0,-2.1011326860841426,-0.8414239482200647,1.767943360459149,0
881,879,880,6,-2,1,-2.1011326860841426,0.15857605177993528,-0.3331893256249935,0
882,880,881,2,2,1,1.8988673139158576,0.15857605177993528,0.30111488149474763,0
883,881,882,2,2,2,1.8988673139158576,1.1585760517799353,2.1999821954106054,0
884,882,883,3,1,1,0.8988673139158576,0.15857605177993528,0.14253882971481238,0
885,883,884,3,1,0,0.8988673139158576,-0.8414239482200647,-0.7563284842010453,0
886,884,885,5,-1,4,-1.1011326860841424,3.158576051779935,-3.478011332097485,0
887,885,886,1,3,2,2.8988673139158574,1.1585760517799353,3.3585582471905404,0
888,886,887,2,2,0,1.8988673139158576,-0.8414239482200647,-1.5977524324211099,0
889,887,888,5,-1,0,-1.1011326860841424,-0.8414239482200647,0.9265194122390842,0
890,888,889,3,1,0,0.8988673139158576,-0.8414239482200647,-0.7563284842010453,0
891,889,890,3,1,2,0.8988673139158576,1.1585760517799353,1.04140614363067,0
892,890,891,3,1,2,0.8988673139158576,1.1585760517799353,1.04140614363067,0
893,891,892,6,-2,1,-2.1011326860841426,0.15857605177993528,-0.3331893256249935,0
894,892,893,2,2,0,1.8988673139158576,-0.8414239482200647,-1.5977524324211099,0
895,893,894,7,-3,1,-3.1011326860841426,0.15857605177993528,-0.49176537740492876,0
896,894,895,2,2,0,1.8988673139158576,-0.8414239482200647,-1.5977524324211099,0
897,895,896,3,1,1,0.8988673139158576,0.15857605177993528,0.14253882971481238,0
898,896,897,6,-2,0,-2.1011326860841426,-0.8414239482200647,1.767943360459149,0
899,897,898,1,3,0,2.8988673139158574,-0.8414239482200647,-2.4391763806411744,0
900,898,899,6,-2,2,-2.1011326860841426,1.1585760517799353,-2.434322011709136,0
901,899,900,3,1,1,0.8988673139158576,0.15857605177993528,0.14253882971481238,0
902,900,901,4,0,1,-0.1011326860841424,0.15857605177993528,-0.016037222065122904,0
903,901,902,5,-1,0,-1.1011326860841424,-0.8414239482200647,0.9265194122390842,0
904,902,903,7,-3,0,-3.1011326860841426,-0.8414239482200647,2.609367308679214,0
905,903,904,4,0,1,-0.1011326860841424,0.15857605177993528,-0.016037222065122904,0
906,904,905,4,0,1,-0.1011326860841424,0.15857605177993528,-0.016037222065122904,0
907,905,906,4,0,3,-0.1011326860841424,2.158576051779935,-0.21830259423340767,0
908,906,907,4,0,0,-0.1011326860841424,-0.8414239482200647,0.08509546401901949,0
909,907,908,6,-2,1,-2.1011326860841426,0.15857605177993528,-0.3331893256249935,0
910,908,909,5,-1,0,-1.1011326860841424,-0.8414239482200647,0.9265194122390842,0
911,909,910,5,-1,0,-1.1011326860841424,-0.8414239482200647,0.9265194122390842,0
912,910,911,6,-2,0,-2.1011326860841426,-0.8414239482200647,1.767943360459149,0
913,911,912,3,1,1,0.8988673139158576,0.15857605177993528,0.14253882971481238,0
914,912,913,7,-3,0,-3.1011326860841426,-0.8414239482200647,2.609367308679214,0
915,913,914,4,0,2,-0.1011326860841424,1.1585760517799353,-0.11716990814926531,0
916,914,915,5,-1,0,-1.1011326860841424,-0.8414239482200647,0.9265194122390842,0
917,915,916,2,2,0,1.8988673139158576,-0.8414239482200647,-1.5977524324211099,0
918,916,917,6,-2,0,-2.1011326860841426,-0.8414239482200647,1.767943360459149,0
919,917,918,1,3,0,2.8988673139158574,-0.8414239482200647,-2.4391763806411744,0
920,918,919,5,-1,1,-1.1011326860841424,0.15857605177993528,-0.17461327384505818,0
921,919,920,4,0,0,-0.1011326860841424,-0.8414239482200647,0.08509546401901949,0
922,920,921,1,3,2,2.8988673139158574,1.1585760517799353,3.3585582471905404,0
923,921,922,6,-2,1,-2.1011326860841426,0.15857605177993528,-0.3331893256249935,0
924,922,923,5,-1,1,-1.1011326860841424,0.15857605177993528,-0.17461327384505818,0
925,923,924,3,1,0,0.8988673139158576,-0.8414239482200647,-0.7563284842010453,0
926,924,925,1,3,0,2.8988673139158574,-0.8414239482200647,-2.4391763806411744,0
927,925,926,1,3,0,2.8988673139158574,-0.8414239482200647,-2.4391763806411744,0
928,926,927,4,0,2,-0.1011326860841424,1.1585760517799353,-0.11716990814926531,0
929,927,928,6,-2,1,-2.1011326860841426,0.15857605177993528,-0.3331893256249935,0
930,928,929,1,3,1,2.8988673139158574,0.15857605177993528,0.4596909332746829,0
931,929,930,4,0,2,-0.1011326860841424,1.1585760517799353,-0.11716990814926531,0
932,930,931,5,-1,1,-1.1011326860841424,0.15857605177993528,-0.17461327384505818,0
933,931,932,2,2,1,1.8988673139158576,0.15857605177993528,0.30111488149474763,0
934,932,933,6,-2,2,-2.1011326860841426,1.1585760517799353,-2.434322011709136,0
935,933,934,3,1,0,0.8988673139158576,-0.8414239482200647,-0.7563284842010453,0
936,934,935,3,1,0,0.8988673139158576,-0.8414239482200647,-0.7563284842010453,0
937,935,936,7,-3,1,-3.1011326860841426,0.15857605177993528,-0.49176537740492876,0
938,936,937,5,-1,0,-1.1011326860841424,-0.8414239482200647,0.9265194122390842,0
939,937,938,3,1,0,0.8988673139158576,-0.8414239482200647,-0.7563284842010453,0
940,938,939,2,2,0,1.8988673139158576,-0.8414239482200647,-1.5977524324211099,0
941,939,940,2,2,1,1.8988673139158576,0.15857605177993528,0.30111488149474763,0
942,940,941,5,-1,0,-1.1011326860841424,-0.8414239482200647,0.9265194122390842,0
943,941,942,5,-1,0,-1.1011326860841424,-0.8414239482200647,0.9265194122390842,0
944,942,943,5,-1,0,-1.1011326860841424,-0.8414239482200647,0.9265194122390842,0
945,943,944,7,-3,0,-3.1011326860841426,-0.8414239482200647,2.609367308679214,0
946,944,945,4,0,1,-0.1011326860841424,0.15857605177993528,-0.016037222065122904,0
947,945,946,4,0,0,-0.1011326860841424,-0.8414239482200647,0.08509546401901949,0
948,946,947,5,-1,2,-1.1011326860841424,1.1585760517799353,-1.2757459599292005,0
949,947,948,1,3,1,2.8988673139158574,0.15857605177993528,0.4596909332746829,0
950,948,949,3,1,0,0.8988673139158576,-0.8414239482200647,-0.7563284842010453,0
951,949,950,3,1,0,0.8988673139158576,-0.8414239482200647,-0.7563284842010453,0
952,950,951,5,-1,2,-1.1011326860841424,1.1585760517799353,-1.2757459599292005,0
953,951,952,6,-2,0,-2.1011326860841426,-0.8414239482200647,1.767943360459149,0
954,952,953,5,-1,1,-1.1011326860841424,0.15857605177993528,-0.17461327384505818,0
955,953,954,6,-2,1,-2.1011326860841426,0.15857605177993528,-0.3331893256249935,0
956,954,955,2,2,1,1.8988673139158576,0.15857605177993528,0.30111488149474763,0
957,955,956,6,-2,1,-2.1011326860841426,0.15857605177993528,-0.3331893256249935,0
958,956,957,1,3,1,2.8988673139158574,0.15857605177993528,0.4596909332746829,0
959,957,958,1,3,3,2.8988673139158574,2.158576051779935,6.257425561106397,0
960,958,959,5,-1,1,-1.1011326860841424,0.15857605177993528,-0.17461327384505818,0
961,959,960,2,2,0,1.8988673139158576,-0.8414239482200647,-1.5977524324211099,0
962,960,961,7,-3,1,-3.1011326860841426,0.15857605177993528,-0.49176537740492876,0
963,961,962,6,-2,1,-2.1011326860841426,0.15857605177993528,-0.3331893256249935,0
964,962,963,6,-2,1,-2.1011326860841426,0.15857605177993528,-0.3331893256249935,0
965,963,964,3,1,0,0.8988673139158576,-0.8414239482200647,-0.7563284842010453,0
966,964,965,6,-2,1,-2.1011326860841426,0.15857605177993528,-0.3331893256249935,0
967,965,966,6,-2,1,-2.1011326860841426,0.15857605177993528,-0.3331893256249935,0
968,966,967,3,1,0,0.8988673139158576,-0.8414239482200647,-0.7563284842010453,0
969,967,968,6,-2,1,-2.1011326860841426,0.15857605177993528,-0.3331893256249935,0
970,968,969,2,2,0,1.8988673139158576,-0.8414239482200647,-1.5977524324211099,0
971,969,970,1,3,0,2.8988673139158574,-0.8414239482200647,-2.4391763806411744,0
972,970,971,3,1,0,0.8988673139158576,-0.8414239482200647,-0.7563284842010453,0
973,971,972,5,-1,1,-1.1011326860841424,0.15857605177993528,-0.17461327384505818,0
974,972,973,2,2,1,1.8988673139158576,0.15857605177993528,0.30111488149474763,0
975,973,974,5,-1,1,-1.1011326860841424,0.15857605177993528,-0.17461327384505818,0
976,974,975,1,3,0,2.8988673139158574,-0.8414239482200647,-2.4391763806411744,0
977,975,976,1,3,2,2.8988673139158574,1.1585760517799353,3.3585582471905404,0
978,976,977,5,-1,0,-1.1011326860841424,-0.8414239482200647,0.9265194122390842,0
979,977,978,3,1,0,0.8988673139158576,-0.8414239482200647,-0.7563284842010453,0
980,978,979,5,-1,0,-1.1011326860841424,-0.8414239482200647,0.9265194122390842,0
981,979,980,3,1,1,0.8988673139158576,0.15857605177993528,0.14253882971481238,0
982,980,981,2,2,1,1.8988673139158576,0.15857605177993528,0.30111488149474763,0
983,981,982,6,-2,1,-2.1011326860841426,0.15857605177993528,-0.3331893256249935,0
984,982,983,2,2,0,1.8988673139158576,-0.8414239482200647,-1.5977524324211099,0
985,983,984,3,1,1,0.8988673139158576,0.15857605177993528,0.14253882971481238,0
986,984,985,2,2,1,1.8988673139158576,0.15857605177993528,0.30111488149474763,0
987,985,986,5,-1,1,-1.1011326860841424,0.15857605177993528,-0.17461327384505818,0
988,986,987,3,1,1,0.8988673139158576,0.15857605177993528,0.14253882971481238,0
989,987,988,4,0,1,-0.1011326860841424,0.15857605177993528,-0.016037222065122904,0
990,988,989,4,0,1,-0.1011326860841424,0.15857605177993528,-0.016037222065122904,0
991,989,990,5,-1,2,-1.1011326860841424,1.1585760517799353,-1.2757459599292005,0
992,990,991,6,-2,1,-2.1011326860841426,0.15857605177993528,-0.3331893256249935,0
993,991,992,3,1,1,0.8988673139158576,0.15857605177993528,0.14253882971481238,0
994,992,993,7,-3,0,-3.1011326860841426,-0.8414239482200647,2.609367308679214,0
995,993,994,6,-2,0,-2.1011326860841426,-0.8414239482200647,1.767943360459149,0
996,994,995,3,1,1,0.8988673139158576,0.15857605177993528,0.14253882971481238,0
997,995,996,5,-1,1,-1.1011326860841424,0.15857605177993528,-0.17461327384505818,0
998,996,997,5,-1,0,-1.1011326860841424,-0.8414239482200647,0.9265194122390842,0
999,997,998,5,-1,1,-1.1011326860841424,0.15857605177993528,-0.17461327384505818,0
1000,998,999,7,-3,1,-3.1011326860841426,0.15857605177993528,-0.49176537740492876,0
1001,999,1000,6,-2,1,-2.1011326860841426,0.15857605177993528,-0.3331893256249935,0
1002,1000,1001,5,-1,0,-1.1011326860841424,-0.8414239482200647,0.9265194122390842,0
1003,1001,1002,1,3,0,2.8988673139158574,-0.8414239482200647,-2.4391763806411744,0
1004,1002,1003,4,0,0,-0.1011326860841424,-0.8414239482200647,0.08509546401901949,0
1005,1003,1004,3,1,1,0.8988673139158576,0.15857605177993528,0.14253882971481238,0
1006,1004,1005,3,1,2,0.8988673139158576,1.1585760517799353,1.04140614363067,0
1007,1005,1006,6,-2,1,-2.1011326860841426,0.15857605177993528,-0.3331893256249935,0
1008,1006,1007,7,-3,1,-3.1011326860841426,0.15857605177993528,-0.49176537740492876,0
1009,1007,1008,5,-1,0,-1.1011326860841424,-0.8414239482200647,0.9265194122390842,0
1010,1008,1009,2,2,1,1.8988673139158576,0.15857605177993528,0.30111488149474763,0
1011,1009,1010,1,3,0,2.8988673139158574,-0.8414239482200647,-2.4391763806411744,0
1012,1010,1011,7,-3,0,-3.1011326860841426,-0.8414239482200647,2.609367308679214,0
1013,1011,1012,1,3,1,2.8988673139158574,0.15857605177993528,0.4596909332746829,0
1014,1012,1013,4,0,2,-0.1011326860841424,1.1585760517799353,-0.11716990814926531,0
1015,1013,1014,5,-1,0,-1.1011326860841424,-0.8414239482200647,0.9265194122390842,0
1016,1014,1015,7,-3,1,-3.1011326860841426,0.15857605177993528,-0.49176537740492876,0
1017,1015,1016,7,-3,1,-3.1011326860841426,0.15857605177993528,-0.49176537740492876,0
1018,1016,1017,6,-2,0,-2.1011326860841426,-0.8414239482200647,1.767943360459149,0
1019,1017,1018,5,-1,1,-1.1011326860841424,0.15857605177993528,-0.17461327384505818,0
1020,1018,1019,3,1,1,0.8988673139158576,0.15857605177993528,0.14253882971481238,0
1021,1019,1020,1,3,1,2.8988673139158574,0.15857605177993528,0.4596909332746829,0
1022,1020,1021,3,1,2,0.8988673139158576,1.1585760517799353,1.04140614363067,0
1023,1021,1022,4,0,1,-0.1011326860841424,0.15857605177993528,-0.016037222065122904,0
1024,1022,1023,5,-1,0,-1.1011326860841424,-0.8414239482200647,0.9265194122390842,0
1025,1023,1024,2,2,1,1.8988673139158576,0.15857605177993528,0.30111488149474763,0
1026,1024,1025,1,3,0,2.8988673139158574,-0.8414239482200647,-2.4391763806411744,0
1027,1025,1026,6,-2,0,-2.1011326860841426,-0.8414239482200647,1.767943360459149,0
1028,1026,1027,1,3,3,2.8988673139158574,2.158576051779935,6.257425561106397,0
1029,1027,1028,6,-2,1,-2.1011326860841426,0.15857605177993528,-0.3331893256249935,0
1030,1028,1029,2,2,1,1.8988673139158576,0.15857605177993528,0.30111488149474763,0
1031,1029,1030,3,1,1,0.8988673139158576,0.15857605177993528,0.14253882971481238,0
1032,1030,1031,3,1,0,0.8988673139158576,-0.8414239482200647,-0.7563284842010453,0
1033,1031,1032,5,-1,1,-1.1011326860841424,0.15857605177993528,-0.17461327384505818,0
1034,1032,1033,2,2,0,1.8988673139158576,-0.8414239482200647,-1.5977524324211099,0
1035,1033,1034,1,3,1,2.8988673139158574,0.15857605177993528,0.4596909332746829,0
1036,1034,1035,1,3,1,2.8988673139158574,0.15857605177993528,0.4596909332746829,0
1037,1035,1036,6,-2,1,-2.1011326860841426,0.15857605177993528,-0.3331893256249935,0
1038,1036,1037,6,-2,0,-2.1011326860841426,-0.8414239482200647,1.767943360459149,0
1039,1037,1038,1,3,1,2.8988673139158574,0.15857605177993528,0.4596909332746829,0
1040,1038,1039,5,-1,1,-1.1011326860841424,0.15857605177993528,-0.17461327384505818,0
1041,1039,1040,2,2,1,1.8988673139158576,0.15857605177993528,0.30111488149474763,0
1042,1040,1041,7,-3,0,-3.1011326860841426,-0.8414239482200647,2.609367308679214,0
1043,1041,1042,1,3,0,2.8988673139158574,-0.8414239482200647,-2.4391763806411744,0
1044,1042,1043,4,0,0,-0.1011326860841424,-0.8414239482200647,0.08509546401901949,0
1045,1043,1044,1,3,0,2.8988673139158574,-0.8414239482200647,-2.4391763806411744,0
1046,1044,1045,6,-2,1,-2.1011326860841426,0.15857605177993528,-0.3331893256249935,0
1047,1045,1046,4,0,0,-0.1011326860841424,-0.8414239482200647,0.08509546401901949,0
1048,1046,1047,3,1,0,0.8988673139158576,-0.8414239482200647,-0.7563284842010453,0
1049,1047,1048,5,-1,1,-1.1011326860841424,0.15857605177993528,-0.17461327384505818,0
1050,1048,1049,4,0,2,-0.1011326860841424,1.1585760517799353,-0.11716990814926531,0
1051,1049,1050,3,1,1,0.8988673139158576,0.15857605177993528,0.14253882971481238,0
1052,1050,1051,7,-3,2,-3.1011326860841426,1.1585760517799353,-3.5928980634890713,0
1053,1051,1052,1,3,2,2.8988673139158574,1.1585760517799353,3.3585582471905404,0
1054,1052,1053,1,3,1,2.8988673139158574,0.15857605177993528,0.4596909332746829,0
1055,1053,1054,6,-2,1,-2.1011326860841426,0.15857605177993528,-0.3331893256249935,0
1056,1054,1055,6,-2,1,-2.1011326860841426,0.15857605177993528,-0.3331893256249935,0
1057,1055,1056,4,0,0,-0.1011326860841424,-0.8414239482200647,0.08509546401901949,0
1058,1056,1057,2,2,1,1.8988673139158576,0.15857605177993528,0.30111488149474763,0
1059,1057,1058,7,-3,1,-3.1011326860841426,0.15857605177993528,-0.49176537740492876,0
1060,1058,1059,5,-1,0,-1.1011326860841424,-0.8414239482200647,0.9265194122390842,0
1061,1059,1060,5,-1,0,-1.1011326860841424,-0.8414239482200647,0.9265194122390842,0
1062,1060,1061,2,2,1,1.8988673139158576,0.15857605177993528,0.30111488149474763,0
1063,1061,1062,1,3,1,2.8988673139158574,0.15857605177993528,0.4596909332746829,0
1064,1062,1063,6,-2,0,-2.1011326860841426,-0.8414239482200647,1.767943360459149,0
1065,1063,1064,4,0,2,-0.1011326860841424,1.1585760517799353,-0.11716990814926531,0
1066,1064,1065,5,-1,1,-1.1011326860841424,0.15857605177993528,-0.17461327384505818,0
1067,1065,1066,7,-3,2,-3.1011326860841426,1.1585760517799353,-3.5928980634890713,0
1068,1066,1067,3,1,1,0.8988673139158576,0.15857605177993528,0.14253882971481238,0
1069,1067,1068,1,3,2,2.8988673139158574,1.1585760517799353,3.3585582471905404,0
1070,1068,1069,7,-3,0,-3.1011326860841426,-0.8414239482200647,2.609367308679214,0
1071,1069,1070,6,-2,1,-2.1011326860841426,0.15857605177993528,-0.3331893256249935,0
1072,1070,1071,7,-3,0,-3.1011326860841426,-0.8414239482200647,2.609367308679214,0
1073,1071,1072,5,-1,1,-1.1011326860841424,0.15857605177993528,-0.17461327384505818,0
1074,1072,1073,2,2,1,1.8988673139158576,0.15857605177993528,0.30111488149474763,0
1075,1073,1074,3,1,0,0.8988673139158576,-0.8414239482200647,-0.7563284842010453,0
1076,1074,1075,2,2,0,1.8988673139158576,-0.8414239482200647,-1.5977524324211099,0
1077,1075,1076,4,0,0,-0.1011326860841424,-0.8414239482200647,0.08509546401901949,0
1078,1076,1077,5,-1,1,-1.1011326860841424,0.15857605177993528,-0.17461327384505818,0
1079,1077,1078,7,-3,2,-3.1011326860841426,1.1585760517799353,-3.5928980634890713,0
1080,1078,1079,2,2,1,1.8988673139158576,0.15857605177993528,0.30111488149474763,0
1081,1079,1080,6,-2,1,-2.1011326860841426,0.15857605177993528,-0.3331893256249935,0
1082,1080,1081,4,0,0,-0.1011326860841424,-0.8414239482200647,0.08509546401901949,0
1083,1081,1082,4,0,1,-0.1011326860841424,0.15857605177993528,-0.016037222065122904,0
1084,1082,1083,5,-1,1,-1.1011326860841424,0.15857605177993528,-0.17461327384505818,0
1085,1083,1084,1,3,2,2.8988673139158574,1.1585760517799353,3.3585582471905404,0
1086,1084,1085,5,-1,0,-1.1011326860841424,-0.8414239482200647,0.9265194122390842,0
1087,1085,1086,7,-3,2,-3.1011326860841426,1.1585760517799353,-3.5928980634890713,0
1088,1086,1087,3,1,1,0.8988673139158576,0.15857605177993528,0.14253882971481238,0
1089,1087,1088,5,-1,1,-1.1011326860841424,0.15857605177993528,-0.17461327384505818,0
1090,1088,1089,5,-1,1,-1.1011326860841424,0.15857605177993528,-0.17461327384505818,0
1091,1089,1090,1,3,0,2.8988673139158574,-0.8414239482200647,-2.4391763806411744,0
1092,1090,1091,7,-3,2,-3.1011326860841426,1.1585760517799353,-3.5928980634890713,0
1093,1091,1092,6,-2,1,-2.1011326860841426,0.15857605177993528,-0.3331893256249935,0
1094,1092,1093,7,-3,2,-3.1011326860841426,1.1585760517799353,-3.5928980634890713,0
1095,1093,1094,7,-3,0,-3.1011326860841426,-0.8414239482200647,2.609367308679214,0
1096,1094,1095,2,2,0,1.8988673139158576,-0.8414239482200647,-1.5977524324211099,0
1097,1095,1096,6,-2,3,-2.1011326860841426,2.158576051779935,-4.535454697793278,0
1098,1096,1097,1,3,3,2.8988673139158574,2.158576051779935,6.257425561106397,0
1099,1097,1098,2,2,1,1.8988673139158576,0.15857605177993528,0.30111488149474763,0
1100,1098,1099,2,2,1,1.8988673139158576,0.15857605177993528,0.30111488149474763,0
1101,1099,1100,1,3,1,2.8988673139158574,0.15857605177993528,0.4596909332746829,0
1102,1100,1101,6,-2,1,-2.1011326860841426,0.15857605177993528,-0.3331893256249935,0
1103,1101,1102,3,1,0,0.8988673139158576,-0.8414239482200647,-0.7563284842010453,0
1104,1102,1103,1,3,1,2.8988673139158574,0.15857605177993528,0.4596909332746829,0
1105,1103,1104,2,2,1,1.8988673139158576,0.15857605177993528,0.30111488149474763,0
1106,1104,1105,2,2,1,1.8988673139158576,0.15857605177993528,0.30111488149474763,0
1107,1105,1106,5,-1,2,-1.1011326860841424,1.1585760517799353,-1.2757459599292005,0
1108,1106,1107,3,1,0,0.8988673139158576,-0.8414239482200647,-0.7563284842010453,0
1109,1107,1108,4,0,1,-0.1011326860841424,0.15857605177993528,-0.016037222065122904,0
1110,1108,1109,1,3,1,2.8988673139158574,0.15857605177993528,0.4596909332746829,0
1111,1109,1110,6,-2,2,-2.1011326860841426,1.1585760517799353,-2.434322011709136,0
1112,1110,1111,2,2,1,1.8988673139158576,0.15857605177993528,0.30111488149474763,0
1113,1111,1112,3,1,1,0.8988673139158576,0.15857605177993528,0.14253882971481238,0
1114,1112,1113,1,3,1,2.8988673139158574,0.15857605177993528,0.4596909332746829,0
1115,1113,1114,1,3,1,2.8988673139158574,0.15857605177993528,0.4596909332746829,0
1116,1114,1115,2,2,1,1.8988673139158576,0.15857605177993528,0.30111488149474763,0
1117,1115,1116,7,-3,1,-3.1011326860841426,0.15857605177993528,-0.49176537740492876,0
1118,1116,1117,3,1,2,0.8988673139158576,1.1585760517799353,1.04140614363067,0
1119,1117,1118,1,3,1,2.8988673139158574,0.15857605177993528,0.4596909332746829,0
1120,1118,1119,2,2,0,1.8988673139158576,-0.8414239482200647,-1.5977524324211099,0
1121,1119,1120,5,-1,0,-1.1011326860841424,-0.8414239482200647,0.9265194122390842,0
1122,1120,1121,2,2,0,1.8988673139158576,-0.8414239482200647,-1.5977524324211099,0
1123,1121,1122,4,0,1,-0.1011326860841424,0.15857605177993528,-0.016037222065122904,0
1124,1122,1123,5,-1,3,-1.1011326860841424,2.158576051779935,-2.376878646013343,0
1125,1123,1124,4,0,0,-0.1011326860841424,-0.8414239482200647,0.08509546401901949,0
1126,1124,1125,4,0,0,-0.1011326860841424,-0.8414239482200647,0.08509546401901949,0
1127,1125,1126,3,1,0,0.8988673139158576,-0.8414239482200647,-0.7563284842010453,0
1128,1126,1127,6,-2,1,-2.1011326860841426,0.15857605177993528,-0.3331893256249935,0
1129,1127,1128,7,-3,1,-3.1011326860841426,0.15857605177993528,-0.49176537740492876,0
1130,1128,1129,5,-1,1,-1.1011326860841424,0.15857605177993528,-0.17461327384505818,0
1131,1129,1130,7,-3,0,-3.1011326860841426,-0.8414239482200647,2.609367308679214,0
1132,1130,1131,6,-2,2,-2.1011326860841426,1.1585760517799353,-2.434322011709136,0
1133,1131,1132,1,3,1,2.8988673139158574,0.15857605177993528,0.4596909332746829,0
1134,1132,1133,4,0,2,-0.1011326860841424,1.1585760517799353,-0.11716990814926531,0
1135,1133,1134,6,-2,1,-2.1011326860841426,0.15857605177993528,-0.3331893256249935,0
1136,1134,1135,2,2,0,1.8988673139158576,-0.8414239482200647,-1.5977524324211099,0
1137,1135,1136,1,3,1,2.8988673139158574,0.15857605177993528,0.4596909332746829,0
1138,1136,1137,5,-1,0,-1.1011326860841424,-0.8414239482200647,0.9265194122390842,0
1139,1137,1138,7,-3,2,-3.1011326860841426,1.1585760517799353,-3.5928980634890713,0
1140,1138,1139,4,0,1,-0.1011326860841424,0.15857605177993528,-0.016037222065122904,0
1141,1139,1140,3,1,1,0.8988673139158576,0.15857605177993528,0.14253882971481238,0
1142,1140,1141,4,0,0,-0.1011326860841424,-0.8414239482200647,0.08509546401901949,0
1143,1141,1142,3,1,0,0.8988673139158576,-0.8414239482200647,-0.7563284842010453,0
1144,1142,1143,1,3,0,2.8988673139158574,-0.8414239482200647,-2.4391763806411744,0
1145,1143,1144,3,1,0,0.8988673139158576,-0.8414239482200647,-0.7563284842010453,0
1146,1144,1145,4,0,0,-0.1011326860841424,-0.8414239482200647,0.08509546401901949,0
1147,1145,1146,5,-1,2,-1.1011326860841424,1.1585760517799353,-1.2757459599292005,0
1148,1146,1147,6,-2,1,-2.1011326860841426,0.15857605177993528,-0.3331893256249935,0
1149,1147,1148,7,-3,0,-3.1011326860841426,-0.8414239482200647,2.609367308679214,0
1150,1148,1149,7,-3,0,-3.1011326860841426,-0.8414239482200647,2.609367308679214,0
1151,1149,1150,4,0,1,-0.1011326860841424,0.15857605177993528,-0.016037222065122904,0
1152,1150,1151,3,1,1,0.8988673139158576,0.15857605177993528,0.14253882971481238,0
1153,1151,1152,1,3,1,2.8988673139158574,0.15857605177993528,0.4596909332746829,0
1154,1152,1153,2,2,1,1.8988673139158576,0.15857605177993528,0.30111488149474763,0
1155,1153,1154,5,-1,1,-1.1011326860841424,0.15857605177993528,-0.17461327384505818,0
1156,1154,1155,2,2,0,1.8988673139158576,-0.8414239482200647,-1.5977524324211099,0
1157,1155,1156,1,3,0,2.8988673139158574,-0.8414239482200647,-2.4391763806411744,0
1158,1156,1157,7,-3,0,-3.1011326860841426,-0.8414239482200647,2.609367308679214,0
1159,1157,1158,1,3,0,2.8988673139158574,-0.8414239482200647,-2.4391763806411744,0
1160,1158,1159,2,2,0,1.8988673139158576,-0.8414239482200647,-1.5977524324211099,0
1161,1159,1160,4,0,0,-0.1011326860841424,-0.8414239482200647,0.08509546401901949,0
1162,1160,1161,6,-2,0,-2.1011326860841426,-0.8414239482200647,1.767943360459149,0
1163,1161,1162,1,3,1,2.8988673139158574,0.15857605177993528,0.4596909332746829,0
1164,1162,1163,2,2,1,1.8988673139158576,0.15857605177993528,0.30111488149474763,0
1165,1163,1164,3,1,0,0.8988673139158576,-0.8414239482200647,-0.7563284842010453,0
1166,1164,1165,3,1,2,0.8988673139158576,1.1585760517799353,1.04140614363067,0
1167,1165,1166,2,2,0,1.8988673139158576,-0.8414239482200647,-1.5977524324211099,0
1168,1166,1167,3,1,0,0.8988673139158576,-0.8414239482200647,-0.7563284842010453,0
1169,1167,1168,4,0,1,-0.1011326860841424,0.15857605177993528,-0.016037222065122904,0
1170,1168,1169,3,1,0,0.8988673139158576,-0.8414239482200647,-0.7563284842010453,0
1171,1169,1170,3,1,1,0.8988673139158576,0.15857605177993528,0.14253882971481238,0
1172,1170,1171,7,-3,1,-3.1011326860841426,0.15857605177993528,-0.49176537740492876,0
1173,1171,1172,7,-3,0,-3.1011326860841426,-0.8414239482200647,2.609367308679214,0
1174,1172,1173,2,2,0,1.8988673139158576,-0.8414239482200647,-1.5977524324211099,0
1175,1173,1174,5,-1,0,-1.1011326860841424,-0.8414239482200647,0.9265194122390842,0
1176,1174,1175,5,-1,1,-1.1011326860841424,0.15857605177993528,-0.17461327384505818,0
1177,1175,1176,5,-1,1,-1.1011326860841424,0.15857605177993528,-0.17461327384505818,0
1178,1176,1177,6,-2,1,-2.1011326860841426,0.15857605177993528,-0.3331893256249935,0
1179,1177,1178,4,0,2,-0.1011326860841424,1.1585760517799353,-0.11716990814926531,0
1180,1178,1179,4,0,1,-0.1011326860841424,0.15857605177993528,-0.016037222065122904,0
1181,1179,1180,1,3,0,2.8988673139158574,-0.8414239482200647,-2.4391763806411744,0
1182,1180,1181,5,-1,0,-1.1011326860841424,-0.8414239482200647,0.9265194122390842,0
1183,1181,1182,4,0,0,-0.1011326860841424,-0.8414239482200647,0.08509546401901949,0
1184,1182,1183,6,-2,2,-2.1011326860841426,1.1585760517799353,-2.434322011709136,0
1185,1183,1184,7,-3,1,-3.1011326860841426,0.15857605177993528,-0.49176537740492876,0
1186,1184,1185,7,-3,2,-3.1011326860841426,1.1585760517799353,-3.5928980634890713,0
1187,1185,1186,7,-3,1,-3.1011326860841426,0.15857605177993528,-0.49176537740492876,0
1188,1186,1187,7,-3,0,-3.1011326860841426,-0.8414239482200647,2.609367308679214,0
1189,1187,1188,3,1,2,0.8988673139158576,1.1585760517799353,1.04140614363067,0
1190,1188,1189,4,0,1,-0.1011326860841424,0.15857605177993528,-0.016037222065122904,0
1191,1189,1190,6,-2,0,-2.1011326860841426,-0.8414239482200647,1.767943360459149,0
1192,1190,1191,2,2,1,1.8988673139158576,0.15857605177993528,0.30111488149474763,0
1193,1191,1192,2,2,0,1.8988673139158576,-0.8414239482200647,-1.5977524324211099,0
1194,1192,1193,4,0,0,-0.1011326860841424,-0.8414239482200647,0.08509546401901949,0
1195,1193,1194,1,3,0,2.8988673139158574,-0.8414239482200647,-2.4391763806411744,0
1196,1194,1195,7,-3,1,-3.1011326860841426,0.15857605177993528,-0.49176537740492876,0
1197,1195,1196,3,1,0,0.8988673139158576,-0.8414239482200647,-0.7563284842010453,0
1198,1196,1197,6,-2,0,-2.1011326860841426,-0.8414239482200647,1.767943360459149,0
1199,1197,1198,1,3,0,2.8988673139158574,-0.8414239482200647,-2.4391763806411744,0
1200,1198,1199,1,3,0,2.8988673139158574,-0.8414239482200647,-2.4391763806411744,0
1201,1199,1200,7,-3,1,-3.1011326860841426,0.15857605177993528,-0.49176537740492876,0
1202,1200,1201,7,-3,0,-3.1011326860841426,-0.8414239482200647,2.609367308679214,0
1203,1201,1202,2,2,1,1.8988673139158576,0.15857605177993528,0.30111488149474763,0
1204,1202,1203,4,0,0,-0.1011326860841424,-0.8414239482200647,0.08509546401901949,0
1205,1203,1204,3,1,0,0.8988673139158576,-0.8414239482200647,-0.7563284842010453,0
1206,1204,1205,2,2,0,1.8988673139158576,-0.8414239482200647,-1.5977524324211099,0
1207,1205,1206,4,0,0,-0.1011326860841424,-0.8414239482200647,0.08509546401901949,0
1208,1206,1207,2,2,2,1.8988673139158576,1.1585760517799353,2.1999821954106054,0
1209,1207,1208,2,2,0,1.8988673139158576,-0.8414239482200647,-1.5977524324211099,0
1210,1208,1209,4,0,2,-0.1011326860841424,1.1585760517799353,-0.11716990814926531,0
1211,1209,1210,6,-2,1,-2.1011326860841426,0.15857605177993528,-0.3331893256249935,0
1212,1210,1211,1,3,0,2.8988673139158574,-0.8414239482200647,-2.4391763806411744,0
1213,1211,1212,7,-3,2,-3.1011326860841426,1.1585760517799353,-3.5928980634890713,0
1214,1212,1213,1,3,0,2.8988673139158574,-0.8414239482200647,-2.4391763806411744,0
1215,1213,1214,2,2,0,1.8988673139158576,-0.8414239482200647,-1.5977524324211099,0
1216,1214,1215,5,-1,2,-1.1011326860841424,1.1585760517799353,-1.2757459599292005,0
1217,1215,1216,7,-3,1,-3.1011326860841426,0.15857605177993528,-0.49176537740492876,0
1218,1216,1217,7,-3,1,-3.1011326860841426,0.15857605177993528,-0.49176537740492876,0
1219,1217,1218,2,2,1,1.8988673139158576,0.15857605177993528,0.30111488149474763,0
1220,1218,1219,5,-1,1,-1.1011326860841424,0.15857605177993528,-0.17461327384505818,0
1221,1219,1220,2,2,1,1.8988673139158576,0.15857605177993528,0.30111488149474763,0
1222,1220,1221,2,2,1,1.8988673139158576,0.15857605177993528,0.30111488149474763,0
1223,1221,1222,6,-2,1,-2.1011326860841426,0.15857605177993528,-0.3331893256249935,0
1224,1222,1223,4,0,0,-0.1011326860841424,-0.8414239482200647,0.08509546401901949,0
1225,1223,1224,5,-1,0,-1.1011326860841424,-0.8414239482200647,0.9265194122390842,0
1226,1224,1225,5,-1,0,-1.1011326860841424,-0.8414239482200647,0.9265194122390842,0
1227,1225,1226,7,-3,1,-3.1011326860841426,0.15857605177993528,-0.49176537740492876,0
1228,1226,1227,2,2,0,1.8988673139158576,-0.8414239482200647,-1.5977524324211099,0
1229,1227,1228,1,3,1,2.8988673139158574,0.15857605177993528,0.4596909332746829,0
1230,1228,1229,3,1,0,0.8988673139158576,-0.8414239482200647,-0.7563284842010453,0
1231,1229,1230,7,-3,1,-3.1011326860841426,0.15857605177993528,-0.49176537740492876,0
1232,1230,1231,4,0,1,-0.1011326860841424,0.15857605177993528,-0.016037222065122904,0
1233,1231,1232,1,3,0,2.8988673139158574,-0.8414239482200647,-2.4391763806411744,0
1234,1232,1233,5,-1,2,-1.1011326860841424,1.1585760517799353,-1.2757459599292005,0
1235,1233,1234,4,0,1,-0.1011326860841424,0.15857605177993528,-0.016037222065122904,0
1236,1234,1235,5,-1,0,-1.1011326860841424,-0.8414239482200647,0.9265194122390842,0
1237,1235,1236,1,3,0,2.8988673139158574,-0.8414239482200647,-2.4391763806411744,0
1238,1236,1237,5,-1,2,-1.1011326860841424,1.1585760517799353,-1.2757459599292005,0
