target_round,candidate_size,candidate_hits,round_score,raw_rank_sum,centered_score_x2,future_leakage_flag
201,21,3,-17.5,15.5,-35,0
202,17,2,5,23,10,0
203,17,3,-8.5,18.5,-17,0
204,18,3,2,30.5,4,0
205,18,0,0,0,0,0
206,17,2,3.5,21.5,7,0
207,18,3,-13.5,15,-27,0
208,18,2,5,24,10,0
209,13,2,-6,8,-12,0
210,21,4,-3.5,40.5,-7,0
211,21,5,-7,48,-14,0
212,17,3,-15.5,11.5,-31,0
213,8,1,3,7.5,6,0
214,18,1,7.5,17,15,0
215,11,1,-3,3,-6,0
216,18,2,8,27,16,0
217,11,2,-0.5,11.5,-1,0
218,20,1,-4,6.5,-8,0
219,12,2,4.5,17.5,9,0
220,21,3,-7,26,-14,0
221,18,2,12,31,24,0
222,17,3,2.5,29.5,5,0
223,16,3,9.5,35,19,0
224,20,1,3,13.5,6,0
225,20,1,7,17.5,14,0
226,17,2,-5.5,12.5,-11,0
227,17,3,7.5,34.5,15,0
228,13,4,10.5,38.5,21,0
229,16,3,-3.5,22,-7,0
230,22,3,7,41.5,14,0
231,23,4,-1.5,46.5,-3,0
232,17,2,-14.5,3.5,-29,0
233,16,3,5,30.5,10,0
234,20,3,1,32.5,2,0
235,22,2,-9,14,-18,0
236,12,1,0.5,7,1,0
237,21,5,3.5,58.5,7,0
238,8,3,1,14.5,2,0
239,18,4,-7,31,-14,0
240,13,0,0,0,0,0
241,12,0,0,0,0,0
242,21,3,3.5,36.5,7,0
243,17,3,6.5,33.5,13,0
244,11,2,0.5,12.5,1,0
245,16,1,0,8.5,0,0
246,16,3,2.5,28,5,0
247,16,2,2.5,19.5,5,0
248,20,3,-18,13.5,-36,0
249,12,1,-0.5,6,-1,0
250,17,3,-2,25,-4,0
251,16,2,3.5,20.5,7,0
252,15,3,2.5,26.5,5,0
253,22,4,28.5,74.5,57,0
254,21,3,-3.5,29.5,-7,0
255,17,0,0,0,0,0
256,22,4,1,47,2,0
257,9,2,-3.5,6.5,-7,0
258,17,0,0,0,0,0
259,16,1,6.5,15,13,0
260,9,3,-4,11,-8,0
261,17,0,0,0,0,0
262,12,0,0,0,0,0
263,18,2,-6.5,12.5,-13,0
264,16,1,-5.5,3,-11,0
265,16,3,8.5,34,17,0
266,16,1,7.5,16,15,0
267,18,3,-5,23.5,-10,0
268,16,0,0,0,0,0
269,22,4,3,49,6,0
270,21,2,-2,20,-4,0
271,21,2,2.5,24.5,5,0
272,15,3,3,27,6,0
273,12,0,0,0,0,0
274,8,1,1,5.5,2,0
275,17,1,5,14,10,0
276,16,3,8,33.5,16,0
277,18,3,-6.5,22,-13,0
278,17,3,10,37,20,0
279,12,2,5,18,10,0
280,11,1,1,7,2,0
281,21,6,1,67,2,0
282,13,1,4.5,11.5,9,0
283,17,3,-9,18,-18,0
284,12,1,-3,3.5,-6,0
285,17,2,15,33,30,0
286,17,2,-5.5,12.5,-11,0
287,22,3,-4,30.5,-8,0
288,17,1,-3,6,-6,0
289,17,3,4,31,8,0
290,17,4,-6.5,29.5,-13,0
291,17,2,13.5,31.5,27,0
292,16,3,2,27.5,4,0
293,22,2,0.5,23.5,1,0
294,12,1,5.5,12,11,0
295,10,2,-1,10,-2,0
296,17,1,-4,5,-8,0
297,16,2,-8,9,-16,0
298,20,3,-5.5,26,-11,0
299,11,3,-1,17,-2,0
300,17,2,-1.5,16.5,-3,0
301,19,1,9,19,18,0
302,8,0,0,0,0,0
303,16,2,1,18,2,0
304,21,2,3.5,25.5,7,0
305,17,2,-13.5,4.5,-27,0
306,16,1,-4,4.5,-8,0
307,17,1,-2.5,6.5,-5,0
308,9,0,0,0,0,0
309,12,1,-1,5.5,-2,0
310,17,2,-9.5,8.5,-19,0
311,17,2,5.5,23.5,11,0
312,12,1,2,8.5,4,0
313,17,3,3,30,6,0
314,17,2,0.5,18.5,1,0
315,21,3,10,43,20,0
316,9,3,0,15,0,0
317,11,0,0,0,0,0
318,21,3,20.5,53.5,41,0
319,21,3,-2,31,-4,0
320,13,3,-0.5,20.5,-1,0
321,17,1,-1.5,7.5,-3,0
322,22,2,-16,7,-32,0
323,12,1,1,7.5,2,0
324,17,3,11.5,38.5,23,0
325,23,3,-5,31,-10,0
326,17,1,2,11,4,0
327,12,2,-6,7,-12,0
328,17,1,-6.5,2.5,-13,0
329,15,1,4.5,12.5,9,0
330,16,1,3,11.5,6,0
331,20,4,-16.5,25.5,-33,0
332,12,3,3,22.5,6,0
333,17,3,8,35,16,0
334,21,3,-21,12,-42,0
335,13,4,-7,21,-14,0
336,12,2,3.5,16.5,7,0
337,13,1,1,8,2,0
338,22,5,19,76.5,38,0
339,18,2,-2,17,-4,0
340,20,5,-5,47.5,-10,0
341,11,3,3,21,6,0
342,17,3,9,36,18,0
343,9,1,1.5,6.5,3,0
344,16,0,0,0,0,0
345,18,1,5.5,15,11,0
346,17,4,1,37,2,0
347,14,3,5,27.5,10,0
348,12,1,4.5,11,9,0
349,17,1,0.5,9.5,1,0
350,13,1,1,8,2,0
351,17,1,7,16,14,0
352,16,3,-3,22.5,-6,0
353,16,2,1.5,18.5,3,0
354,12,0,0,0,0,0
355,17,3,-0.5,26.5,-1,0
356,16,3,9,34.5,18,0
357,17,1,5,14,10,0
358,20,2,11.5,32.5,23,0
359,12,2,10,23,20,0
360,12,1,3,9.5,6,0
361,17,3,-2.5,24.5,-5,0
362,16,2,-7,10,-14,0
363,12,2,-8,5,-16,0
364,13,1,1.5,8.5,3,0
365,21,4,-13.5,30.5,-27,0
366,12,0,0,0,0,0
367,21,4,-19.5,24.5,-39,0
368,18,3,3,31.5,6,0
369,17,3,-5.5,21.5,-11,0
370,21,2,5,27,10,0
371,17,2,-2.5,15.5,-5,0
372,16,1,-2.5,6,-5,0
373,12,1,0,6.5,0,0
374,17,3,6.5,33.5,13,0
375,18,3,11.5,40,23,0
376,16,2,-7.5,9.5,-15,0
377,17,1,0.5,9.5,1,0
378,21,2,10,32,20,0
379,18,1,-2.5,7,-5,0
380,17,3,3.5,30.5,7,0
381,16,2,-2.5,14.5,-5,0
382,17,3,-7,20,-14,0
383,17,3,8,35,16,0
384,21,2,-9.5,12.5,-19,0
385,17,2,-4.5,13.5,-9,0
386,12,1,-2.5,4,-5,0
387,16,2,9.5,26.5,19,0
388,17,0,0,0,0,0
389,16,2,3,20,6,0
390,15,4,10.5,42.5,21,0
391,14,2,4.5,19.5,9,0
392,16,3,10,35.5,20,0
393,22,3,-17,17.5,-34,0
394,20,3,8.5,40,17,0
395,22,4,-6,40,-12,0
396,12,2,8,21,16,0
397,17,1,5,14,10,0
398,13,3,-7,14,-14,0
399,18,1,0,9.5,0,0
400,12,3,0,19.5,0,0
401,17,1,-1,8,-2,0
402,17,2,-1,17,-2,0
403,12,0,0,0,0,0
404,16,2,12,29,24,0
405,18,4,7,45,14,0
406,22,4,2,48,4,0
407,17,2,-8.5,9.5,-17,0
408,17,1,8,17,16,0
409,16,3,-2,23.5,-4,0
410,16,2,0.5,17.5,1,0
411,17,2,-4.5,13.5,-9,0
412,22,5,-5,52.5,-10,0
413,22,4,-9,37,-18,0
414,22,3,-10.5,24,-21,0
415,14,0,0,0,0,0
416,6,1,-2.5,1,-5,0
417,17,0,0,0,0,0
418,18,3,4,32.5,8,0
419,22,1,7.5,19,15,0
420,22,4,9,55,18,0
421,12,2,-4.5,8.5,-9,0
422,16,3,-2.5,23,-5,0
423,17,3,-2,25,-4,0
424,15,3,1.5,25.5,3,0
425,12,1,2.5,9,5,0
426,16,4,5.5,39.5,11,0
427,16,3,-1.5,24,-3,0
428,20,3,11.5,43,23,0
429,15,2,2.5,18.5,5,0
430,17,1,6,15,12,0
431,21,2,-10,12,-20,0
432,13,3,9,30,18,0
433,22,6,-13.5,55.5,-27,0
434,8,2,-1,8,-2,0
435,12,1,-4.5,2,-9,0
436,11,1,4,10,8,0
437,17,2,-7,11,-14,0
438,16,2,-4.5,12.5,-9,0
439,15,2,4,20,8,0
440,7,1,-0.5,3.5,-1,0
441,16,1,-3.5,5,-7,0
442,22,3,3.5,38,7,0
443,19,4,5.5,45.5,11,0
444,11,0,0,0,0,0
445,9,1,-1.5,3.5,-3,0
446,17,3,5,32,10,0
447,18,1,0,9.5,0,0
448,16,3,7.5,33,15,0
449,12,3,3,22.5,6,0
450,12,2,-10,3,-20,0
451,17,1,-0.5,8.5,-1,0
452,17,5,-1.5,43.5,-3,0
453,12,5,-1.5,31,-3,0
454,17,2,6,24,12,0
455,22,2,-8,15,-16,0
456,16,0,0,0,0,0
457,17,1,-3,6,-6,0
458,11,0,0,0,0,0
459,16,2,-2,15,-4,0
460,12,2,0,13,0,0
461,17,3,12.5,39.5,25,0
462,15,1,7,15,14,0
463,22,4,-14,32,-28,0
464,13,0,0,0,0,0
465,13,1,-6,1,-12,0
466,13,2,-8,6,-16,0
467,13,5,3,38,6,0
468,12,1,3.5,10,7,0
469,12,1,-5.5,1,-11,0
470,17,2,-7.5,10.5,-15,0
471,16,2,-7.5,9.5,-15,0
472,16,5,-5,37.5,-10,0
473,13,2,-4,10,-8,0
474,16,2,4.5,21.5,9,0
475,18,3,12,40.5,24,0
476,12,0,0,0,0,0
477,21,5,-4,51,-8,0
478,18,2,0.5,19.5,1,0
479,15,3,-3,21,-6,0
480,17,3,3,30,6,0
481,17,3,-7.5,19.5,-15,0
482,17,3,7,34,14,0
483,17,2,2.5,20.5,5,0
484,17,2,1,19,2,0
485,22,2,0.5,23.5,1,0
486,11,1,0,6,0,0
487,22,2,-10.5,12.5,-21,0
488,17,3,-3,24,-6,0
489,16,2,9,26,18,0
490,21,2,4.5,26.5,9,0
491,20,4,9.5,51.5,19,0
492,20,3,12,43.5,24,0
493,17,1,8,17,16,0
494,16,3,-5.5,20,-11,0
495,16,2,1.5,18.5,3,0
496,13,0,0,0,0,0
497,21,5,-12,43,-24,0
498,12,3,1,20.5,2,0
499,18,1,-7,2.5,-14,0
500,12,1,1,7.5,2,0
501,13,2,3.5,17.5,7,0
502,17,4,0,36,0,0
503,16,2,-0.5,16.5,-1,0
504,21,4,-7.5,36.5,-15,0
505,13,0,0,0,0,0
506,16,1,-3.5,5,-7,0
507,21,4,-17,27,-34,0
508,13,2,2.5,16.5,5,0
509,18,1,1.5,11,3,0
510,13,3,-7,14,-14,0
511,12,3,-2,17.5,-4,0
512,17,3,12,39,24,0
513,21,2,-14.5,7.5,-29,0
514,17,3,0,27,0,0
515,17,3,-3,24,-6,0
516,18,2,-8.5,10.5,-17,0
517,18,3,-5,23.5,-10,0
518,16,2,-13.5,3.5,-27,0
519,17,3,7.5,34.5,15,0
520,11,3,-4,14,-8,0
521,16,3,-13,12.5,-26,0
522,20,2,15,36,30,0
523,18,2,11,30,22,0
524,21,3,-10,23,-20,0
525,16,1,-1.5,7,-3,0
526,17,1,5,14,10,0
527,16,0,0,0,0,0
528,9,1,0,5,0,0
529,16,2,12,29,24,0
530,21,1,-9,2,-18,0
531,16,3,-6.5,19,-13,0
532,12,2,3,16,6,0
533,16,3,-8,17.5,-16,0
534,22,3,6.5,41,13,0
535,19,3,5,35,10,0
536,22,2,-5,18,-10,0
537,12,2,-2,11,-4,0
538,12,3,-8,11.5,-16,0
539,21,2,-5,17,-10,0
540,13,2,4.5,18.5,9,0
541,18,2,-0.5,18.5,-1,0
542,17,1,-8,1,-16,0
543,12,1,3.5,10,7,0
544,17,2,1,19,2,0
545,17,5,9.5,54.5,19,0
546,8,2,5.5,14.5,11,0
547,11,1,-3,3,-6,0
548,21,3,-11,22,-22,0
549,14,2,3,18,6,0
550,21,4,34,78,68,0
551,12,3,1.5,21,3,0
552,16,2,5,22,10,0
553,13,1,-4,3,-8,0
554,11,2,-2.5,9.5,-5,0
555,18,3,-9,19.5,-18,0
556,12,1,-1.5,5,-3,0
557,17,2,12.5,30.5,25,0
558,16,1,-3.5,5,-7,0
559,21,3,5,38,10,0
560,14,2,9,24,18,0
561,22,1,6.5,18,13,0
562,12,1,4.5,11,9,0
563,17,1,-0.5,8.5,-1,0
564,21,3,13,46,26,0
565,16,2,9.5,26.5,19,0
566,16,2,4,21,8,0
567,13,2,-8.5,5.5,-17,0
568,17,2,10.5,28.5,21,0
569,17,3,-2.5,24.5,-5,0
570,13,2,0,14,0,0
571,21,3,0,33,0,0
572,12,3,5,24.5,10,0
573,12,2,1.5,14.5,3,0
574,18,3,6.5,35,13,0
575,17,2,2,20,4,0
576,17,1,1,10,2,0
577,8,1,-1.5,3,-3,0
578,17,4,-1.5,34.5,-3,0
579,9,1,-4,1,-8,0
580,12,2,-5,8,-10,0
581,17,1,-1.5,7.5,-3,0
582,18,4,-6,32,-12,0
583,18,1,-3,6.5,-6,0
584,16,3,-8.5,17,-17,0
585,15,2,-4,12,-8,0
586,15,1,-6,2,-12,0
587,18,4,7,45,14,0
588,17,3,-18,9,-36,0
589,13,2,-11,3,-22,0
590,11,1,-0.5,5.5,-1,0
591,16,1,-0.5,8,-1,0
592,16,2,-8,9,-16,0
593,22,3,-22,12.5,-44,0
594,16,2,-7.5,9.5,-15,0
595,17,2,-9.5,8.5,-19,0
596,12,3,4,23.5,8,0
597,14,3,-3.5,19,-7,0
598,17,4,-8.5,27.5,-17,0
599,18,3,14,42.5,28,0
600,17,2,13,31,26,0
601,21,5,0.5,55.5,1,0
602,22,2,3.5,26.5,7,0
603,21,2,-1.5,20.5,-3,0
604,21,2,-11.5,10.5,-23,0
605,22,2,3.5,26.5,7,0
606,20,2,7.5,28.5,15,0
607,21,1,0,11,0,0
608,16,4,2.5,36.5,5,0
609,7,1,3,7,6,0
610,15,4,9,41,18,0
611,16,1,-3.5,5,-7,0
612,12,1,-4.5,2,-9,0
613,16,2,-2,15,-4,0
614,16,1,-6.5,2,-13,0
615,21,3,3,36,6,0
616,15,2,9,25,18,0
617,12,0,0,0,0,0
618,18,2,-1,18,-2,0
619,21,4,5.5,49.5,11,0
620,16,2,-4.5,12.5,-9,0
621,16,3,-9.5,16,-19,0
622,12,2,-9,4,-18,0
623,21,3,-7,26,-14,0
624,21,4,11,55,22,0
625,16,3,-7.5,18,-15,0
626,20,5,16,68.5,32,0
627,12,0,0,0,0,0
628,13,4,2,30,4,0
629,18,2,1.5,20.5,3,0
630,17,3,-4.5,22.5,-9,0
631,12,3,10.5,30,21,0
632,14,3,-6.5,16,-13,0
633,18,2,-9,10,-18,0
634,12,2,2,15,4,0
635,17,0,0,0,0,0
636,17,4,-8,28,-16,0
637,16,1,4.5,13,9,0
638,21,4,5,49,10,0
639,17,1,-4.5,4.5,-9,0
640,13,2,3.5,17.5,7,0
641,17,2,-4,14,-8,0
642,16,2,8,25,16,0
643,16,1,-2.5,6,-5,0
644,23,3,5.5,41.5,11,0
645,16,2,-2,15,-4,0
646,12,1,0.5,7,1,0
647,23,3,-10,26,-20,0
648,22,2,4,27,8,0
649,11,2,-4,8,-8,0
650,9,2,-0.5,9.5,-1,0
651,13,1,-3.5,3.5,-7,0
652,17,1,-7,2,-14,0
653,18,1,3.5,13,7,0
654,15,2,-6.5,9.5,-13,0
655,8,0,0,0,0,0
656,15,1,4,12,8,0
657,21,2,-3,19,-6,0
658,12,0,0,0,0,0
659,16,3,-1,24.5,-2,0
660,11,2,-3,9,-6,0
661,8,1,-2,2.5,-4,0
662,16,1,6.5,15,13,0
663,16,1,-0.5,8,-1,0
664,17,1,-1.5,7.5,-3,0
665,17,2,-9.5,8.5,-19,0
666,21,2,-6,16,-12,0
667,21,2,2,24,4,0
668,13,3,0,21,0,0
669,13,1,-2.5,4.5,-5,0
670,15,3,15,39,30,0
671,15,3,2,26,4,0
672,21,2,-9,13,-18,0
673,12,0,0,0,0,0
674,16,3,0.5,26,1,0
675,21,4,-1.5,42.5,-3,0
676,8,0,0,0,0,0
677,21,4,-11.5,32.5,-23,0
678,18,4,3,41,6,0
679,17,4,17.5,53.5,35,0
680,17,1,5,14,10,0
681,12,2,-1,12,-2,0
682,17,2,-1.5,16.5,-3,0
683,12,2,-3.5,9.5,-7,0
684,15,1,6,14,12,0
685,12,1,0.5,7,1,0
686,15,0,0,0,0,0
687,18,2,-4.5,14.5,-9,0
688,17,2,-10.5,7.5,-21,0
689,14,0,0,0,0,0
690,14,1,-0.5,7,-1,0
691,17,4,-1,35,-2,0
692,8,1,-2.5,2,-5,0
693,23,4,9,57,18,0
694,17,0,0,0,0,0
695,12,0,0,0,0,0
696,12,1,-4.5,2,-9,0
697,16,2,2,19,4,0
698,22,3,2,36.5,4,0
699,8,0,0,0,0,0
700,21,3,-8,25,-16,0
701,21,4,-10,34,-20,0
702,16,3,0.5,26,1,0
703,12,2,0,13,0,0
704,17,4,3,39,6,0
705,18,2,-16,3,-32,0
706,21,0,0,0,0,0
707,16,2,-6.5,10.5,-13,0
708,8,1,3.5,8,7,0
709,21,4,-6,38,-12,0
710,15,3,-5,19,-10,0
711,13,3,-7.5,13.5,-15,0
712,13,2,-0.5,13.5,-1,0
713,17,3,-2,25,-4,0
714,17,2,-3.5,14.5,-7,0
715,17,3,-3,24,-6,0
716,18,1,2.5,12,5,0
717,16,2,-6,11,-12,0
718,17,1,2,11,4,0
719,22,3,9.5,44,19,0
720,16,2,3,20,6,0
721,21,2,-6.5,15.5,-13,0
722,18,2,-2,17,-4,0
723,22,3,17,51.5,34,0
724,17,0,0,0,0,0
725,22,3,-1,33.5,-2,0
726,16,3,1,26.5,2,0
727,9,1,-1,4,-2,0
728,15,2,-1.5,14.5,-3,0
729,16,3,-5,20.5,-10,0
730,12,1,-1,5.5,-2,0
731,17,4,-3,33,-6,0
732,13,4,8,36,16,0
733,13,2,-6,8,-12,0
734,23,2,-10,14,-20,0
735,16,2,11,28,22,0
736,17,3,2,29,4,0
737,12,1,-2,4.5,-4,0
738,22,4,-27.5,18.5,-55,0
739,12,3,-5,14.5,-10,0
740,22,4,2.5,48.5,5,0
741,15,3,13.5,37.5,27,0
742,13,1,6,13,12,0
743,15,0,0,0,0,0
744,13,0,0,0,0,0
745,17,1,6,15,12,0
746,13,2,0.5,14.5,1,0
747,13,1,-2.5,4.5,-5,0
748,21,4,-19,25,-38,0
749,13,1,-1,6,-2,0
750,13,3,4.5,25.5,9,0
751,22,3,7.5,42,15,0
752,16,3,8.5,34,17,0
753,12,1,-2,4.5,-4,0
754,17,2,-4.5,13.5,-9,0
755,21,2,-2.5,19.5,-5,0
756,16,3,-5.5,20,-11,0
757,15,4,-4,28,-8,0
758,17,1,1,10,2,0
759,17,3,6,33,12,0
760,16,2,-2,15,-4,0
761,17,2,1,19,2,0
762,18,4,-10,28,-20,0
763,13,3,-2,19,-4,0
764,17,3,-8.5,18.5,-17,0
765,17,3,-1.5,25.5,-3,0
766,13,1,-2,5,-4,0
767,17,4,3.5,39.5,7,0
768,18,2,-4.5,14.5,-9,0
769,15,0,0,0,0,0
770,12,1,4.5,11,9,0
771,13,2,-6,8,-12,0
772,19,2,-3,17,-6,0
773,13,2,-7,7,-14,0
774,17,4,0,36,0,0
775,13,1,-4,3,-8,0
776,17,5,-4,41,-8,0
777,11,0,0,0,0,0
778,17,2,-8,10,-16,0
779,12,0,0,0,0,0
780,17,1,-2,7,-4,0
781,12,2,1.5,14.5,3,0
782,16,4,0.5,34.5,1,0
783,17,3,1,28,2,0
784,16,1,-1,7.5,-2,0
785,17,2,3,21,6,0
786,13,2,-4,10,-8,0
787,17,2,0,18,0,0
788,16,1,-6,2.5,-12,0
789,17,2,5,23,10,0
790,16,1,7.5,16,15,0
791,20,3,-1.5,30,-3,0
792,13,0,0,0,0,0
793,16,2,-2,15,-4,0
794,17,2,-7,11,-14,0
795,14,2,-1.5,13.5,-3,0
796,16,2,4,21,8,0
797,7,1,0,4,0,0
798,13,1,1,8,2,0
799,12,3,2.5,22,5,0
800,18,1,4.5,14,9,0
801,22,2,-5,18,-10,0
802,17,2,-5,13,-10,0
803,17,2,-3,15,-6,0
804,21,3,5.5,38.5,11,0
805,17,3,8,35,16,0
806,13,2,-6,8,-12,0
807,21,3,17.5,50.5,35,0
808,16,1,0.5,9,1,0
809,14,2,-3.5,11.5,-7,0
810,21,5,11,66,22,0
811,17,3,9.5,36.5,19,0
812,16,2,3.5,20.5,7,0
813,18,4,8,46,16,0
814,18,3,-6,22.5,-12,0
815,13,1,-2,5,-4,0
816,12,1,-1,5.5,-2,0
817,12,1,-5.5,1,-11,0
818,13,2,-0.5,13.5,-1,0
819,16,3,3.5,29,7,0
820,16,3,-5,20.5,-10,0
821,13,2,7,21,14,0
822,18,1,-8.5,1,-17,0
823,19,3,4.5,34.5,9,0
824,20,4,-6.5,35.5,-13,0
825,11,1,-0.5,5.5,-1,0
826,13,2,-0.5,13.5,-1,0
827,13,2,-2,12,-4,0
828,23,4,8.5,56.5,17,0
829,17,1,3,12,6,0
830,14,0,0,0,0,0
831,11,0,0,0,0,0
832,16,4,14,48,28,0
833,16,2,-5,12,-10,0
834,16,1,0.5,9,1,0
835,17,4,3.5,39.5,7,0
836,16,0,0,0,0,0
837,16,0,0,0,0,0
838,17,1,-3,6,-6,0
839,20,3,5,36.5,10,0
840,13,3,3,24,6,0
841,22,3,5.5,40,11,0
842,22,0,0,0,0,0
843,12,2,9,22,18,0
844,22,1,3,14.5,6,0
845,12,0,0,0,0,0
846,21,4,-2.5,41.5,-5,0
847,17,1,-7,2,-14,0
848,11,3,-8,10,-16,0
849,16,1,-3.5,5,-7,0
850,17,1,-2,7,-4,0
851,15,4,4.5,36.5,9,0
852,17,2,-1.5,16.5,-3,0
853,21,3,-2.5,30.5,-5,0
854,21,3,-5.5,27.5,-11,0
855,22,1,0.5,12,1,0
856,21,1,-1.5,9.5,-3,0
857,13,1,6,13,12,0
858,11,0,0,0,0,0
859,12,2,-3.5,9.5,-7,0
860,17,3,-4.5,22.5,-9,0
861,17,2,-1.5,16.5,-3,0
862,17,1,-3,6,-6,0
863,17,1,-4.5,4.5,-9,0
864,21,4,-2,42,-4,0
865,16,3,2,27.5,4,0
866,9,0,0,0,0,0
867,12,4,6.5,32.5,13,0
868,16,2,2,19,4,0
869,22,3,4,38.5,8,0
870,15,4,-4,28,-8,0
871,13,2,1.5,15.5,3,0
872,12,2,-4,9,-8,0
873,13,3,1,22,2,0
874,13,4,3,31,6,0
875,22,2,-4,19,-8,0
876,12,1,-2.5,4,-5,0
877,18,1,-8.5,1,-17,0
878,17,2,-2,16,-4,0
879,13,3,4,25,8,0
880,13,2,0,14,0,0
881,17,2,4,22,8,0
882,20,2,7,28,14,0
883,17,2,-1,17,-2,0
884,21,4,-12,32,-24,0
885,17,3,-3,24,-6,0
886,22,3,-3.5,31,-7,0
887,21,3,17.5,50.5,35,0
888,16,3,2,27.5,4,0
889,22,2,-2,21,-4,0
890,12,1,3.5,10,7,0
891,16,5,-14.5,28,-29,0
892,12,1,4.5,11,9,0
893,20,0,0,0,0,0
894,13,2,6.5,20.5,13,0
895,21,2,7,29,14,0
896,11,0,0,0,0,0
897,12,3,-5,14.5,-10,0
898,7,2,0,8,0,0
899,17,1,-0.5,8.5,-1,0
900,16,3,8.5,34,17,0
901,16,2,-6.5,10.5,-13,0
902,17,1,-3.5,5.5,-7,0
903,16,1,-4.5,4,-9,0
904,17,4,5.5,41.5,11,0
905,17,3,-2,25,-4,0
906,20,2,-3,18,-6,0
907,18,3,-7,21.5,-14,0
908,20,0,0,0,0,0
909,18,2,5,24,10,0
910,16,3,17,42.5,34,0
911,12,1,3,9.5,6,0
912,9,1,-4,1,-8,0
913,13,0,0,0,0,0
914,12,2,-6.5,6.5,-13,0
915,17,4,-8,28,-16,0
916,17,3,-11,16,-22,0
917,13,1,4,11,8,0
918,13,4,-6.5,21.5,-13,0
919,17,3,8,35,16,0
920,16,2,4,21,8,0
921,13,2,-0.5,13.5,-1,0
922,17,3,10.5,37.5,21,0
923,12,3,-4,15.5,-8,0
924,16,2,7.5,24.5,15,0
925,14,3,-4,18.5,-8,0
926,13,0,0,0,0,0
927,16,3,-8.5,17,-17,0
928,23,3,-15,21,-30,0
929,12,1,-5.5,1,-11,0
930,17,2,1,19,2,0
931,17,3,-1.5,25.5,-3,0
932,9,0,0,0,0,0
933,16,3,12,37.5,24,0
934,21,4,15.5,59.5,31,0
935,16,2,7.5,24.5,15,0
936,12,1,4.5,11,9,0
937,16,0,0,0,0,0
938,12,0,0,0,0,0
939,16,2,-4.5,12.5,-9,0
940,22,4,-19,27,-38,0
941,23,4,16,64,32,0
942,21,3,-3.5,29.5,-7,0
943,17,3,11.5,38.5,23,0
944,22,2,1.5,24.5,3,0
945,12,1,-5.5,1,-11,0
946,16,2,2.5,19.5,5,0
947,11,2,2,14,4,0
948,16,4,2,36,4,0
949,12,2,1,14,2,0
950,17,2,3.5,21.5,7,0
951,22,4,4,50,8,0
952,17,3,-6,21,-12,0
953,14,1,-4.5,3,-9,0
954,7,0,0,0,0,0
955,15,1,-7,1,-14,0
956,12,0,0,0,0,0
957,8,3,0.5,14,1,0
958,12,2,-1,12,-2,0
959,20,2,10,31,20,0
960,13,2,-3.5,10.5,-7,0
961,17,2,-0.5,17.5,-1,0
962,17,2,10.5,28.5,21,0
963,13,1,-6,1,-12,0
964,17,3,16,43,32,0
965,16,3,-3.5,22,-7,0
966,21,0,0,0,0,0
967,17,0,0,0,0,0
968,20,0,0,0,0,0
969,13,3,-4,17,-8,0
970,12,0,0,0,0,0
971,11,3,0,18,0,0
972,16,1,4.5,13,9,0
973,11,1,-1,5,-2,0
974,12,4,-2,24,-4,0
975,17,3,-15,12,-30,0
976,16,4,8,42,16,0
977,13,3,-5.5,15.5,-11,0
978,12,3,-2.5,17,-5,0
979,18,3,7.5,36,15,0
980,12,3,-4.5,15,-9,0
981,13,3,6,27,12,0
982,17,4,4,40,8,0
983,22,4,-12,34,-24,0
984,13,2,-0.5,13.5,-1,0
985,16,2,-3.5,13.5,-7,0
986,17,3,-14,13,-28,0
987,20,2,-6.5,14.5,-13,0
988,22,1,6,17.5,12,0
989,13,2,1,15,2,0
990,16,1,3.5,12,7,0
991,17,1,0,9,0,0
992,18,1,4,13.5,8,0
993,22,5,-6.5,51,-13,0
994,12,1,-2.5,4,-5,0
995,22,3,3.5,38,7,0
996,17,2,-1,17,-2,0
997,22,4,10.5,56.5,21,0
998,7,1,1,5,2,0
999,21,2,-5,17,-10,0
1000,17,2,-8.5,9.5,-17,0
1001,7,1,1,5,2,0
1002,12,0,0,0,0,0
1003,12,1,4,10.5,8,0
1004,18,2,0,19,0,0
1005,16,3,-1.5,24,-3,0
1006,16,2,6.5,23.5,13,0
1007,16,2,-0.5,16.5,-1,0
1008,16,3,-11.5,14,-23,0
1009,12,3,1.5,21,3,0
1010,17,2,-12.5,5.5,-25,0
1011,17,2,-7.5,10.5,-15,0
1012,21,4,20,64,40,0
1013,12,2,-3,10,-6,0
1014,13,2,6,20,12,0
1015,21,4,-2,42,-4,0
1016,17,2,1,19,2,0
1017,22,3,9.5,44,19,0
1018,17,1,-3,6,-6,0
1019,17,4,18,54,36,0
1020,17,3,-3,24,-6,0
1021,21,2,13,35,26,0
1022,17,2,-5,13,-10,0
1023,17,2,-6.5,11.5,-13,0
1024,20,4,-4,38,-8,0
1025,16,2,-8,9,-16,0
1026,16,2,2,19,4,0
1027,14,2,0.5,15.5,1,0
1028,16,2,-7,10,-14,0
1029,17,2,-4,14,-8,0
1030,16,4,1.5,35.5,3,0
1031,22,4,-29,17,-58,0
1032,12,2,2,15,4,0
1033,12,1,4.5,11,9,0
1034,18,3,1.5,30,3,0
1035,21,2,-7.5,14.5,-15,0
1036,18,5,-17,30.5,-34,0
1037,9,2,5,15,10,0
1038,18,4,-2,36,-4,0
1039,7,2,-4,4,-8,0
1040,12,3,-1,18.5,-2,0
1041,11,4,-0.5,23.5,-1,0
1042,15,0,0,0,0,0
1043,9,1,-2,3,-4,0
1044,18,1,1,10.5,2,0
1045,15,1,-4,4,-8,0
1046,17,5,-19.5,25.5,-39,0
1047,11,0,0,0,0,0
1048,13,2,-1,13,-2,0
1049,16,1,5.5,14,11,0
1050,17,3,0,27,0,0
1051,22,4,-2,44,-4,0
1052,22,1,-3.5,8,-7,0
1053,11,1,4,10,8,0
1054,21,2,4.5,26.5,9,0
1055,20,2,-5,16,-10,0
1056,13,3,-6,15,-12,0
1057,22,1,5.5,17,11,0
1058,20,3,-20.5,11,-41,0
1059,18,2,-12,7,-24,0
1060,17,2,0.5,18.5,1,0
1061,17,2,-4,14,-8,0
1062,8,0,0,0,0,0
1063,13,1,-6,1,-12,0
1064,17,1,6,15,12,0
1065,21,4,-11,33,-22,0
1066,17,0,0,0,0,0
1067,12,0,0,0,0,0
1068,15,0,0,0,0,0
1069,21,0,0,0,0,0
1070,12,2,-8,5,-16,0
1071,22,4,-3,43,-6,0
1072,13,2,-2.5,11.5,-5,0
1073,16,4,-16.5,17.5,-33,0
1074,11,1,4,10,8,0
1075,15,0,0,0,0,0
1076,14,2,4,19,8,0
1077,11,2,5,17,10,0
1078,16,3,-2.5,23,-5,0
1079,16,4,3,37,6,0
1080,12,1,-2,4.5,-4,0
1081,13,2,1,15,2,0
1082,21,3,4,37,8,0
1083,17,3,-3.5,23.5,-7,0
1084,22,5,2.5,60,5,0
1085,12,2,7,20,14,0
1086,7,1,2,6,4,0
1087,12,1,-0.5,6,-1,0
1088,13,1,3,10,6,0
1089,17,3,-3,24,-6,0
1090,22,2,9.5,32.5,19,0
1091,17,2,2,20,4,0
1092,16,3,5,30.5,10,0
1093,20,3,13,44.5,26,0
1094,17,3,-1,26,-2,0
1095,16,0,0,0,0,0
1096,11,1,-1.5,4.5,-3,0
1097,17,1,7,16,14,0
1098,17,2,4.5,22.5,9,0
1099,18,1,1,10.5,2,0
1100,7,1,-2.5,1.5,-5,0
1101,20,4,-4.5,37.5,-9,0
1102,16,4,-6.5,27.5,-13,0
1103,21,2,6,28,12,0
1104,17,3,3.5,30.5,7,0
1105,16,2,5.5,22.5,11,0
1106,15,2,-7.5,8.5,-15,0
1107,23,3,3,39,6,0
1108,12,2,-3,10,-6,0
1109,11,0,0,0,0,0
1110,12,3,3,22.5,6,0
1111,17,4,4.5,40.5,9,0
1112,8,1,2.5,7,5,0
1113,12,1,-5.5,1,-11,0
1114,18,2,2,21,4,0
1115,20,3,2,33.5,4,0
1116,17,2,0,18,0,0
1117,16,1,-2.5,6,-5,0
1118,16,3,8.5,34,17,0
1119,18,1,5.5,15,11,0
1120,22,4,-4,42,-8,0
1121,16,2,-7,10,-14,0
1122,17,2,8.5,26.5,17,0
1123,22,2,4.5,27.5,9,0
1124,18,2,9.5,28.5,19,0
1125,16,3,7.5,33,15,0
1126,17,2,-9.5,8.5,-19,0
1127,21,5,-20,35,-40,0
1128,17,2,-5,13,-10,0
1129,17,1,2,11,4,0
1130,21,4,-6.5,37.5,-13,0
1131,16,2,3,20,6,0
1132,21,4,-4,40,-8,0
1133,20,2,0,21,0,0
1134,16,4,-3.5,30.5,-7,0
1135,12,1,3.5,10,7,0
1136,12,0,0,0,0,0
1137,23,4,10.5,58.5,21,0
1138,18,4,15,53,30,0
1139,11,2,1,13,2,0
1140,12,3,-2.5,17,-5,0
1141,20,3,9.5,41,19,0
1142,17,3,-5.5,21.5,-11,0
1143,16,3,3,28.5,6,0
1144,10,1,-1.5,4,-3,0
1145,18,3,6,34.5,12,0
1146,18,2,4.5,23.5,9,0
1147,20,4,15,57,30,0
1148,12,2,-4,9,-8,0
1149,13,2,-5,9,-10,0
1150,21,5,6,61,12,0
1151,7,2,0.5,8.5,1,0
1152,17,3,-7,20,-14,0
1153,21,2,-1,21,-2,0
1154,22,1,-4.5,7,-9,0
1155,12,1,-0.5,6,-1,0
1156,14,2,-3.5,11.5,-7,0
1157,17,3,-8,19,-16,0
1158,16,3,3.5,29,7,0
1159,17,1,-6,3,-12,0
1160,11,3,7.5,25.5,15,0
1161,20,0,0,0,0,0
1162,8,1,-3,1.5,-6,0
1163,21,2,-3.5,18.5,-7,0
1164,13,2,-9,5,-18,0
1165,16,4,7,41,14,0
1166,15,1,-5.5,2.5,-11,0
1167,22,2,-5.5,17.5,-11,0
1168,21,4,-3.5,40.5,-7,0
1169,21,1,-0.5,10.5,-1,0
1170,17,1,8,17,16,0
1171,13,1,6,13,12,0
1172,17,1,-3.5,5.5,-7,0
1173,16,2,-2.5,14.5,-5,0
1174,12,2,-1,12,-2,0
1175,20,2,-9,12,-18,0
1176,17,0,0,0,0,0
1177,16,2,-2.5,14.5,-5,0
1178,16,3,1.5,27,3,0
1179,22,3,-5.5,29,-11,0
1180,16,1,0,8.5,0,0
1181,20,3,-1.5,30,-3,0
1182,17,5,-3,42,-6,0
1183,13,2,-7,7,-14,0
1184,17,4,-3.5,32.5,-7,0
1185,22,2,3.5,26.5,7,0
1186,15,3,-11.5,12.5,-23,0
1187,12,1,-1.5,5,-3,0
1188,20,3,15.5,47,31,0
1189,17,3,-9,18,-18,0
1190,11,2,4,16,8,0
1191,16,0,0,0,0,0
1192,13,2,3,17,6,0
1193,11,3,-5.5,12.5,-11,0
1194,11,0,0,0,0,0
1195,13,2,11,25,22,0
1196,17,1,6,15,12,0
1197,16,2,-6,11,-12,0
1198,21,3,-2,31,-4,0
1199,20,2,-2.5,18.5,-5,0
1200,22,4,-3.5,42.5,-7,0
1201,17,2,-2,16,-4,0
1202,16,2,-1.5,15.5,-3,0
1203,22,2,5.5,28.5,11,0
1204,16,3,-4,21.5,-8,0
1205,16,3,-11.5,14,-23,0
1206,13,2,-0.5,13.5,-1,0
1207,17,1,-8,1,-16,0
1208,21,2,-8.5,13.5,-17,0
1209,15,4,2.5,34.5,5,0
1210,16,3,2.5,28,5,0
1211,11,0,0,0,0,0
1212,20,3,-24,7.5,-48,0
1213,13,2,0.5,14.5,1,0
1214,16,1,-3.5,5,-7,0
1215,16,2,12.5,29.5,25,0
1216,18,4,5,43,10,0
1217,13,1,1,8,2,0
1218,16,2,2,19,4,0
1219,18,3,1.5,30,3,0
1220,17,2,-11,7,-22,0
1221,18,2,12,31,24,0
1222,11,0,0,0,0,0
1223,13,0,0,0,0,0
1224,20,1,-9.5,1,-19,0
1225,21,4,-22,22,-44,0
1226,17,1,-3,6,-6,0
1227,16,4,2,36,4,0
1228,8,2,1.5,10.5,3,0
1229,17,1,8,17,16,0
1230,17,3,-10,17,-20,0
1231,12,3,10,29.5,20,0
1232,13,1,0.5,7.5,1,0
1233,17,2,-10,8,-20,0
1234,12,2,2,15,4,0
1235,13,2,2,16,4,0
1236,21,2,-6,16,-12,0
1237,17,0,0,0,0,0
1238,12,1,4.5,11,9,0
