draw,main1,main2,main3,main4,main5,main6,winner_count_1st
1,10,23,29,33,37,40,0
2,9,13,21,25,32,42,1
3,11,16,19,21,27,31,1
4,14,27,30,31,40,42,0
5,16,24,29,40,41,42,0
6,14,15,26,27,40,42,1
7,2,9,16,25,26,40,0
8,8,19,25,34,37,39,0
9,2,4,16,17,36,39,0
10,9,25,30,33,41,44,13
11,1,7,36,37,41,42,5
12,2,11,21,25,39,45,12
13,22,23,25,37,38,42,0
14,2,6,12,31,33,40,4
15,3,4,16,30,31,37,1
16,6,7,24,37,38,40,4
17,3,4,9,17,32,37,3
18,3,12,13,19,32,35,0
19,6,30,38,39,40,43,1
20,10,14,18,20,23,30,1
21,6,12,17,18,31,32,23
22,4,5,6,8,17,39,4
23,5,13,17,18,33,42,4
24,7,8,27,29,36,43,0
25,2,4,21,26,43,44,2
26,4,5,7,18,20,25,5
27,1,20,26,28,37,43,2
28,9,18,23,25,35,37,10
29,1,5,13,34,39,40,5
30,8,17,20,35,36,44,2
31,7,9,18,23,28,35,2
32,6,14,19,25,34,44,10
33,4,7,32,33,40,41,1
34,9,26,35,37,40,42,5
35,2,3,11,26,37,43,3
36,1,10,23,26,28,40,1
37,7,27,30,33,35,37,3
38,16,17,22,30,37,43,3
39,6,7,13,15,21,43,6
40,7,13,18,19,25,26,13
41,13,20,23,35,38,43,0
42,17,18,19,21,23,32,6
43,6,31,35,38,39,44,1
44,3,11,21,30,38,45,5
45,1,10,20,27,33,35,2
46,8,13,15,23,31,38,3
47,14,17,26,31,36,45,5
48,6,10,18,26,37,38,6
49,4,7,16,19,33,40,7
50,2,10,12,15,22,44,3
51,2,3,11,16,26,44,6
52,2,4,15,16,20,29,4
53,7,8,14,32,33,39,3
54,1,8,21,27,36,39,3
55,17,21,31,37,40,44,2
56,10,14,30,31,33,37,4
57,7,10,16,25,29,44,4
58,10,24,25,33,40,44,4
59,6,29,36,39,41,45,4
60,2,8,25,36,39,42,7
61,14,15,19,30,38,43,5
62,3,8,15,27,29,35,1
63,3,20,23,36,38,40,2
64,14,15,18,21,26,36,4
65,4,25,33,36,40,43,4
66,2,3,7,17,22,24,4
67,3,7,10,15,36,38,7
68,10,12,15,16,26,39,5
69,5,8,14,15,19,39,3
70,5,19,22,25,28,43,3
71,5,9,12,16,29,41,0
72,2,4,11,17,26,27,13
73,3,12,18,32,40,43,6
74,6,15,17,18,35,40,3
75,2,5,24,32,34,44,4
76,1,3,15,22,25,37,2
77,2,18,29,32,43,44,3
78,10,13,25,29,33,35,4
79,3,12,24,27,30,32,4
80,17,18,24,25,26,30,1
81,5,7,11,13,20,33,5
82,1,2,3,14,27,42,1
83,6,10,15,17,19,34,2
84,16,23,27,34,42,45,2
85,6,8,13,23,31,36,4
86,2,12,37,39,41,45,1
87,4,12,16,23,34,43,11
88,1,17,20,24,30,41,4
89,4,26,28,29,33,40,3
90,17,20,29,35,38,44,4
91,1,21,24,26,29,42,4
92,3,14,24,33,35,36,11
93,6,22,24,36,38,44,6
94,5,32,34,40,41,45,6
95,8,17,27,31,34,43,8
96,1,3,8,21,22,31,7
97,6,7,14,15,20,36,9
98,6,9,16,23,24,32,4
99,1,3,10,27,29,37,6
100,1,7,11,23,37,42,4
101,1,3,17,32,35,45,5
102,17,22,24,26,35,40,9
103,5,14,15,27,30,45,8
104,17,32,33,34,42,44,2
105,8,10,20,34,41,45,4
106,4,10,12,22,24,33,16
107,1,4,5,6,9,31,2
108,7,18,22,23,29,44,7
109,1,5,34,36,42,44,12
110,7,20,22,23,29,43,3
111,7,18,31,33,36,40,6
112,26,29,30,33,41,42,9
113,4,9,28,33,36,45,9
114,11,14,19,26,28,41,6
115,1,2,6,9,25,28,9
116,2,4,25,31,34,37,7
117,5,10,22,34,36,44,9
118,3,4,10,17,19,22,10
119,3,11,13,14,17,21,9
120,4,6,10,11,32,37,3
121,12,28,30,34,38,43,2
122,1,11,16,17,36,40,9
123,7,17,18,28,30,45,5
124,4,16,23,25,29,42,9
125,2,8,32,33,35,36,7
126,7,20,22,27,40,43,9
127,3,5,10,29,32,43,6
128,12,30,34,36,37,45,6
129,19,23,25,28,38,42,11
130,7,19,24,27,42,45,4
131,8,10,11,14,15,21,8
132,3,17,23,34,41,45,4
133,4,7,15,18,23,26,8
134,3,12,20,23,31,35,5
135,6,14,22,28,35,39,7
136,2,16,30,36,41,42,6
137,7,9,20,25,36,39,9
138,10,11,27,28,37,39,5
139,9,11,15,20,28,43,7
140,3,13,17,18,19,28,5
141,8,12,29,31,42,43,6
142,12,16,30,34,40,44,11
143,26,27,28,42,43,45,3
144,4,15,17,26,36,37,8
145,2,3,13,20,27,44,3
146,2,19,27,35,41,42,2
147,4,6,13,21,40,42,7
148,21,25,33,34,35,36,5
149,2,11,21,34,41,42,7
150,2,18,25,28,37,39,4
151,1,2,10,13,18,19,4
152,1,5,13,26,29,34,5
153,3,8,11,12,13,36,4
154,6,19,21,35,40,45,4
155,16,19,20,32,33,41,9
156,5,18,28,30,42,45,8
157,19,26,30,33,35,39,2
158,4,9,13,18,21,34,10
159,1,18,30,41,42,43,6
160,3,7,8,34,39,41,2
161,22,34,36,40,42,45,7
162,1,5,21,25,38,41,5
163,7,11,26,28,29,44,7
164,6,9,10,11,39,41,3
165,5,13,18,19,22,42,2
166,9,12,27,36,39,45,11
167,24,27,28,30,36,39,5
168,3,10,31,40,42,43,5
169,16,27,35,37,43,45,5
170,2,11,13,15,31,42,6
171,4,16,25,29,34,35,6
172,4,19,21,24,26,41,11
173,3,9,24,30,33,34,8
174,13,14,18,22,35,39,7
175,19,26,28,31,33,36,5
176,4,17,30,32,33,34,5
177,1,10,13,16,37,43,7
178,1,5,11,12,18,23,5
179,5,9,17,25,39,43,10
180,2,15,20,21,29,34,2
181,14,21,23,32,40,45,6
182,13,15,27,29,34,40,3
183,2,18,24,34,40,42,6
184,1,2,6,16,20,33,6
185,1,2,4,8,19,38,3
186,4,10,14,19,21,45,9
187,1,2,8,18,29,38,7
188,19,24,27,30,31,34,3
189,8,14,32,35,37,45,3
190,8,14,18,30,31,44,6
191,5,6,24,25,32,37,4
192,4,8,11,18,37,45,4
193,6,14,18,26,36,39,3
194,15,20,23,26,39,44,4
195,7,10,19,22,35,40,11
196,35,36,37,41,44,45,15
197,7,12,16,34,42,45,6
198,12,19,20,25,41,45,6
199,14,21,22,25,30,36,2
200,5,6,13,14,17,20,8
201,3,11,24,38,39,44,1
202,12,14,27,33,39,44,6
203,1,3,11,24,30,32,5
204,3,12,14,35,40,45,8
205,1,3,21,29,35,37,6
206,1,2,3,15,20,25,5
207,3,11,14,31,32,37,5
208,14,25,31,34,40,44,6
209,2,7,18,20,24,33,6
210,10,19,22,23,25,37,2
211,12,13,17,20,33,41,10
212,11,12,18,21,31,38,4
213,2,3,4,5,20,24,8
214,5,7,20,25,28,37,8
215,2,3,7,15,43,44,7
216,7,16,17,33,36,40,13
217,16,20,27,33,35,39,7
218,1,8,14,18,29,44,4
219,4,11,20,26,35,37,9
220,5,11,19,21,34,43,6
221,2,20,33,35,37,40,6
222,5,7,28,29,39,43,5
223,1,3,18,20,26,27,7
224,4,19,26,27,30,42,6
225,5,11,13,19,31,36,6
226,2,6,8,14,21,22,6
227,4,5,15,16,22,42,2
228,17,25,35,36,39,44,9
229,4,5,9,11,23,38,7
230,5,11,14,29,32,33,8
231,5,10,19,31,44,45,9
232,8,9,10,12,24,44,9
233,4,6,13,17,28,40,10
234,13,21,22,24,26,37,4
235,21,22,26,27,31,37,3
236,1,4,8,13,37,39,2
237,1,11,17,21,24,44,7
238,2,4,15,28,31,34,9
239,11,15,24,39,41,44,9
240,6,10,16,40,41,43,2
241,2,16,24,27,28,35,4
242,4,19,20,21,32,34,8
243,2,12,17,19,28,42,4
244,13,16,25,36,37,38,1
245,9,11,27,31,32,38,7
246,13,18,21,23,26,39,5
247,12,15,28,36,39,40,6
248,3,8,17,23,38,45,8
249,3,8,27,31,41,44,6
250,19,23,30,37,43,45,5
251,6,7,19,25,28,38,8
252,14,23,26,31,39,45,7
253,8,19,25,31,34,36,4
254,1,5,19,20,24,30,1
255,1,5,6,24,27,42,6
256,4,11,14,21,23,43,2
257,6,13,27,31,32,37,4
258,14,27,30,31,38,40,4
259,4,5,14,35,42,45,2
260,7,12,15,24,37,40,4
261,6,11,16,18,31,43,3
262,9,12,24,25,29,31,2
263,1,27,28,32,37,40,6
264,9,16,27,36,41,44,7
265,5,9,34,37,38,39,8
266,3,4,9,11,22,42,3
267,7,8,24,34,36,41,3
268,3,10,19,24,32,45,7
269,5,18,20,36,42,43,5
270,5,9,12,20,21,26,5
271,3,8,9,27,29,40,6
272,7,9,12,27,39,43,9
273,1,8,24,31,34,44,3
274,13,14,15,26,35,39,4
275,14,19,20,35,38,40,1
276,4,15,21,33,39,41,3
277,10,12,13,15,25,29,3
278,3,11,37,39,41,43,3
279,7,16,31,36,37,38,5
280,10,11,23,24,36,37,7
281,1,3,4,6,14,41,6
282,2,5,10,18,31,32,7
283,6,8,18,31,38,45,3
284,2,7,15,24,30,45,3
285,13,33,37,40,41,45,3
286,1,15,19,40,42,44,3
287,6,12,24,27,35,37,7
288,1,12,17,28,35,41,4
289,3,14,33,37,38,42,0
290,8,13,18,32,39,45,13
291,3,7,8,18,20,42,7
292,17,18,31,32,33,34,14
293,1,9,17,21,29,33,6
294,6,10,17,30,37,38,4
295,1,4,12,16,18,38,0
296,3,8,15,27,30,45,8
297,6,11,19,20,28,32,2
298,5,9,27,29,37,40,1
299,1,3,20,25,36,45,7
300,7,9,10,12,26,38,12
301,7,11,13,33,37,43,7
302,13,19,20,32,38,42,2
303,2,14,17,30,38,45,6
304,4,10,16,26,33,41,6
305,7,8,18,21,23,39,5
306,4,18,23,30,34,41,5
307,5,15,21,23,25,45,4
308,14,15,17,19,37,45,1
309,1,2,5,11,18,36,11
310,1,5,19,28,34,41,8
311,4,12,24,27,28,32,8
312,2,3,5,6,12,20,15
313,9,17,34,35,43,45,6
314,15,17,19,34,38,41,6
315,1,13,33,35,43,45,8
316,10,11,21,27,31,39,6
317,3,10,11,22,36,39,4
318,2,17,19,20,34,45,9
319,5,8,22,28,33,42,5
320,16,19,23,25,41,45,2
321,12,18,20,21,25,34,6
322,9,18,29,32,38,43,6
323,10,14,15,32,36,42,8
324,2,4,21,25,33,36,6
325,7,17,20,32,44,45,6
326,16,23,25,33,36,39,6
327,6,12,13,17,32,44,12
328,1,6,9,16,17,28,6
329,9,17,19,30,35,42,6
330,3,4,16,17,19,20,9
331,4,9,14,26,31,44,5
332,16,17,34,36,42,45,8
333,5,14,27,30,39,43,7
334,13,15,21,29,39,43,7
335,5,9,16,23,26,45,5
336,3,5,20,34,35,44,6
337,1,5,14,18,32,37,8
338,2,13,34,38,42,45,3
339,6,8,14,21,30,37,9
340,18,24,26,29,34,38,7
341,1,8,19,34,39,43,7
342,1,13,14,33,34,43,3
343,1,10,17,29,31,43,6
344,1,2,15,28,34,45,7
345,15,20,23,29,39,42,2
346,5,13,14,22,44,45,5
347,3,8,13,27,32,42,7
348,3,14,17,20,24,31,3
349,5,13,14,20,24,25,3
350,1,8,18,24,29,33,9
351,5,25,27,29,34,36,4
352,5,16,17,20,26,41,6
353,11,16,19,22,29,36,2
354,14,19,36,43,44,45,5
355,5,8,29,30,35,44,5
356,2,8,14,25,29,45,9
357,10,14,18,21,36,37,2
358,1,9,10,12,21,40,3
359,1,10,19,20,24,40,8
360,4,16,23,25,35,40,3
361,5,10,16,24,27,35,7
362,2,3,22,27,30,40,6
363,11,12,14,21,32,38,4
364,2,5,7,14,16,40,4
365,5,15,21,25,26,30,1
366,5,12,19,26,27,44,2
367,3,22,25,29,32,44,7
368,11,21,24,30,39,45,7
369,17,20,35,36,41,43,6
370,16,18,24,42,44,45,7
371,7,9,15,26,27,42,7
372,8,11,14,16,18,21,9
373,15,26,37,42,43,45,4
374,11,13,15,17,25,34,2
375,4,8,19,25,27,45,7
376,1,11,13,24,28,40,6
377,6,22,29,37,43,45,3
378,5,22,29,31,34,39,5
379,6,10,22,31,35,40,7
380,1,2,8,17,26,37,4
381,1,5,10,12,16,20,19
382,10,15,22,24,27,42,6
383,4,15,28,33,37,40,3
384,11,22,24,32,36,38,3
385,7,12,19,21,29,32,7
386,4,7,10,19,31,40,10
387,1,26,31,34,40,43,4
388,1,8,9,17,29,32,4
389,7,16,18,20,23,26,5
390,16,17,28,37,39,40,1
391,10,11,18,22,28,39,1
392,1,3,7,8,24,42,6
393,9,16,28,40,41,43,8
394,1,13,20,22,25,28,1
395,11,15,20,26,31,35,7
396,18,20,31,34,40,45,2
397,12,13,17,22,25,33,3
398,10,15,20,23,42,44,4
399,1,2,9,17,19,42,8
400,9,21,27,34,41,43,4
401,6,12,18,31,38,43,9
402,5,9,15,19,22,36,4
403,10,14,22,24,28,37,5
404,5,20,21,24,33,40,3
405,1,2,10,25,26,44,3
406,7,12,21,24,27,36,5
407,6,7,13,16,24,25,7
408,9,20,21,22,30,37,5
409,6,9,21,31,32,40,4
410,1,3,18,32,40,41,9
411,11,14,22,35,37,39,12
412,4,7,39,41,42,45,7
413,2,9,15,23,34,40,4
414,2,14,15,22,23,44,1
415,7,17,20,26,30,40,8
416,5,6,8,11,22,26,10
417,4,5,14,20,22,43,4
418,11,13,15,26,28,34,8
419,2,11,13,14,28,30,3
420,4,9,10,29,31,34,8
421,6,11,26,27,28,44,5
422,8,15,19,21,34,44,6
423,1,17,27,28,29,40,3
424,10,11,26,31,34,44,10
425,8,10,14,27,33,38,8
426,4,17,18,27,39,43,4
427,6,7,15,24,28,30,1
428,12,16,19,22,37,40,9
429,3,23,28,34,39,42,9
430,1,3,16,18,30,34,8
431,18,22,25,31,38,45,10
432,2,3,5,11,27,39,5
433,19,23,29,33,35,43,11
434,3,13,20,24,33,37,8
435,8,16,26,30,38,45,10
436,9,14,20,22,33,34,8
437,11,16,29,38,41,44,6
438,6,12,20,26,29,38,9
439,17,20,30,31,37,40,6
440,10,22,28,34,36,44,6
441,1,23,28,30,34,35,4
442,25,27,29,36,38,40,9
443,4,6,10,19,20,44,9
444,11,13,23,35,43,45,3
445,13,20,21,30,39,45,7
446,1,11,12,14,26,35,3
447,2,7,8,9,17,33,4
448,3,7,13,27,40,41,3
449,3,10,20,26,35,43,3
450,6,14,19,21,23,31,6
451,12,15,20,24,30,38,13
452,8,10,18,30,32,34,9
453,12,24,33,38,40,42,5
454,13,25,27,34,38,41,7
455,4,19,20,26,30,35,7
456,1,7,12,18,23,27,7
457,8,10,18,23,27,40,10
458,4,9,10,32,36,40,8
459,4,6,10,14,25,40,7
460,8,11,28,30,43,45,4
461,11,18,26,31,37,40,6
462,3,20,24,32,37,45,8
463,23,29,31,33,34,44,0
464,6,12,15,34,42,44,13
465,1,8,11,13,22,38,7
466,4,10,13,23,32,44,9
467,2,12,14,17,24,40,9
468,8,13,15,28,37,43,9
469,4,21,22,34,37,38,4
470,10,16,20,39,41,42,3
471,6,13,29,37,39,41,7
472,16,25,26,31,36,43,7
473,8,13,20,22,23,36,4
474,4,13,18,31,33,45,15
475,1,9,14,16,21,29,8
476,9,12,13,15,37,38,4
477,14,25,29,32,33,45,8
478,18,29,30,37,39,43,14
479,8,23,25,27,35,44,6
480,3,5,10,17,30,31,4
481,3,4,23,29,40,41,3
482,1,10,16,24,25,35,7
483,12,15,19,22,28,34,5
484,1,3,27,28,32,45,6
485,17,22,26,27,36,39,9
486,1,2,23,25,38,40,13
487,4,8,25,27,37,41,8
488,2,8,17,30,31,38,10
489,2,4,8,15,20,27,6
490,2,7,26,29,40,43,7
491,8,17,35,36,39,42,4
492,22,27,31,35,37,40,5
493,20,22,26,33,36,37,9
494,5,7,8,15,30,43,12
495,4,13,22,27,34,44,6
496,4,13,20,29,36,41,4
497,19,20,23,24,43,44,6
498,13,14,24,32,39,41,4
499,5,20,23,27,35,40,3
500,3,4,12,20,24,34,9
501,1,4,10,17,31,42,4
502,6,22,28,32,34,40,6
503,1,5,27,30,34,36,7
504,6,14,22,26,43,44,9
505,7,20,22,25,38,40,6
506,6,9,11,22,24,30,3
507,12,13,32,33,40,41,9
508,5,27,31,34,35,43,8
509,12,25,29,35,42,43,5
510,12,29,32,33,39,40,5
511,3,7,14,23,26,42,6
512,4,5,9,13,26,27,13
513,5,8,21,23,27,33,3
514,1,15,20,26,35,42,3
515,2,11,12,15,23,37,1
516,2,8,23,41,43,44,11
517,1,9,12,28,36,41,5
518,14,23,30,32,34,38,6
519,6,8,13,16,30,43,7
520,4,22,27,28,38,40,6
521,3,7,18,29,32,36,8
522,4,5,13,14,37,41,6
523,1,4,37,38,40,45,7
524,10,11,29,38,41,45,4
525,11,23,26,29,39,44,9
526,7,14,17,20,35,39,9
527,1,12,22,32,33,42,13
528,5,17,25,31,39,40,11
529,18,20,24,27,31,42,8
530,16,23,27,29,33,41,11
531,1,5,9,21,27,35,9
532,16,17,23,24,29,44,7
533,9,14,15,17,31,33,8
534,10,24,26,29,37,38,1
535,11,12,14,15,18,39,3
536,7,8,18,32,37,43,11
537,12,23,26,30,36,43,7
538,6,10,18,31,32,34,3
539,3,19,22,31,42,43,9
540,3,12,13,15,34,36,7
541,8,13,26,28,32,34,11
542,5,6,19,26,41,45,6
543,13,18,26,31,34,44,12
544,5,17,21,25,36,44,13
545,4,24,25,27,34,35,11
546,8,17,20,27,37,43,30
547,6,7,15,22,34,39,5
548,1,12,13,21,32,45,8
549,29,31,35,38,40,44,8
550,1,7,14,20,34,37,11
551,3,6,20,24,27,44,1
552,1,10,20,32,35,40,10
553,2,7,17,28,29,39,6
554,13,14,17,32,41,42,2
555,11,17,21,24,26,36,8
556,12,20,23,28,30,44,7
557,4,20,26,28,35,40,7
558,12,15,19,26,40,43,10
559,11,12,25,32,44,45,7
560,1,4,20,23,29,45,7
561,5,7,18,37,42,45,5
562,4,11,13,17,20,31,11
563,5,10,16,17,31,32,7
564,14,19,25,26,27,34,7
565,4,10,18,27,40,45,8
566,4,5,6,25,26,43,4
567,1,10,15,16,32,41,6
568,1,3,17,20,31,44,10
569,3,6,13,23,24,35,4
570,1,12,26,27,29,33,9
571,11,18,21,26,38,43,7
572,3,13,18,33,37,45,8
573,2,4,20,34,35,43,8
574,14,15,16,19,25,43,2
575,2,8,20,30,33,34,8
576,10,11,15,25,35,41,3
577,16,17,22,31,34,37,3
578,5,12,14,32,34,42,5
579,5,7,20,22,37,42,11
580,5,7,9,11,32,35,7
581,3,5,14,20,42,44,8
582,2,12,14,33,40,41,4
583,8,17,27,33,40,44,11
584,7,18,30,39,40,41,3
585,6,7,10,16,38,41,9
586,2,7,12,15,21,34,8
587,14,21,29,31,32,37,3
588,2,8,15,22,25,41,5
589,6,8,28,33,38,39,7
590,20,30,36,38,41,45,7
591,8,13,14,30,38,39,5
592,2,5,6,13,28,44,6
593,9,10,13,24,33,38,9
594,2,8,13,25,28,37,11
595,8,24,28,35,38,40,8
596,3,4,12,14,25,43,10
597,8,10,23,24,35,43,13
598,4,12,24,33,38,45,16
599,5,12,17,29,34,35,8
600,5,11,14,27,29,36,15
601,2,16,19,31,34,35,9
602,13,14,22,27,30,38,8
603,2,19,25,26,27,43,4
604,2,6,18,21,33,34,11
605,1,2,7,9,10,38,9
606,1,5,6,14,20,39,10
607,8,14,23,36,38,39,4
608,4,8,18,19,39,44,7
609,4,8,27,34,39,40,2
610,14,18,20,23,28,36,4
611,2,22,27,33,36,37,4
612,6,9,18,19,25,33,11
613,7,8,11,16,41,44,9
614,8,21,25,39,40,44,6
615,10,17,18,19,23,27,9
616,5,13,18,23,40,45,9
617,4,5,11,12,24,27,8
618,8,16,25,30,42,43,5
619,6,8,13,30,35,40,3
620,2,16,17,32,39,45,7
621,1,2,6,16,19,42,6
622,9,15,16,21,28,34,9
623,7,13,30,39,41,45,8
624,1,7,19,26,27,35,5
625,3,6,7,20,21,39,5
626,13,14,26,33,40,43,8
627,2,9,22,25,31,45,10
628,1,7,12,15,23,42,9
629,19,28,31,38,43,44,5
630,8,17,21,24,27,31,3
631,1,2,4,23,31,34,4
632,15,18,21,32,35,44,11
633,9,12,19,20,39,41,12
634,4,10,11,12,20,27,13
635,11,13,25,26,29,33,8
636,6,7,15,16,20,31,8
637,3,16,22,37,38,44,4
638,7,18,22,24,31,34,7
639,6,15,22,23,25,32,4
640,14,15,18,21,26,35,9
641,11,18,21,36,37,43,8
642,8,17,18,24,39,45,12
643,15,24,31,32,33,40,6
644,5,13,17,23,28,36,8
645,1,4,16,26,40,41,4
646,2,9,24,41,43,45,7
647,5,16,21,23,24,30,7
648,13,19,28,37,38,43,7
649,3,21,22,33,41,42,5
650,3,4,7,11,31,41,5
651,11,12,16,26,29,44,8
652,3,13,15,40,41,44,5
653,5,6,26,27,38,39,14
654,16,21,26,31,36,43,8
655,7,37,38,39,40,44,9
656,3,7,14,16,31,40,2
657,10,14,19,39,40,43,9
658,8,19,25,28,32,36,9
659,7,18,19,27,29,42,11
660,4,9,23,33,39,44,10
661,2,3,12,20,27,38,8
662,5,6,9,11,15,37,8
663,3,5,8,19,38,42,7
664,10,20,33,36,41,44,10
665,5,6,11,17,38,44,4
666,2,4,6,11,17,28,6
667,15,17,25,37,42,43,7
668,12,14,15,24,27,32,5
669,7,8,20,29,33,38,6
670,11,18,26,27,40,41,12
671,7,9,10,13,31,35,4
672,8,21,28,31,36,45,9
673,7,10,17,29,33,44,10
674,9,10,14,25,27,31,8
675,1,8,11,15,18,45,4
676,1,8,17,34,39,45,8
677,12,15,24,36,41,44,8
678,4,5,6,12,25,37,6
679,3,5,7,14,26,34,5
680,4,10,19,29,32,42,14
681,21,24,27,29,43,44,6
682,17,23,27,35,38,43,4
683,6,13,20,27,28,40,16
684,1,11,15,17,25,39,9
685,6,7,12,28,38,40,11
686,7,12,15,24,25,43,8
687,1,8,10,13,28,42,6
688,5,15,22,23,34,35,9
689,7,17,19,30,36,38,7
690,24,25,33,34,38,39,15
691,15,27,33,35,43,45,6
692,3,11,14,15,32,36,7
693,1,6,11,28,34,42,10
694,7,15,20,25,33,43,10
695,4,18,26,33,34,38,11
696,1,7,16,18,34,38,10
697,2,5,8,11,33,39,10
698,3,11,13,21,33,37,8
699,4,5,8,16,21,29,8
700,11,23,28,29,30,44,8
701,3,10,14,16,36,38,10
702,3,13,16,24,26,29,11
703,10,28,31,33,41,44,5
704,1,4,8,23,33,42,4
705,1,6,17,22,28,45,4
706,3,4,6,10,28,30,4
707,2,12,19,24,39,44,12
708,2,10,16,19,34,45,4
709,10,18,30,36,39,44,14
710,3,4,9,24,25,33,5
711,11,15,24,35,37,45,7
712,17,20,30,31,33,45,4
713,2,5,15,18,19,23,9
714,1,7,22,33,37,40,7
715,2,7,27,33,41,44,6
716,2,6,13,16,29,30,12
717,2,11,19,25,28,32,6
718,4,11,20,23,32,39,17
719,4,8,13,19,20,43,9
720,1,12,29,34,36,37,14
721,1,28,35,41,43,44,8
722,12,14,21,30,39,43,4
723,20,30,33,35,36,44,8
724,2,8,33,35,37,41,12
725,6,7,19,21,41,43,11
726,1,11,21,23,34,44,14
727,7,8,10,19,21,31,14
728,3,6,10,30,34,37,5
729,11,17,21,26,36,45,4
730,4,10,14,15,18,22,8
731,2,7,13,25,42,45,7
732,2,4,5,17,27,32,7
733,11,24,32,33,35,40,4
734,6,16,37,38,41,45,9
735,5,10,13,27,37,41,10
736,2,11,17,18,21,27,5
737,13,15,18,24,27,41,4
738,23,27,28,38,42,43,11
739,7,22,29,33,34,35,4
740,4,8,9,16,17,19,18
741,5,21,27,34,44,45,6
742,8,10,13,36,37,40,16
743,15,19,21,34,41,44,7
744,10,15,18,21,34,41,15
745,1,2,3,9,12,23,20
746,3,12,33,36,42,45,9
747,7,9,12,14,23,28,9
748,3,10,13,22,31,32,9
749,12,14,24,26,34,45,13
750,1,2,15,19,24,36,7
751,3,4,16,20,28,44,8
752,4,16,20,33,40,43,9
753,2,17,19,24,37,41,6
754,2,8,17,24,29,31,5
755,13,14,26,28,30,36,8
756,10,14,16,18,27,28,5
757,6,7,11,17,33,44,21
758,5,9,12,30,39,43,8
759,9,33,36,40,42,43,6
760,10,22,27,31,42,43,8
761,4,7,11,24,42,45,7
762,1,3,12,21,26,41,10
763,3,8,16,32,34,43,8
764,7,22,24,31,34,36,7
765,1,3,8,12,42,43,15
766,9,30,34,35,39,41,8
767,5,15,20,31,34,42,15
768,7,27,29,30,38,44,13
769,5,7,11,16,41,45,9
770,1,9,12,23,39,43,8
771,6,10,17,18,21,29,4
772,5,6,11,14,21,41,10
773,8,12,19,21,31,35,11
774,12,15,18,28,34,42,11
775,11,12,29,33,38,42,5
776,8,9,18,21,28,40,7
777,6,12,17,21,34,37,21
778,6,21,35,36,37,41,3
779,6,12,19,24,34,41,11
780,15,17,19,21,27,45,11
781,11,16,18,19,24,39,9
782,6,18,31,34,38,45,9
783,14,15,16,17,38,45,4
784,3,10,23,24,31,39,9
785,4,6,15,25,26,33,6
786,12,15,16,20,24,30,4
787,5,6,13,16,27,28,6
788,2,10,11,19,35,39,13
789,2,6,7,12,19,45,15
790,3,8,19,27,30,41,16
791,2,10,12,31,33,42,14
792,2,7,19,25,29,36,7
793,10,15,21,35,38,43,5
794,6,7,18,19,30,38,7
795,3,10,13,26,34,38,11
796,1,21,26,36,40,41,7
797,5,22,31,32,39,45,8
798,2,10,14,22,32,36,7
799,12,17,23,34,42,45,10
800,1,4,10,12,28,45,11
801,17,25,28,37,43,44,8
802,10,11,12,18,24,42,16
803,5,9,14,26,30,43,5
804,1,10,13,26,32,36,11
805,3,12,13,18,31,32,4
806,14,20,23,31,37,38,7
807,6,10,18,25,34,35,7
808,15,21,31,32,41,43,6
809,6,11,15,17,23,40,6
810,5,10,13,21,39,43,8
811,8,11,19,21,36,45,7
812,1,3,12,14,16,43,6
813,11,30,34,35,42,44,4
814,2,21,28,38,42,45,6
815,17,21,25,26,27,36,7
816,12,18,19,29,31,39,8
817,3,9,12,13,25,43,9
818,14,15,25,28,29,30,13
819,16,25,33,38,40,45,7
820,10,21,22,30,35,42,4
821,1,12,13,24,29,44,14
822,9,18,20,24,27,36,3
823,12,18,24,26,39,40,9
824,7,9,24,29,34,38,15
825,8,15,21,31,33,38,12
826,13,16,24,25,33,36,9
827,5,11,12,29,33,44,15
828,4,7,13,29,31,39,13
829,4,5,31,35,43,45,8
830,5,6,16,18,37,38,9
831,3,10,16,19,31,39,16
832,13,14,19,26,40,43,9
833,12,18,30,39,41,42,8
834,6,8,18,35,42,43,11
835,9,10,13,28,38,45,15
836,1,9,11,14,26,28,14
837,2,25,28,30,33,45,6
838,9,14,17,33,36,38,5
839,3,9,11,12,13,19,13
840,2,4,11,28,29,43,10
841,5,11,14,30,33,38,17
842,14,26,32,36,39,42,10
843,19,21,30,33,34,42,5
844,7,8,13,15,33,45,18
845,1,16,29,33,40,45,11
846,5,18,30,41,43,45,13
847,12,16,26,28,30,42,8
848,1,2,16,22,38,39,7
849,5,13,17,29,34,39,17
850,16,20,24,28,36,39,6
851,14,18,22,26,31,44,8
852,11,17,28,30,33,35,4
853,2,8,23,26,27,44,7
854,20,25,31,32,36,43,6
855,8,15,17,19,43,44,9
856,10,24,40,41,43,44,5
857,6,10,16,28,34,38,15
858,9,13,32,38,39,43,9
859,8,22,35,38,39,41,11
860,4,8,18,25,27,32,10
861,11,17,19,21,22,25,4
862,10,34,38,40,42,43,9
863,16,21,28,35,39,43,7
864,3,7,10,13,25,36,11
865,3,15,22,32,33,45,13
866,9,15,29,34,37,39,9
867,14,17,19,22,24,40,5
868,12,17,28,41,43,44,6
869,2,6,20,27,37,39,10
870,21,25,30,32,40,42,10
871,2,6,12,26,30,34,7
872,2,4,30,32,33,43,16
873,3,5,12,13,33,39,10
874,1,15,19,23,28,42,18
875,19,22,30,34,39,44,14
876,5,16,21,26,34,42,19
877,5,17,18,22,23,43,12
878,2,6,11,16,25,31,6
879,1,4,10,14,15,35,6
880,7,17,19,23,24,45,7
881,4,18,20,26,27,32,8
882,18,34,39,43,44,45,5
883,9,18,32,33,37,44,15
884,4,14,23,28,37,45,12
885,1,3,24,27,39,45,13
886,19,23,28,37,42,45,7
887,8,14,17,27,36,45,8
888,3,7,12,31,34,38,8
889,3,13,29,38,39,42,10
890,1,4,14,18,29,37,9
891,9,13,28,31,39,41,7
892,4,9,17,18,26,42,17
893,1,15,17,23,25,41,9
894,19,32,37,40,41,43,9
895,16,26,31,38,39,41,12
896,5,12,25,26,38,45,7
897,6,7,12,22,26,36,13
898,18,21,28,35,37,42,8
899,8,19,20,21,33,39,6
900,7,13,16,18,35,38,6
901,5,18,20,23,30,34,9
902,7,19,23,24,36,39,13
903,2,15,16,21,22,28,13
904,2,6,8,26,43,45,8
905,3,4,16,27,38,40,7
906,2,5,14,28,31,32,9
907,21,27,29,38,40,44,7
908,3,16,21,22,23,44,8
909,7,24,29,30,34,35,11
910,1,11,17,27,35,39,21
911,4,5,12,14,32,42,10
912,5,8,18,21,22,38,14
913,6,14,16,21,27,37,16
914,16,19,24,33,42,44,11
915,2,6,11,13,22,37,6
916,6,21,22,32,35,36,11
917,1,3,23,24,27,43,10
918,7,11,12,31,33,38,18
919,9,14,17,18,42,44,5
920,2,3,26,33,34,43,7
921,5,7,12,22,28,41,17
922,2,6,13,17,27,43,6
923,3,17,18,23,36,41,8
924,3,11,34,42,43,44,9
925,13,24,32,34,39,42,12
926,10,16,18,20,25,31,10
927,4,15,22,38,41,43,6
928,3,4,10,20,28,44,7
929,7,9,12,15,19,23,16
930,8,21,25,38,39,44,8
931,14,15,23,25,35,43,8
932,1,6,15,36,37,38,7
933,23,27,29,31,36,45,8
934,1,3,30,33,36,39,4
935,4,10,20,32,38,44,13
936,7,11,13,17,18,29,14
937,2,10,13,22,29,40,11
938,4,8,10,16,31,36,10
939,4,11,28,39,42,45,13
940,3,15,20,22,24,41,8
941,12,14,25,27,39,40,16
942,10,12,18,35,42,43,6
943,1,8,13,36,44,45,7
944,2,13,16,19,32,33,13
945,9,10,15,30,33,37,13
946,9,18,19,30,34,40,11
947,3,8,17,20,27,35,18
948,13,18,30,31,38,41,11
949,14,21,35,36,40,44,10
950,3,4,15,22,28,40,8
951,2,12,30,31,39,43,14
952,4,12,22,24,33,41,9
953,7,9,22,27,37,42,14
954,1,9,26,28,30,41,10
955,4,9,23,26,29,33,12
956,10,11,20,21,25,41,11
957,4,15,24,35,36,40,11
958,2,9,10,16,35,37,15
959,1,14,15,24,40,41,8
960,2,18,24,30,32,45,10
961,11,20,29,31,33,42,9
962,1,18,28,31,34,43,12
963,6,12,19,23,34,42,15
964,6,21,36,38,39,43,10
965,2,13,25,28,29,36,7
966,1,21,25,29,34,37,10
967,1,6,13,37,38,40,4
968,2,5,12,14,24,39,13
969,3,9,10,29,40,45,20
970,9,11,16,21,28,36,14
971,2,6,17,18,21,26,6
972,3,6,17,23,37,39,20
973,22,26,31,37,41,42,8
974,1,2,11,16,39,44,17
975,7,8,9,17,22,24,9
976,4,12,14,25,35,37,7
977,2,9,10,14,22,44,14
978,1,7,15,32,34,42,10
979,7,11,16,21,27,33,14
980,3,13,16,23,24,35,7
981,27,36,37,41,43,45,13
982,5,7,13,20,21,44,8
983,13,23,26,31,35,43,10
984,3,10,23,35,36,37,7
985,17,21,23,30,34,44,10
986,7,10,16,28,41,42,10
987,2,4,15,23,29,38,10
988,2,13,20,30,31,41,9
989,17,18,21,27,29,33,4
990,2,4,25,26,36,37,14
991,13,18,25,31,33,44,8
992,12,20,26,33,44,45,12
993,6,14,16,18,24,42,6
994,1,3,8,24,27,35,12
995,1,4,13,29,38,39,7
996,6,11,15,24,32,39,18
997,4,7,14,16,24,44,19
998,13,17,18,20,42,45,12
999,1,3,9,14,18,28,16
1000,2,8,19,22,32,42,22
1001,6,10,12,14,20,42,12
1002,17,25,33,35,38,45,8
1003,1,4,29,39,43,45,14
1004,7,15,30,37,39,44,10
1005,8,13,18,24,27,29,12
1006,8,11,15,16,17,37,9
1007,8,11,16,19,21,25,9
1008,9,11,30,31,41,44,11
1009,15,23,29,34,40,44,15
1010,9,12,15,25,34,36,8
1011,1,9,12,26,35,38,11
1012,5,11,18,20,35,45,13
1013,21,22,26,34,36,41,5
1014,3,11,14,18,26,27,10
1015,14,23,31,33,37,40,8
1016,15,26,28,34,41,42,11
1017,12,18,22,23,30,34,7
1018,3,19,21,25,37,45,2
1019,1,4,13,17,34,39,50
1020,12,27,29,38,41,45,13
1021,12,15,17,24,29,45,12
1022,5,6,11,29,42,45,5
1023,10,14,16,18,29,35,9
1024,9,18,20,22,38,44,8
1025,8,9,20,25,29,33,4
1026,5,12,13,31,32,41,15
1027,14,16,27,35,39,45,10
1028,5,7,12,13,18,35,20
1029,12,30,32,37,39,41,10
1030,2,5,11,17,24,29,19
1031,6,7,22,32,35,36,8
1032,1,6,12,19,36,42,10
1033,3,11,15,20,35,44,13
1034,26,31,32,33,38,40,9
1035,9,14,34,35,41,42,8
1036,2,5,22,32,34,45,9
1037,2,14,15,22,27,33,15
1038,7,16,24,27,37,44,15
1039,2,3,6,19,36,39,16
1040,8,16,26,29,31,36,7
1041,6,7,9,11,17,18,25
1042,5,14,15,23,34,43,20
1043,3,5,12,22,26,31,17
1044,12,17,20,26,28,36,8
1045,6,14,15,19,21,41,13
1046,7,16,25,29,35,36,12
1047,2,20,33,40,42,44,9
1048,6,12,17,21,32,39,17
1049,3,5,13,20,21,37,15
1050,6,12,31,35,38,43,17
1051,21,26,30,32,33,35,18
1052,5,17,26,27,35,38,11
1053,22,26,29,30,34,45,7
1054,14,19,27,28,30,45,9
1055,4,7,12,14,22,33,11
1056,13,20,24,32,36,45,14
1057,8,13,19,27,40,45,17
1058,11,23,25,30,32,40,13
1059,7,10,22,25,34,40,13
1060,3,10,24,33,38,45,28
1061,4,24,27,35,37,45,11
1062,20,31,32,40,41,45,7
1063,3,6,22,23,24,38,7
1064,3,6,9,18,22,35,19
1065,3,18,19,23,32,45,14
1066,6,11,16,19,21,32,15
1067,7,10,19,23,28,33,13
1068,4,7,19,26,33,35,19
1069,1,10,18,22,28,31,14
1070,3,6,14,22,30,41,14
1071,1,2,11,21,30,35,5
1072,16,18,20,23,32,43,12
1073,6,18,28,30,32,38,11
1074,1,6,20,27,28,41,12
1075,1,23,24,35,44,45,9
1076,3,7,9,33,36,37,9
1077,4,8,17,30,40,43,7
1078,6,10,11,14,36,38,12
1079,4,8,18,24,37,45,9
1080,13,16,23,31,36,44,7
1081,1,9,16,23,24,38,11
1082,21,26,27,32,34,42,7
1083,3,7,14,15,22,38,15
1084,8,12,13,29,33,42,15
1085,4,7,17,18,38,44,23
1086,11,16,25,27,35,36,17
1087,13,14,18,21,34,44,16
1088,11,21,22,30,39,44,11
1089,4,18,31,37,42,43,9
1090,12,19,21,29,40,45,11
1091,6,20,23,24,28,30,9
1092,7,18,19,26,33,45,16
1093,10,17,22,30,35,43,13
1094,6,7,15,22,26,40,12
1095,8,14,28,29,34,40,10
1096,1,12,16,19,23,43,10
1097,14,33,34,35,37,40,7
1098,12,16,21,24,41,43,13
1099,3,20,28,38,40,43,9
1100,17,26,29,30,31,43,13
1101,6,7,13,28,36,42,13
1102,13,14,22,26,37,38,20
1103,10,12,29,31,40,44,17
1104,1,7,21,30,35,38,15
1105,6,16,34,37,39,40,15
1106,1,3,4,29,42,45,11
1107,6,14,30,31,40,41,14
1108,7,19,26,37,39,44,14
1109,10,12,13,19,33,40,17
1110,3,7,11,20,22,41,16
1111,3,13,30,33,43,45,16
1112,16,20,26,36,42,44,10
1113,11,13,20,21,32,44,14
1114,10,16,19,32,33,38,17
1115,7,12,23,32,34,36,12
1116,15,16,17,25,30,31,10
1117,3,4,9,30,33,36,9
1118,11,13,14,15,16,45,19
1119,1,9,12,13,20,45,19
1120,2,19,26,31,38,41,11
1121,6,24,31,32,38,44,11
1122,3,6,21,30,34,35,11
1123,13,19,21,24,34,35,16
1124,3,8,17,30,33,34,10
1125,6,14,25,33,40,44,12
1126,4,5,9,11,37,40,11
1127,10,15,24,30,31,37,12
1128,1,5,8,16,28,33,63
1129,5,10,11,17,28,34,11
1130,15,19,21,25,27,28,12
1131,1,2,6,14,27,38,17
1132,6,7,19,28,34,41,11
1133,13,14,20,28,29,34,13
1134,3,7,9,13,19,24,14
1135,1,6,13,19,21,33,9
1136,21,33,35,38,42,44,12
1137,4,9,12,15,33,45,14
1138,14,16,19,20,29,34,14
1139,5,12,15,30,37,40,13
1140,7,10,22,29,31,38,12
1141,7,11,12,21,26,35,11
1142,2,8,28,30,37,41,9
1143,10,16,17,27,28,36,11
1144,3,4,12,15,26,34,18
1145,2,11,31,33,37,44,9
1146,6,11,17,19,40,43,11
1147,7,11,24,26,27,37,8
1148,3,6,13,15,16,22,13
1149,8,15,19,21,32,36,17
1150,8,9,18,35,39,45,17
1151,2,3,9,15,27,29,17
1152,30,31,32,35,36,37,35
1153,1,9,10,13,35,44,15
1154,4,8,22,26,32,38,15
1155,10,16,19,27,37,38,7
1156,30,31,34,39,41,45,21
1157,5,7,12,20,25,26,12
1158,21,25,27,32,37,38,21
1159,3,9,27,28,38,39,23
1160,7,13,18,36,39,45,12
1161,2,12,20,24,34,42,16
1162,20,21,22,25,28,29,36
1163,2,13,15,16,33,43,15
1164,17,18,23,25,38,39,13
1165,6,7,27,29,38,45,13
1166,14,23,25,27,29,42,14
1167,8,23,31,35,39,40,10
1168,9,21,24,30,33,37,13
1169,5,12,24,26,39,42,10
1170,3,13,28,34,38,42,20
1171,3,6,7,11,12,17,21
1172,7,9,24,40,42,44,13
1173,1,5,18,20,30,35,24
1174,8,11,14,17,36,39,15
1175,3,4,6,8,32,42,20
1176,7,9,11,21,30,35,13
1177,3,7,15,16,19,43,6
1178,5,6,11,27,43,44,12
1179,3,16,18,24,40,44,13
1180,6,12,18,37,40,41,11
1181,8,10,14,20,33,41,17
1182,1,13,21,25,28,31,13
1183,4,15,17,23,27,36,13
1184,14,16,23,25,31,37,15
1185,6,17,22,28,29,32,12
1186,2,8,13,16,23,28,14
1187,5,13,26,29,37,40,11
1188,3,4,12,19,22,27,24
1189,9,19,29,35,37,38,13
1190,7,9,19,23,26,45,6
1191,1,4,11,12,20,41,18
1192,10,16,23,36,39,40,29
1193,6,9,16,19,24,28,16
1194,3,13,15,24,33,37,28
1195,3,15,27,33,34,36,10
1196,8,12,15,29,40,45,15
1197,1,5,7,26,28,43,13
1198,26,30,33,38,39,41,10
1199,16,24,25,30,31,32,17
1200,1,2,4,16,20,32,12
1201,7,9,24,27,35,36,19
1202,5,12,21,33,37,40,14
1203,3,6,18,29,35,39,21
1204,8,16,28,30,31,44,18
1205,1,4,16,23,31,41,10
1206,1,3,17,26,27,42,15
1207,10,22,24,27,38,45,17
1208,6,27,30,36,38,42,6
1209,2,17,20,35,37,39,22
1210,1,7,9,17,27,38,24
1211,23,26,27,35,38,40,14
1212,5,8,25,31,41,44,12
1213,5,11,25,27,36,38,18
1214,10,15,19,27,30,33,12
1215,13,15,19,21,44,45,16
1216,3,10,14,15,23,24,14
1217,8,10,15,20,29,31,14
1218,3,28,31,32,42,45,18
1219,1,2,15,28,39,45,12
1220,2,22,25,28,34,43,14
1221,6,13,18,28,30,36,16
1222,4,11,17,22,32,41,24
1223,16,18,20,32,33,39,16
1224,9,18,21,27,44,45,12
1225,8,9,19,25,41,42,13
1226,4,6,13,17,26,28,10
1227,1,14,16,34,41,44,11
1228,24,29,30,31,35,44,11
1229,12,13,29,34,37,42,8
1230,3,8,9,22,28,42,16
1231,4,13,14,18,31,38,17
1232,12,15,19,22,24,36,11
1233,2,7,20,25,37,40,31
1234,1,15,19,31,35,43,18
1235,6,7,11,15,39,43,9
1236,12,18,21,29,34,38,11
1237,10,20,23,34,37,40,23
1238,2,13,18,32,38,42,23
